id,username,created_at,score,reasons,like_raid_hits,largest_like_raid,created_bucket_user_count,created_bucket_sequential_count
"50730e96-df3c-4cb7-b64b-5e11456edc01","twitninfuser0001","2026-07-22T03:02:04.208Z","100","like_raid_coordonne|account_farm_creation_massive","7","3370","3370","3369"
"9f7e80b0-e334-465c-a6a3-d390c54c4f9b","twitninfuser0002","2026-07-22T03:02:04.208Z","100","like_raid_coordonne|account_farm_creation_massive","7","3370","3370","3369"
"657b84a3-f687-4621-90c0-a015741a83df","twitninfuser0003","2026-07-22T03:02:04.208Z","100","like_raid_coordonne|account_farm_creation_massive","7","3370","3370","3369"
"a853abf5-f8ef-445f-b941-bdaf20d06c0f","twitninfuser0004","2026-07-22T03:02:04.208Z","100","like_raid_coordonne|account_farm_creation_massive","7","3370","3370","3369"
"c8542755-0642-49d9-a6ab-a51ec63d7b01","twitninfuser0005","2026-07-22T03:02:04.208Z","100","like_raid_coordonne|account_farm_creation_massive","7","3370","3370","3369"
"680ffead-eca9-4c87-865b-b1a6195d5410","twitninfuser0006","2026-07-22T03:02:04.208Z","100","like_raid_coordonne|account_farm_creation_massive","7","3370","3370","3369"
"d32db224-5873-4c09-8455-e6ebdb1c690a","twitninfuser0007","2026-07-22T03:02:04.208Z","100","like_raid_coordonne|account_farm_creation_massive","7","3370","3370","3369"
"4d7f9de7-a91e-42c3-a096-d2e873cdf9d4","twitninfuser0008","2026-07-22T03:02:04.208Z","100","like_raid_coordonne|account_farm_creation_massive","7","3370","3370","3369"
"18e5cd7d-8f5d-4443-b866-84c3d8b64ed2","twitninfuser0009","2026-07-22T03:02:04.208Z","100","like_raid_coordonne|account_farm_creation_massive","7","3370","3370","3369"
"909c8dbc-1e87-4285-93e9-3e1597332a96","twitninfuser0010","2026-07-22T03:02:04.209Z","100","like_raid_coordonne|account_farm_creation_massive","7","3370","3370","3369"
"01c94c5d-05ef-4055-809b-ba65de6025f6","twitninfuser0011","2026-07-22T03:02:04.209Z","100","like_raid_coordonne|account_farm_creation_massive","7","3370","3370","3369"
"de74d2fe-1b7a-4cc0-8270-f7681ae77ea4","twitninfuser0012","2026-07-22T03:02:04.209Z","100","like_raid_coordonne|account_farm_creation_massive","7","3370","3370","3369"
"5c93fd0b-5b53-4d92-bdb1-65b3d078ce33","twitninfuser0013","2026-07-22T03:02:04.209Z","100","like_raid_coordonne|account_farm_creation_massive","7","3370","3370","3369"
"b41fac19-c89e-43cf-bbc0-bfce0a6e9a4e","twitninfuser0014","2026-07-22T03:02:04.209Z","100","like_raid_coordonne|account_farm_creation_massive","7","3370","3370","3369"
"5c07d060-94cc-490d-985a-c6df3253136e","twitninfuser0015","2026-07-22T03:02:04.209Z","100","like_raid_coordonne|account_farm_creation_massive","7","3370","3370","3369"
"6680d191-98d4-4a90-a372-a5bb75a8bc92","twitninfuser0016","2026-07-22T03:02:04.209Z","100","like_raid_coordonne|account_farm_creation_massive","7","3370","3370","3369"
"9ec48ebc-3f32-41ae-b94e-ab0a41f52611","twitninfuser0017","2026-07-22T03:02:04.209Z","100","like_raid_coordonne|account_farm_creation_massive","7","3370","3370","3369"
"7f475e00-36e2-474e-b4a9-e1823964c407","twitninfuser0018","2026-07-22T03:02:04.209Z","100","like_raid_coordonne|account_farm_creation_massive","7","3370","3370","3369"
"76715c6e-41e2-4114-b081-5e73eb2ada5a","twitninfuser0019","2026-07-22T03:02:04.209Z","100","like_raid_coordonne|account_farm_creation_massive","7","3370","3370","3369"
"3ed1f06e-f299-4b8e-9387-37fad1651dad","twitninfuser0020","2026-07-22T03:02:04.209Z","100","like_raid_coordonne|account_farm_creation_massive","7","3370","3370","3369"
"5a8938d5-8a9a-4e29-9d68-4f9bde6285da","twitninfuser0021","2026-07-22T03:02:04.209Z","100","like_raid_coordonne|account_farm_creation_massive","7","3370","3370","3369"
"329da42f-352c-4832-9b41-1c8eefd52a8f","twitninfuser0022","2026-07-22T03:02:04.209Z","100","like_raid_coordonne|account_farm_creation_massive","7","3370","3370","3369"
"040c70f2-2985-4fb0-9423-64e40df03fce","twitninfuser0023","2026-07-22T03:02:04.209Z","100","like_raid_coordonne|account_farm_creation_massive","7","3370","3370","3369"
"484efdb5-4009-40de-84b4-ed10afa86a2b","twitninfuser0024","2026-07-22T03:02:04.209Z","100","like_raid_coordonne|account_farm_creation_massive","7","3370","3370","3369"
"a653abff-0f88-46e3-8d9d-a38f7023800c","twitninfuser0025","2026-07-22T03:02:04.209Z","100","like_raid_coordonne|account_farm_creation_massive","7","3370","3370","3369"
"23170203-ad5a-4356-887d-b176ac84e875","twitninfuser0026","2026-07-22T03:02:04.209Z","100","like_raid_coordonne|account_farm_creation_massive","7","3370","3370","3369"
"1bcf9ed9-28cd-4d39-8019-150140bb8e73","twitninfuser0027","2026-07-22T03:02:04.209Z","100","like_raid_coordonne|account_farm_creation_massive","7","3370","3370","3369"
"b52423af-2c1e-4048-9649-8b8d6290606f","twitninfuser0028","2026-07-22T03:02:04.209Z","100","like_raid_coordonne|account_farm_creation_massive","7","3370","3370","3369"
"d06796c4-fafd-4e40-ad5c-12cbd7c487fd","twitninfuser0029","2026-07-22T03:02:04.209Z","100","like_raid_coordonne|account_farm_creation_massive","7","3370","3370","3369"
"18b02589-3743-40c1-845f-15bc8b56cfc6","twitninfuser0030","2026-07-22T03:02:04.209Z","100","like_raid_coordonne|account_farm_creation_massive","7","3370","3370","3369"
"5ad088d9-e64b-4f2a-a802-b218cb2e73c1","twitninfuser0031","2026-07-22T03:02:04.209Z","100","like_raid_coordonne|account_farm_creation_massive","7","3370","3370","3369"
"1156439b-5409-4a9f-b018-557a6a3b8fd0","twitninfuser0032","2026-07-22T03:02:04.209Z","100","like_raid_coordonne|account_farm_creation_massive","7","3370","3370","3369"
"83bf65cc-1673-4527-82db-784c1a2ee323","twitninfuser0033","2026-07-22T03:02:04.209Z","100","like_raid_coordonne|account_farm_creation_massive","7","3370","3370","3369"
"bf9d9886-04b6-4fc8-8c70-7355611d7381","twitninfuser0034","2026-07-22T03:02:04.209Z","100","like_raid_coordonne|account_farm_creation_massive","7","3370","3370","3369"
"111aed3d-373d-4a01-9807-1ba23e7fbe34","twitninfuser0035","2026-07-22T03:02:04.209Z","100","like_raid_coordonne|account_farm_creation_massive","7","3370","3370","3369"
"150276ca-ad23-4707-9fdd-4b9dc99f89cf","twitninfuser0036","2026-07-22T03:02:04.209Z","100","like_raid_coordonne|account_farm_creation_massive","7","3370","3370","3369"
"945a1be2-754e-4f35-8315-6c35fcf1a434","twitninfuser0037","2026-07-22T03:02:04.209Z","100","like_raid_coordonne|account_farm_creation_massive","7","3370","3370","3369"
"636f407b-eae5-4ca9-9d1a-55aa2c9fcebb","twitninfuser0038","2026-07-22T03:02:04.209Z","100","like_raid_coordonne|account_farm_creation_massive","7","3370","3370","3369"
"c1c8d490-5c46-4a52-8e71-09732b29662d","twitninfuser0039","2026-07-22T03:02:04.209Z","100","like_raid_coordonne|account_farm_creation_massive","7","3370","3370","3369"
"c928b5a2-b333-4d50-bdbb-76f286a3bfda","twitninfuser0040","2026-07-22T03:02:04.209Z","100","like_raid_coordonne|account_farm_creation_massive","7","3370","3370","3369"
"e7ca4b2a-7615-4a28-821c-2b061956d5fb","twitninfuser0041","2026-07-22T03:02:04.209Z","100","like_raid_coordonne|account_farm_creation_massive","7","3370","3370","3369"
"ca705de7-b4fd-4c23-ae16-46df2e802240","twitninfuser0042","2026-07-22T03:02:04.209Z","100","like_raid_coordonne|account_farm_creation_massive","7","3370","3370","3369"
"b90dca4d-06a7-4d4c-a470-ac7b7167a187","twitninfuser0043","2026-07-22T03:02:04.209Z","100","like_raid_coordonne|account_farm_creation_massive","7","3370","3370","3369"
"0cc7497a-85a8-4256-8e8f-00c48203f634","twitninfuser0044","2026-07-22T03:02:04.209Z","100","like_raid_coordonne|account_farm_creation_massive","7","3370","3370","3369"
"70e6bb59-9ca5-4def-a1c8-2158b99bda72","twitninfuser0045","2026-07-22T03:02:04.209Z","100","like_raid_coordonne|account_farm_creation_massive","7","3370","3370","3369"
"ebc56712-de06-42c5-a276-75d728cfc193","twitninfuser0046","2026-07-22T03:02:04.209Z","100","like_raid_coordonne|account_farm_creation_massive","7","3370","3370","3369"
"831d231a-0202-4c55-b378-33986cb207c9","twitninfuser0047","2026-07-22T03:02:04.209Z","100","like_raid_coordonne|account_farm_creation_massive","7","3370","3370","3369"
"17e7d1ba-ffbb-4d19-b3fd-825b02862daa","twitninfuser0048","2026-07-22T03:02:04.209Z","100","like_raid_coordonne|account_farm_creation_massive","7","3370","3370","3369"
"2ed830e4-2b7c-4043-8a62-e44eb0aad9f8","twitninfuser0049","2026-07-22T03:02:04.209Z","100","like_raid_coordonne|account_farm_creation_massive","7","3370","3370","3369"
"6c31a1dd-1774-4d02-a547-4baba36a9e24","twitninfuser0050","2026-07-22T03:02:04.209Z","100","like_raid_coordonne|account_farm_creation_massive","7","3370","3370","3369"
"2b33426e-4fe0-4343-8fe4-548259ffd63c","twitninfuser0051","2026-07-22T03:02:04.209Z","100","like_raid_coordonne|account_farm_creation_massive","7","3370","3370","3369"
"044a6704-1604-4923-8613-bd677a485d37","twitninfuser0052","2026-07-22T03:02:04.209Z","100","like_raid_coordonne|account_farm_creation_massive","7","3370","3370","3369"
"25c9d64c-e178-42df-aa84-225e314fb26e","twitninfuser0053","2026-07-22T03:02:04.209Z","100","like_raid_coordonne|account_farm_creation_massive","7","3370","3370","3369"
"ed09cbbc-d277-4a8a-ad24-843c3353b3e4","twitninfuser0054","2026-07-22T03:02:04.209Z","100","like_raid_coordonne|account_farm_creation_massive","7","3370","3370","3369"
"0b3a2b84-2461-4c98-a175-a638974669b5","twitninfuser0055","2026-07-22T03:02:04.209Z","100","like_raid_coordonne|account_farm_creation_massive","7","3370","3370","3369"
"3c4826a4-081b-4c5e-8656-d4df8ce61ddf","twitninfuser0056","2026-07-22T03:02:04.209Z","100","like_raid_coordonne|account_farm_creation_massive","7","3370","3370","3369"
"58a8216b-43e9-4c77-b44a-b95ca672abe0","twitninfuser0057","2026-07-22T03:02:04.209Z","100","like_raid_coordonne|account_farm_creation_massive","7","3370","3370","3369"
"b76f6aa5-ad19-4b89-a44a-53520f2a84ef","twitninfuser0058","2026-07-22T03:02:04.209Z","100","like_raid_coordonne|account_farm_creation_massive","7","3370","3370","3369"
"43dc234c-1230-4857-a5ec-d058e602bd55","twitninfuser0059","2026-07-22T03:02:04.209Z","100","like_raid_coordonne|account_farm_creation_massive","7","3370","3370","3369"
"35a3d5cf-48a8-4c91-8651-d5d7f73e83fc","twitninfuser0060","2026-07-22T03:02:04.209Z","100","like_raid_coordonne|account_farm_creation_massive","7","3370","3370","3369"
"da652f8c-f0b3-4129-a8f4-7f89f18134e1","twitninfuser0061","2026-07-22T03:02:04.209Z","100","like_raid_coordonne|account_farm_creation_massive","7","3370","3370","3369"
"3110c981-c158-4748-ae4a-1058686bc1bc","twitninfuser0062","2026-07-22T03:02:04.209Z","100","like_raid_coordonne|account_farm_creation_massive","7","3370","3370","3369"
"21e430bb-9a30-4b7d-a267-b9f8dc6747bc","twitninfuser0063","2026-07-22T03:02:04.209Z","100","like_raid_coordonne|account_farm_creation_massive","7","3370","3370","3369"
"371a8e56-aead-4ae0-ba78-2fe22c8af0c7","twitninfuser0064","2026-07-22T03:02:04.209Z","100","like_raid_coordonne|account_farm_creation_massive","7","3370","3370","3369"
"abe16d9d-9256-46d5-b8ff-7f590e55d2fb","twitninfuser0065","2026-07-22T03:02:04.209Z","100","like_raid_coordonne|account_farm_creation_massive","7","3370","3370","3369"
"3c6c7908-7c38-45c0-b7c6-9eb90a9bc44a","twitninfuser0066","2026-07-22T03:02:04.209Z","100","like_raid_coordonne|account_farm_creation_massive","7","3370","3370","3369"
"e1ff737e-8090-4a0f-9314-23384cff1b84","twitninfuser0067","2026-07-22T03:02:04.209Z","100","like_raid_coordonne|account_farm_creation_massive","7","3370","3370","3369"
"aacd9e53-f05d-4a10-911a-c8c8b3aac9aa","twitninfuser0068","2026-07-22T03:02:04.209Z","100","like_raid_coordonne|account_farm_creation_massive","7","3370","3370","3369"
"1a1825b6-8ee8-4f83-964f-c65eab87111c","twitninfuser0069","2026-07-22T03:02:04.209Z","100","like_raid_coordonne|account_farm_creation_massive","7","3370","3370","3369"
"ae4343e9-7516-4a95-ba44-31d73deb2b52","twitninfuser0070","2026-07-22T03:02:04.209Z","100","like_raid_coordonne|account_farm_creation_massive","7","3370","3370","3369"
"2032ae19-3b97-464c-82df-8f4dd7d35a55","twitninfuser0071","2026-07-22T03:02:04.209Z","100","like_raid_coordonne|account_farm_creation_massive","7","3370","3370","3369"
"3a671a2a-a564-4cf9-bcb8-a463c0d71e52","twitninfuser0072","2026-07-22T03:02:04.209Z","100","like_raid_coordonne|account_farm_creation_massive","7","3370","3370","3369"
"cc768117-78d9-4d5c-92ff-8da87b82a9e1","twitninfuser0073","2026-07-22T03:02:04.209Z","100","like_raid_coordonne|account_farm_creation_massive","7","3370","3370","3369"
"3ad18993-1db6-4fe2-9ee5-c83000ac2ecd","twitninfuser0074","2026-07-22T03:02:04.209Z","100","like_raid_coordonne|account_farm_creation_massive","7","3370","3370","3369"
"93f93a27-c1a8-436a-b802-bd716b4789db","twitninfuser0075","2026-07-22T03:02:04.209Z","100","like_raid_coordonne|account_farm_creation_massive","7","3370","3370","3369"
"1716184a-f93a-44cc-86b1-45a09df0ba07","twitninfuser0076","2026-07-22T03:02:04.209Z","100","like_raid_coordonne|account_farm_creation_massive","7","3370","3370","3369"
"1a4d3fbf-92ab-4a10-a2b7-725d556dd80c","twitninfuser0077","2026-07-22T03:02:04.209Z","100","like_raid_coordonne|account_farm_creation_massive","7","3370","3370","3369"
"a71ba834-c863-4f7f-b781-730e9c0713bb","twitninfuser0078","2026-07-22T03:02:04.209Z","100","like_raid_coordonne|account_farm_creation_massive","7","3370","3370","3369"
"a84d0556-0dd3-4df1-a9ae-d9d6280a8720","twitninfuser0079","2026-07-22T03:02:04.209Z","100","like_raid_coordonne|account_farm_creation_massive","7","3370","3370","3369"
"64ea7806-7948-4426-99c0-5ad2df1eed3c","twitninfuser0080","2026-07-22T03:02:04.209Z","100","like_raid_coordonne|account_farm_creation_massive","7","3370","3370","3369"
"0a3814b3-c021-4618-80eb-ad22272f5283","twitninfuser0081","2026-07-22T03:02:04.209Z","100","like_raid_coordonne|account_farm_creation_massive","7","3370","3370","3369"
"868da9bd-5600-46e6-830a-b1b10efccc84","twitninfuser0082","2026-07-22T03:02:04.209Z","100","like_raid_coordonne|account_farm_creation_massive","7","3370","3370","3369"
"2cdd0432-2eca-4bb7-854d-58379c7093d6","twitninfuser0083","2026-07-22T03:02:04.209Z","100","like_raid_coordonne|account_farm_creation_massive","7","3370","3370","3369"
"6b86f6df-0423-496c-a496-fc36b039dabe","twitninfuser0084","2026-07-22T03:02:04.209Z","100","like_raid_coordonne|account_farm_creation_massive","7","3370","3370","3369"
"f731fd34-ceab-42f7-bb72-4aa9bc1607b7","twitninfuser0085","2026-07-22T03:02:04.209Z","100","like_raid_coordonne|account_farm_creation_massive","7","3370","3370","3369"
"c0d1d9f5-7788-4dc7-aef0-0cc23f42cdad","twitninfuser0086","2026-07-22T03:02:04.209Z","100","like_raid_coordonne|account_farm_creation_massive","7","3370","3370","3369"
"913453db-a8ea-4f27-bbcb-5b286d303137","twitninfuser0087","2026-07-22T03:02:04.209Z","100","like_raid_coordonne|account_farm_creation_massive","7","3370","3370","3369"
"1c540584-e793-47e3-b39e-3e0b6fafcd0e","twitninfuser0088","2026-07-22T03:02:04.209Z","100","like_raid_coordonne|account_farm_creation_massive","7","3370","3370","3369"
"2d62c13f-6bd7-4a2c-aa82-97c2294b877d","twitninfuser0089","2026-07-22T03:02:04.209Z","100","like_raid_coordonne|account_farm_creation_massive","7","3370","3370","3369"
"5886db40-e25f-4934-aa1f-7f8e7ac97f9e","twitninfuser0090","2026-07-22T03:02:04.209Z","100","like_raid_coordonne|account_farm_creation_massive","7","3370","3370","3369"
"d060b3c5-5a41-4c25-9ee0-456ffb43675d","twitninfuser0091","2026-07-22T03:02:04.209Z","100","like_raid_coordonne|account_farm_creation_massive","7","3370","3370","3369"
"acd57a72-40dd-436c-bd15-2eedeb862725","twitninfuser0092","2026-07-22T03:02:04.209Z","100","like_raid_coordonne|account_farm_creation_massive","7","3370","3370","3369"
"ea841b54-98b1-42b4-9085-52563294ee34","twitninfuser0093","2026-07-22T03:02:04.209Z","100","like_raid_coordonne|account_farm_creation_massive","7","3370","3370","3369"
"e4ec2641-496a-4418-9f42-149df6fbf5d6","twitninfuser0094","2026-07-22T03:02:04.209Z","100","like_raid_coordonne|account_farm_creation_massive","7","3370","3370","3369"
"325ee39d-effb-4a41-afa9-72bf844aeeb6","twitninfuser0095","2026-07-22T03:02:04.209Z","100","like_raid_coordonne|account_farm_creation_massive","7","3370","3370","3369"
"d049d64a-2a01-48ca-89cc-b2b3b1ae4bca","twitninfuser0096","2026-07-22T03:02:04.209Z","100","like_raid_coordonne|account_farm_creation_massive","6","3370","3370","3369"
"65087535-ca41-4234-821b-2cd3f1571de4","twitninfuser0097","2026-07-22T03:02:04.209Z","100","like_raid_coordonne|account_farm_creation_massive","6","3370","3370","3369"
"49fecac8-0cd4-4c34-99a5-c182be15bbe1","twitninfuser0098","2026-07-22T03:02:04.209Z","100","like_raid_coordonne|account_farm_creation_massive","6","3370","3370","3369"
"962fed2a-d669-4d5d-974c-ac8302d2ff86","twitninfuser0099","2026-07-22T03:02:04.209Z","100","like_raid_coordonne|account_farm_creation_massive","6","3370","3370","3369"
"fc3717c6-304c-432a-956a-d63d8245527b","twitninfuser0100","2026-07-22T03:02:04.209Z","100","like_raid_coordonne|account_farm_creation_massive","6","3370","3370","3369"
"c30525cd-3e56-4cdd-acac-2ca13801cc2d","twitninfuser0101","2026-07-22T03:02:04.209Z","100","like_raid_coordonne|account_farm_creation_massive","6","3370","3370","3369"
"bbf23792-ef40-46bd-9fe3-4f722fceb520","twitninfuser0102","2026-07-22T03:02:04.209Z","100","like_raid_coordonne|account_farm_creation_massive","6","3370","3370","3369"
"0920c8a1-fe59-4e99-8c71-6c6d60c65df2","twitninfuser0103","2026-07-22T03:02:04.209Z","100","like_raid_coordonne|account_farm_creation_massive","6","3370","3370","3369"
"a7ef7e67-12e0-4faf-b511-dd7e9d9edd73","twitninfuser0104","2026-07-22T03:02:04.209Z","100","like_raid_coordonne|account_farm_creation_massive","6","3370","3370","3369"
"6aed0d7d-2d45-4d1f-8112-8218263c281a","twitninfuser0105","2026-07-22T03:02:04.209Z","100","like_raid_coordonne|account_farm_creation_massive","6","3370","3370","3369"
"ad3db23d-1248-4c3a-ae54-d62cb62404ec","twitninfuser0106","2026-07-22T03:02:04.209Z","100","like_raid_coordonne|account_farm_creation_massive","6","3370","3370","3369"
"8e28608d-b2b3-4fc6-aa05-d3127be0bb95","twitninfuser0107","2026-07-22T03:02:04.209Z","100","like_raid_coordonne|account_farm_creation_massive","6","3370","3370","3369"
"6d7bdf02-73b0-4167-b877-bd576705283f","twitninfuser0108","2026-07-22T03:02:04.209Z","100","like_raid_coordonne|account_farm_creation_massive","6","3370","3370","3369"
"d67e5b9e-d2aa-4426-917e-712bdfeb9044","twitninfuser0109","2026-07-22T03:02:04.209Z","100","like_raid_coordonne|account_farm_creation_massive","6","3370","3370","3369"
"de68359b-2e8f-4b1f-a8a3-46774b776830","twitninfuser0110","2026-07-22T03:02:04.209Z","100","like_raid_coordonne|account_farm_creation_massive","6","3370","3370","3369"
"b7f0d851-73b0-4f74-9ffe-411323fd3ff6","twitninfuser0111","2026-07-22T03:02:04.209Z","100","like_raid_coordonne|account_farm_creation_massive","6","3370","3370","3369"
"8f3f23f9-1ae0-4e3f-bdaa-118db2cfc8f4","twitninfuser0112","2026-07-22T03:02:04.209Z","100","like_raid_coordonne|account_farm_creation_massive","6","3370","3370","3369"
"d01efd1e-a238-4be6-9f54-6c0cfd319133","twitninfuser0113","2026-07-22T03:02:04.209Z","100","like_raid_coordonne|account_farm_creation_massive","6","3370","3370","3369"
"81e41fb1-c2b7-49d3-a824-6c911c7d03f4","twitninfuser0114","2026-07-22T03:02:04.209Z","100","like_raid_coordonne|account_farm_creation_massive","6","3370","3370","3369"
"e62077ef-fb10-49b9-8146-5a51bf90f155","twitninfuser0115","2026-07-22T03:02:04.209Z","100","like_raid_coordonne|account_farm_creation_massive","6","3370","3370","3369"
"ff496c9c-a19e-4e76-8292-769dfd77b681","twitninfuser0116","2026-07-22T03:02:04.209Z","100","like_raid_coordonne|account_farm_creation_massive","6","3370","3370","3369"
"f7951d17-558e-4a05-91b9-907f86e4eb4e","twitninfuser0117","2026-07-22T03:02:04.209Z","100","like_raid_coordonne|account_farm_creation_massive","6","3370","3370","3369"
"5afcf4a1-47ac-4dc0-98f9-21a99c85b6cc","twitninfuser0118","2026-07-22T03:02:04.209Z","100","like_raid_coordonne|account_farm_creation_massive","6","3370","3370","3369"
"c9f590ba-ee14-404a-8530-c22969555ad5","twitninfuser0119","2026-07-22T03:02:04.209Z","100","like_raid_coordonne|account_farm_creation_massive","6","3370","3370","3369"
"eb049145-69ed-48f0-96be-1e52bba17b43","twitninfuser0120","2026-07-22T03:02:04.209Z","100","like_raid_coordonne|account_farm_creation_massive","6","3370","3370","3369"
"74e82531-0b1f-4f99-934b-1cf249da3545","twitninfuser0121","2026-07-22T03:02:04.209Z","100","like_raid_coordonne|account_farm_creation_massive","6","3370","3370","3369"
"15c9b9b9-c28e-4248-af55-fc38cdc2601b","twitninfuser0122","2026-07-22T03:02:04.209Z","100","like_raid_coordonne|account_farm_creation_massive","6","3370","3370","3369"
"78f80a14-cb15-436f-8bed-81bc49a0bf19","twitninfuser0123","2026-07-22T03:02:04.209Z","100","like_raid_coordonne|account_farm_creation_massive","6","3370","3370","3369"
"e4c34f7f-262c-4edb-8c87-4641e77a02b2","twitninfuser0124","2026-07-22T03:02:04.209Z","100","like_raid_coordonne|account_farm_creation_massive","6","3370","3370","3369"
"5a1834cf-18e9-4807-a86f-83b70cdfe0ca","twitninfuser0125","2026-07-22T03:02:04.209Z","100","like_raid_coordonne|account_farm_creation_massive","6","3370","3370","3369"
"a7d61037-7045-49a5-b3ab-f6b8dec1615b","twitninfuser0126","2026-07-22T03:02:04.209Z","100","like_raid_coordonne|account_farm_creation_massive","6","3370","3370","3369"
"62a6a61f-d528-4d2e-9ae8-62bf4ef9af1f","twitninfuser0127","2026-07-22T03:02:04.209Z","100","like_raid_coordonne|account_farm_creation_massive","6","3370","3370","3369"
"bfda448b-4257-4480-8a64-089a1e91724d","twitninfuser0128","2026-07-22T03:02:04.209Z","100","like_raid_coordonne|account_farm_creation_massive","6","3370","3370","3369"
"85a2edaf-6e47-4919-929e-d7217945f916","twitninfuser0129","2026-07-22T03:02:04.209Z","100","like_raid_coordonne|account_farm_creation_massive","6","3370","3370","3369"
"c3ac0239-131d-441e-bd4e-b05de3a3355c","twitninfuser0130","2026-07-22T03:02:04.209Z","100","like_raid_coordonne|account_farm_creation_massive","6","3370","3370","3369"
"e36b136f-e560-4f91-94db-c564b178d8ce","twitninfuser0131","2026-07-22T03:02:04.209Z","100","like_raid_coordonne|account_farm_creation_massive","6","3370","3370","3369"
"7a485a4e-ccd8-4752-a992-194a0e9741d8","twitninfuser0132","2026-07-22T03:02:04.209Z","100","like_raid_coordonne|account_farm_creation_massive","6","3370","3370","3369"
"f08180c3-e66c-483f-b042-41cc02b0f94a","twitninfuser0133","2026-07-22T03:02:04.209Z","100","like_raid_coordonne|account_farm_creation_massive","6","3370","3370","3369"
"c58041cc-127a-45ad-aaa4-cb624bf48285","twitninfuser0134","2026-07-22T03:02:04.209Z","100","like_raid_coordonne|account_farm_creation_massive","6","3370","3370","3369"
"655d9be6-2d1d-42a0-b0bb-d77d8dd9ec6e","twitninfuser0135","2026-07-22T03:02:04.209Z","100","like_raid_coordonne|account_farm_creation_massive","6","3370","3370","3369"
"ecf70b14-f8f8-431f-96d7-eba6aaba2eb6","twitninfuser0136","2026-07-22T03:02:04.209Z","100","like_raid_coordonne|account_farm_creation_massive","6","3370","3370","3369"
"9df5dca7-2f40-4b0c-a087-4bd1526141b0","twitninfuser0137","2026-07-22T03:02:04.209Z","100","like_raid_coordonne|account_farm_creation_massive","6","3370","3370","3369"
"36d98e96-9487-4c00-9a7d-a24990c7721f","twitninfuser0138","2026-07-22T03:02:04.209Z","100","like_raid_coordonne|account_farm_creation_massive","6","3370","3370","3369"
"ea808685-4300-43b3-b84b-a01ddc3f653e","twitninfuser0139","2026-07-22T03:02:04.209Z","100","like_raid_coordonne|account_farm_creation_massive","6","3370","3370","3369"
"76601e57-bc17-4a20-9d20-e835dcb579be","twitninfuser0140","2026-07-22T03:02:04.209Z","100","like_raid_coordonne|account_farm_creation_massive","6","3370","3370","3369"
"4bd83beb-0745-4253-abcb-19a4807f836a","twitninfuser0141","2026-07-22T03:02:04.209Z","100","like_raid_coordonne|account_farm_creation_massive","6","3370","3370","3369"
"8d022a8e-b1e6-4081-8952-55702b74a9b5","twitninfuser0142","2026-07-22T03:02:04.209Z","100","like_raid_coordonne|account_farm_creation_massive","6","3370","3370","3369"
"96f488d1-f319-4089-993a-fa62482f1570","twitninfuser0143","2026-07-22T03:02:04.209Z","100","like_raid_coordonne|account_farm_creation_massive","6","3370","3370","3369"
"2be6d575-712a-4114-b86a-73cec1713ad4","twitninfuser0144","2026-07-22T03:02:04.209Z","100","like_raid_coordonne|account_farm_creation_massive","6","3370","3370","3369"
"f8325b09-0c37-4a57-acc2-cbab12a13e47","twitninfuser0145","2026-07-22T03:02:04.209Z","100","like_raid_coordonne|account_farm_creation_massive","6","3370","3370","3369"
"29aee149-54f0-4721-b6c0-b0376489bbd0","twitninfuser0146","2026-07-22T03:02:04.209Z","100","like_raid_coordonne|account_farm_creation_massive","6","3370","3370","3369"
"1ce32bd0-fa98-47f4-b01a-d822e4b59af8","twitninfuser0147","2026-07-22T03:02:04.209Z","100","like_raid_coordonne|account_farm_creation_massive","6","3370","3370","3369"
"347b41bc-5d2c-4f63-9691-bf019373882a","twitninfuser0148","2026-07-22T03:02:04.209Z","100","like_raid_coordonne|account_farm_creation_massive","6","3370","3370","3369"
"3576af24-58b2-4ca4-9a7c-8d3aa7b69424","twitninfuser0149","2026-07-22T03:02:04.209Z","100","like_raid_coordonne|account_farm_creation_massive","6","3370","3370","3369"
"90cb5cc5-66b0-4f29-afd5-c29711d6cc22","twitninfuser0150","2026-07-22T03:02:04.209Z","100","like_raid_coordonne|account_farm_creation_massive","6","3370","3370","3369"
"6ff42241-069f-4ac1-b8ed-a904f69c567d","twitninfuser0151","2026-07-22T03:02:04.209Z","100","like_raid_coordonne|account_farm_creation_massive","6","3370","3370","3369"
"6531672e-1bf5-479e-8824-ff2ff8208318","twitninfuser0152","2026-07-22T03:02:04.209Z","100","like_raid_coordonne|account_farm_creation_massive","6","3370","3370","3369"
"7cd8d5ed-8291-461e-bdfc-4b3b047d9576","twitninfuser0153","2026-07-22T03:02:04.209Z","100","like_raid_coordonne|account_farm_creation_massive","6","3370","3370","3369"
"3525576a-e18f-4449-a801-282971b4f1a7","twitninfuser0154","2026-07-22T03:02:04.209Z","100","like_raid_coordonne|account_farm_creation_massive","6","3370","3370","3369"
"28f152d5-c81d-4310-a8fe-79238f736deb","twitninfuser0155","2026-07-22T03:02:04.209Z","100","like_raid_coordonne|account_farm_creation_massive","6","3370","3370","3369"
"eb3e5e94-665a-44e2-a980-77ec4ab886cc","twitninfuser0156","2026-07-22T03:02:04.209Z","100","like_raid_coordonne|account_farm_creation_massive","6","3370","3370","3369"
"38b620bc-8c2e-431b-a5b1-ff9ffb6ec30d","twitninfuser0157","2026-07-22T03:02:04.209Z","100","like_raid_coordonne|account_farm_creation_massive","6","3370","3370","3369"
"5f0cfa7a-04b2-441a-90f8-1847c7bfb4a3","twitninfuser0158","2026-07-22T03:02:04.209Z","100","like_raid_coordonne|account_farm_creation_massive","6","3370","3370","3369"
"08aef0d1-0424-4757-a0e3-2e98b16f6108","twitninfuser0159","2026-07-22T03:02:04.209Z","100","like_raid_coordonne|account_farm_creation_massive","6","3370","3370","3369"
"d21138e9-80ab-4c76-8330-6cd652edea2b","twitninfuser0160","2026-07-22T03:02:04.209Z","100","like_raid_coordonne|account_farm_creation_massive","6","3370","3370","3369"
"12bb1471-5066-43c8-b6b3-e80c01961b2a","twitninfuser0161","2026-07-22T03:02:04.209Z","100","like_raid_coordonne|account_farm_creation_massive","6","3370","3370","3369"
"beaf1c0c-787e-44f6-b596-3c768d5e2709","twitninfuser0162","2026-07-22T03:02:04.209Z","100","like_raid_coordonne|account_farm_creation_massive","6","3370","3370","3369"
"4100e3df-081a-4c90-9577-d7e76f59a71c","twitninfuser0163","2026-07-22T03:02:04.209Z","100","like_raid_coordonne|account_farm_creation_massive","6","3370","3370","3369"
"b831dc3f-6a86-4e5c-8b08-d900b1d79e99","twitninfuser0164","2026-07-22T03:02:04.209Z","100","like_raid_coordonne|account_farm_creation_massive","6","3370","3370","3369"
"3747de90-9194-4776-99f0-f7e76bd1137b","twitninfuser0165","2026-07-22T03:02:04.209Z","100","like_raid_coordonne|account_farm_creation_massive","6","3370","3370","3369"
"353fcf1c-3b7d-40a7-8c5a-4ee77f697d6a","twitninfuser0166","2026-07-22T03:02:04.209Z","100","like_raid_coordonne|account_farm_creation_massive","6","3370","3370","3369"
"98a9b25f-929c-4b3f-8bde-b9dad49a18f1","twitninfuser0167","2026-07-22T03:02:04.209Z","100","like_raid_coordonne|account_farm_creation_massive","6","3370","3370","3369"
"198a745b-a9b1-4113-b3e3-478f3bd609ee","twitninfuser0168","2026-07-22T03:02:04.209Z","100","like_raid_coordonne|account_farm_creation_massive","6","3370","3370","3369"
"22d44d0c-7392-4630-97d2-b2b81a5cc806","twitninfuser0169","2026-07-22T03:02:04.209Z","100","like_raid_coordonne|account_farm_creation_massive","6","3370","3370","3369"
"75e60e87-6410-4c7a-ae08-90e8caba79a3","twitninfuser0170","2026-07-22T03:02:04.209Z","100","like_raid_coordonne|account_farm_creation_massive","6","3370","3370","3369"
"b02798e8-2d60-48b4-adf0-8ecce1053617","twitninfuser0171","2026-07-22T03:02:04.209Z","100","like_raid_coordonne|account_farm_creation_massive","6","3370","3370","3369"
"ce09b317-c6ca-414c-9045-7b3b9b0f5e0b","twitninfuser0172","2026-07-22T03:02:04.209Z","100","like_raid_coordonne|account_farm_creation_massive","6","3370","3370","3369"
"5b07823d-f519-463f-884a-247d3509c480","twitninfuser0173","2026-07-22T03:02:04.209Z","100","like_raid_coordonne|account_farm_creation_massive","6","3370","3370","3369"
"f94eb027-f5a6-4870-ac0f-58abf719725b","twitninfuser0174","2026-07-22T03:02:04.209Z","100","like_raid_coordonne|account_farm_creation_massive","6","3370","3370","3369"
"a73a4e4e-8a31-4cff-b66a-5eb6b2db456e","twitninfuser0175","2026-07-22T03:02:04.209Z","100","like_raid_coordonne|account_farm_creation_massive","6","3370","3370","3369"
"12d346f4-5fca-4609-9180-61ee705d89d1","twitninfuser0176","2026-07-22T03:02:04.209Z","100","like_raid_coordonne|account_farm_creation_massive","6","3370","3370","3369"
"f431ec7b-cea7-49a2-bf23-07fb6b812677","twitninfuser0177","2026-07-22T03:02:04.209Z","100","like_raid_coordonne|account_farm_creation_massive","6","3370","3370","3369"
"74c16e12-a869-472e-b8b5-dea6a44fec7c","twitninfuser0178","2026-07-22T03:02:04.209Z","100","like_raid_coordonne|account_farm_creation_massive","6","3370","3370","3369"
"64c9a91d-12c0-443d-862b-1c54a4c1db11","twitninfuser0179","2026-07-22T03:02:04.209Z","100","like_raid_coordonne|account_farm_creation_massive","6","3370","3370","3369"
"fbfb87ba-3f6c-44ec-894d-529a5f61363a","twitninfuser0180","2026-07-22T03:02:04.209Z","100","like_raid_coordonne|account_farm_creation_massive","6","3370","3370","3369"
"f3b68dc6-7ce4-45e5-84cb-392e4936c0a8","twitninfuser0181","2026-07-22T03:02:04.209Z","100","like_raid_coordonne|account_farm_creation_massive","6","3370","3370","3369"
"78ef41c5-f6f4-4b0f-9993-d96564ecd145","twitninfuser0182","2026-07-22T03:02:04.209Z","100","like_raid_coordonne|account_farm_creation_massive","6","3370","3370","3369"
"13f96574-bf6d-4bce-bac8-168ca78c23f3","twitninfuser0183","2026-07-22T03:02:04.209Z","100","like_raid_coordonne|account_farm_creation_massive","6","3370","3370","3369"
"05197cb6-b5c5-4cc5-a7a1-21ba441c1543","twitninfuser0184","2026-07-22T03:02:04.209Z","100","like_raid_coordonne|account_farm_creation_massive","6","3370","3370","3369"
"cd841de5-c8ab-4c6d-822d-528fcdadeb6e","twitninfuser0185","2026-07-22T03:02:04.209Z","100","like_raid_coordonne|account_farm_creation_massive","6","3370","3370","3369"
"8102c133-7f57-409d-bd5b-791b0c0956be","twitninfuser0186","2026-07-22T03:02:04.209Z","100","like_raid_coordonne|account_farm_creation_massive","6","3370","3370","3369"
"b973091e-4e0f-4fd1-be20-f22827d0642b","twitninfuser0187","2026-07-22T03:02:04.209Z","100","like_raid_coordonne|account_farm_creation_massive","6","3370","3370","3369"
"51b4135b-467c-430e-b74c-be9b54bb872e","twitninfuser0188","2026-07-22T03:02:04.209Z","100","like_raid_coordonne|account_farm_creation_massive","6","3370","3370","3369"
"7e67a329-840a-4f7b-aef0-0e3c3b4da217","twitninfuser0189","2026-07-22T03:02:04.209Z","100","like_raid_coordonne|account_farm_creation_massive","6","3370","3370","3369"
"1d76c24e-f7c1-404d-b78a-85e192e88e70","twitninfuser0190","2026-07-22T03:02:04.209Z","100","like_raid_coordonne|account_farm_creation_massive","6","3370","3370","3369"
"3a61cf51-b182-4377-8d14-6af4de1a7bc6","twitninfuser0191","2026-07-22T03:02:04.209Z","100","like_raid_coordonne|account_farm_creation_massive","6","3370","3370","3369"
"09b8d7b1-514f-4f28-b3ef-871a0cc998d3","twitninfuser0192","2026-07-22T03:02:04.209Z","100","like_raid_coordonne|account_farm_creation_massive","6","3370","3370","3369"
"d14107da-5033-4e27-bbd6-3b88fbea4cfe","twitninfuser0193","2026-07-22T03:02:04.209Z","100","like_raid_coordonne|account_farm_creation_massive","6","3370","3370","3369"
"338393fe-1cd8-435e-82a2-ad9be1916deb","twitninfuser0194","2026-07-22T03:02:04.209Z","100","like_raid_coordonne|account_farm_creation_massive","6","3370","3370","3369"
"fe2e4ca5-f2a4-4cb7-9452-505affad0cd8","twitninfuser0195","2026-07-22T03:02:04.209Z","100","like_raid_coordonne|account_farm_creation_massive","6","3370","3370","3369"
"f97514f3-5f1e-496d-8674-72a04b0dce1a","twitninfuser0196","2026-07-22T03:02:04.209Z","100","like_raid_coordonne|account_farm_creation_massive","6","3370","3370","3369"
"b51a30ed-1bc6-4e5b-b1a4-81afb7e1b7b4","twitninfuser0197","2026-07-22T03:02:04.209Z","100","like_raid_coordonne|account_farm_creation_massive","6","3370","3370","3369"
"2c77d9ea-bcf4-4b7a-a6c5-eeb7b62bb6c5","twitninfuser0198","2026-07-22T03:02:04.209Z","100","like_raid_coordonne|account_farm_creation_massive","6","3370","3370","3369"
"ba7c56fd-eb7f-44c5-a284-ef2391198b2c","twitninfuser0199","2026-07-22T03:02:04.209Z","100","like_raid_coordonne|account_farm_creation_massive","6","3370","3370","3369"
"54e1a061-79f0-4d9a-9f9d-23b7bfe09098","twitninfuser0200","2026-07-22T03:02:04.209Z","100","like_raid_coordonne|account_farm_creation_massive","6","3370","3370","3369"
"ab7fcae8-be60-43d6-a539-5f878d0a27f3","twitninfuser0201","2026-07-22T03:02:04.209Z","100","like_raid_coordonne|account_farm_creation_massive","6","3370","3370","3369"
"8bd8e52f-a2de-46eb-9c61-dc3cb58f7456","twitninfuser0202","2026-07-22T03:02:04.209Z","100","like_raid_coordonne|account_farm_creation_massive","6","3370","3370","3369"
"8d7d5a14-4d0b-46a4-9635-ec316249b3dd","twitninfuser0203","2026-07-22T03:02:04.209Z","100","like_raid_coordonne|account_farm_creation_massive","6","3370","3370","3369"
"d39aa1c4-eeda-46a3-86e6-7a0803b79a75","twitninfuser0204","2026-07-22T03:02:04.209Z","100","like_raid_coordonne|account_farm_creation_massive","6","3370","3370","3369"
"1f0fd70d-f15c-48e1-ab8c-d113c828eae0","twitninfuser0205","2026-07-22T03:02:04.209Z","100","like_raid_coordonne|account_farm_creation_massive","6","3370","3370","3369"
"c05a9f74-0493-4b8b-a60b-815fd3b4ac03","twitninfuser0206","2026-07-22T03:02:04.209Z","100","like_raid_coordonne|account_farm_creation_massive","6","3370","3370","3369"
"3d7ba491-a1c2-4705-b1f8-3bbf6c858b54","twitninfuser0207","2026-07-22T03:02:04.209Z","100","like_raid_coordonne|account_farm_creation_massive","6","3370","3370","3369"
"c475cdd9-d2da-42ad-9638-60d6e7ac3a39","twitninfuser0208","2026-07-22T03:02:04.209Z","100","like_raid_coordonne|account_farm_creation_massive","6","3370","3370","3369"
"d0b7a689-e1fe-402b-b578-55d5f09b0161","twitninfuser0209","2026-07-22T03:02:04.209Z","100","like_raid_coordonne|account_farm_creation_massive","6","3370","3370","3369"
"d9728e54-bf39-4973-b2dd-8d39a55115be","twitninfuser0210","2026-07-22T03:02:04.209Z","100","like_raid_coordonne|account_farm_creation_massive","6","3370","3370","3369"
"3d0f3b6b-af6b-44c1-b106-29cb0c6f3372","twitninfuser0211","2026-07-22T03:02:04.209Z","100","like_raid_coordonne|account_farm_creation_massive","6","3370","3370","3369"
"339f7235-9576-491c-93e4-a2c5a01a2959","twitninfuser0212","2026-07-22T03:02:04.209Z","100","like_raid_coordonne|account_farm_creation_massive","6","3370","3370","3369"
"f8bfb8cc-c67a-4108-9678-1b6c6dd898ae","twitninfuser0213","2026-07-22T03:02:04.209Z","100","like_raid_coordonne|account_farm_creation_massive","6","3370","3370","3369"
"e2855716-d2eb-4ca8-ab60-44c724e07ae7","twitninfuser0214","2026-07-22T03:02:04.209Z","100","like_raid_coordonne|account_farm_creation_massive","6","3370","3370","3369"
"2b282c37-d8a9-4125-b31e-a38c31985afe","twitninfuser0215","2026-07-22T03:02:04.209Z","100","like_raid_coordonne|account_farm_creation_massive","6","3370","3370","3369"
"26b20056-1086-4d94-82df-27f848149d76","twitninfuser0216","2026-07-22T03:02:04.209Z","100","like_raid_coordonne|account_farm_creation_massive","6","3370","3370","3369"
"c0dfba4d-ce20-4c55-814d-46eab41f062d","twitninfuser0217","2026-07-22T03:02:04.209Z","100","like_raid_coordonne|account_farm_creation_massive","6","3370","3370","3369"
"483f087d-e2cb-4bdf-931f-b22682c55d48","twitninfuser0218","2026-07-22T03:02:04.209Z","100","like_raid_coordonne|account_farm_creation_massive","6","3370","3370","3369"
"6c4920c1-a40e-4890-8b15-c5c0a873acbb","twitninfuser0219","2026-07-22T03:02:04.209Z","100","like_raid_coordonne|account_farm_creation_massive","6","3370","3370","3369"
"db9bcc85-2fc1-46dc-b199-5a112e7778f0","twitninfuser0220","2026-07-22T03:02:04.209Z","100","like_raid_coordonne|account_farm_creation_massive","6","3370","3370","3369"
"b5e56d5e-9efc-4dce-bef8-79fa43ff2a5e","twitninfuser0221","2026-07-22T03:02:04.209Z","100","like_raid_coordonne|account_farm_creation_massive","6","3370","3370","3369"
"e1a993c0-5d23-4036-8902-2e01c693ae38","twitninfuser0222","2026-07-22T03:02:04.209Z","100","like_raid_coordonne|account_farm_creation_massive","6","3370","3370","3369"
"0eec17be-f81e-402d-b80f-c4283c79dab4","twitninfuser0223","2026-07-22T03:02:04.209Z","100","like_raid_coordonne|account_farm_creation_massive","6","3370","3370","3369"
"56066380-3fa8-4000-ac0c-44cdd1e93198","twitninfuser0224","2026-07-22T03:02:04.209Z","100","like_raid_coordonne|account_farm_creation_massive","6","3370","3370","3369"
"5f0e8e65-4fb8-4974-b415-f3990c08d546","twitninfuser0225","2026-07-22T03:02:04.209Z","100","like_raid_coordonne|account_farm_creation_massive","6","3370","3370","3369"
"568c2e4a-c21f-4bbe-a875-777d999611b5","twitninfuser0226","2026-07-22T03:02:04.209Z","100","like_raid_coordonne|account_farm_creation_massive","6","3370","3370","3369"
"78297e45-8ea3-4e45-abcb-61560cab718d","twitninfuser0227","2026-07-22T03:02:04.209Z","100","like_raid_coordonne|account_farm_creation_massive","6","3370","3370","3369"
"d4bcc2a3-d576-48c5-9f5d-572318654b37","twitninfuser0228","2026-07-22T03:02:04.209Z","100","like_raid_coordonne|account_farm_creation_massive","6","3370","3370","3369"
"456909ae-4139-40c1-803b-e1fa93a3a454","twitninfuser0229","2026-07-22T03:02:04.209Z","100","like_raid_coordonne|account_farm_creation_massive","6","3370","3370","3369"
"2534a5a9-d330-4fd9-bbcf-4448aa406ec2","twitninfuser0230","2026-07-22T03:02:04.209Z","100","like_raid_coordonne|account_farm_creation_massive","6","3370","3370","3369"
"6fdcd847-5bd9-4603-b18b-3e7efe6f9cb4","twitninfuser0231","2026-07-22T03:02:04.209Z","100","like_raid_coordonne|account_farm_creation_massive","6","3370","3370","3369"
"bc89dde5-2dbf-4289-a0b3-0b6d8d6100cd","twitninfuser0232","2026-07-22T03:02:04.209Z","100","like_raid_coordonne|account_farm_creation_massive","6","3370","3370","3369"
"d8d92944-2f0c-4b89-b932-c508a2cac4a9","twitninfuser0233","2026-07-22T03:02:04.209Z","100","like_raid_coordonne|account_farm_creation_massive","6","3370","3370","3369"
"c6e4e2e4-6a87-442a-9b28-191b63fb8259","twitninfuser0234","2026-07-22T03:02:04.209Z","100","like_raid_coordonne|account_farm_creation_massive","6","3370","3370","3369"
"9de291f6-986f-47a2-91fd-fdcfc5e036bd","twitninfuser0235","2026-07-22T03:02:04.209Z","100","like_raid_coordonne|account_farm_creation_massive","6","3370","3370","3369"
"4e458500-6f2b-425a-9acc-06c92166208f","twitninfuser0236","2026-07-22T03:02:04.209Z","100","like_raid_coordonne|account_farm_creation_massive","6","3370","3370","3369"
"51a53349-9f8b-44ec-8bd7-7ae3ae7e6e7e","twitninfuser0237","2026-07-22T03:02:04.209Z","100","like_raid_coordonne|account_farm_creation_massive","6","3370","3370","3369"
"ae82fc66-1f09-409c-a2a4-7112517afde7","twitninfuser0238","2026-07-22T03:02:04.209Z","100","like_raid_coordonne|account_farm_creation_massive","6","3370","3370","3369"
"688b99c4-be0f-4def-9349-98292ff66a31","twitninfuser0239","2026-07-22T03:02:04.209Z","100","like_raid_coordonne|account_farm_creation_massive","6","3370","3370","3369"
"22231154-0a77-4c8f-be02-f91ab46df6cc","twitninfuser0240","2026-07-22T03:02:04.209Z","100","like_raid_coordonne|account_farm_creation_massive","6","3370","3370","3369"
"e8e0a2bd-f6c9-4b5f-833a-3e81598d42cc","twitninfuser0241","2026-07-22T03:02:04.209Z","100","like_raid_coordonne|account_farm_creation_massive","6","3370","3370","3369"
"62c162e8-114b-4dac-a586-13855c50ae2a","twitninfuser0242","2026-07-22T03:02:04.209Z","100","like_raid_coordonne|account_farm_creation_massive","6","3370","3370","3369"
"d651cfda-51d5-42e5-81cd-1e7612c67ce8","twitninfuser0243","2026-07-22T03:02:04.209Z","100","like_raid_coordonne|account_farm_creation_massive","6","3370","3370","3369"
"4d75c1d1-0f3c-44fd-bdef-9e604fe73077","twitninfuser0244","2026-07-22T03:02:04.209Z","100","like_raid_coordonne|account_farm_creation_massive","6","3370","3370","3369"
"63e75cd1-166e-42e3-b97a-35814a89be99","twitninfuser0245","2026-07-22T03:02:04.209Z","100","like_raid_coordonne|account_farm_creation_massive","6","3370","3370","3369"
"879852fc-ab5f-45d6-85d6-47a76647b79c","twitninfuser0246","2026-07-22T03:02:04.209Z","100","like_raid_coordonne|account_farm_creation_massive","6","3370","3370","3369"
"859a0fe8-b0b8-4be8-813a-273336e17600","twitninfuser0247","2026-07-22T03:02:04.209Z","100","like_raid_coordonne|account_farm_creation_massive","6","3370","3370","3369"
"4a80e1e7-0bb9-46e4-a205-98a416074cd4","twitninfuser0248","2026-07-22T03:02:04.209Z","100","like_raid_coordonne|account_farm_creation_massive","6","3370","3370","3369"
"15b734a8-7000-444d-816f-6cfe3825bbda","twitninfuser0249","2026-07-22T03:02:04.209Z","100","like_raid_coordonne|account_farm_creation_massive","6","3370","3370","3369"
"da724c7d-a87c-4bbf-a902-ef50700903e4","twitninfuser0250","2026-07-22T03:02:04.210Z","100","like_raid_coordonne|account_farm_creation_massive","6","3370","3370","3369"
"980f4ca4-6e7c-4231-9374-adb6b89887f8","twitninfuser0251","2026-07-22T03:02:04.210Z","100","like_raid_coordonne|account_farm_creation_massive","6","3370","3370","3369"
"9979406d-b6ab-4e27-8e22-390dd3b9332c","twitninfuser0252","2026-07-22T03:02:04.210Z","100","like_raid_coordonne|account_farm_creation_massive","6","3370","3370","3369"
"592d6183-d6a4-47e0-bb26-f00069d4a475","twitninfuser0253","2026-07-22T03:02:04.210Z","100","like_raid_coordonne|account_farm_creation_massive","6","3370","3370","3369"
"ed9c3fbd-98b9-48ea-8e43-7a841f1bfc6b","twitninfuser0254","2026-07-22T03:02:04.210Z","100","like_raid_coordonne|account_farm_creation_massive","6","3370","3370","3369"
"4116eb4b-317e-4e6e-bfae-c8f3ca79b4b3","twitninfuser0255","2026-07-22T03:02:04.210Z","100","like_raid_coordonne|account_farm_creation_massive","6","3370","3370","3369"
"06e96da0-f1ea-4d4c-af6c-7cf94745f437","twitninfuser0256","2026-07-22T03:02:04.210Z","100","like_raid_coordonne|account_farm_creation_massive","6","3370","3370","3369"
"9d5de072-9522-44e3-81dd-d17e71c1c63a","twitninfuser0257","2026-07-22T03:02:04.210Z","100","like_raid_coordonne|account_farm_creation_massive","6","3370","3370","3369"
"1e7b4f40-b9b3-40f8-a7f9-6cc78fec5bf9","twitninfuser0258","2026-07-22T03:02:04.210Z","100","like_raid_coordonne|account_farm_creation_massive","6","3370","3370","3369"
"01c5cde6-5744-4869-8d8d-7847cb7d4899","twitninfuser0259","2026-07-22T03:02:04.210Z","100","like_raid_coordonne|account_farm_creation_massive","6","3370","3370","3369"
"d130de29-0622-498c-a9ca-08be7d204a56","twitninfuser0260","2026-07-22T03:02:04.210Z","100","like_raid_coordonne|account_farm_creation_massive","6","3370","3370","3369"
"9726cf58-b8c8-4ccf-8cea-b99fde4953ed","twitninfuser0261","2026-07-22T03:02:04.210Z","100","like_raid_coordonne|account_farm_creation_massive","6","3370","3370","3369"
"68c33ebc-b69a-4c46-83fb-0adf2903a7af","twitninfuser0262","2026-07-22T03:02:04.210Z","100","like_raid_coordonne|account_farm_creation_massive","6","3370","3370","3369"
"5ffd82c2-4110-4c73-964e-f82f6b52b48d","twitninfuser0263","2026-07-22T03:02:04.210Z","100","like_raid_coordonne|account_farm_creation_massive","6","3370","3370","3369"
"0e8be098-d443-49a3-82c9-6fe061c9c5bf","twitninfuser0264","2026-07-22T03:02:04.210Z","100","like_raid_coordonne|account_farm_creation_massive","6","3370","3370","3369"
"8aa3e1e0-b399-4f1e-8ff3-9452a12a9acc","twitninfuser0265","2026-07-22T03:02:04.210Z","100","like_raid_coordonne|account_farm_creation_massive","6","3370","3370","3369"
"d5f27c68-73a9-415c-8fdd-9acef029849a","twitninfuser0266","2026-07-22T03:02:04.210Z","100","like_raid_coordonne|account_farm_creation_massive","6","3370","3370","3369"
"eae67f1f-4721-42cd-9443-101a389b142b","twitninfuser0267","2026-07-22T03:02:04.210Z","100","like_raid_coordonne|account_farm_creation_massive","6","3370","3370","3369"
"71aefb1c-79c0-4095-abb0-23ca02f208ba","twitninfuser0268","2026-07-22T03:02:04.210Z","100","like_raid_coordonne|account_farm_creation_massive","6","3370","3370","3369"
"cb2369c1-c73d-41c1-9b49-567ec2078fe4","twitninfuser0269","2026-07-22T03:02:04.210Z","100","like_raid_coordonne|account_farm_creation_massive","6","3370","3370","3369"
"46192596-ef99-4bf9-a4e8-6968ace1b9cd","twitninfuser0270","2026-07-22T03:02:04.210Z","100","like_raid_coordonne|account_farm_creation_massive","6","3370","3370","3369"
"b66c4331-795c-4b90-90ba-68fcb6df345e","twitninfuser0271","2026-07-22T03:02:04.210Z","100","like_raid_coordonne|account_farm_creation_massive","6","3370","3370","3369"
"883c5284-2e87-4785-a531-60a909d7239b","twitninfuser0272","2026-07-22T03:02:04.210Z","100","like_raid_coordonne|account_farm_creation_massive","6","3370","3370","3369"
"82e576ad-e432-4521-8bdb-d04c8e212cc9","twitninfuser0273","2026-07-22T03:02:04.210Z","100","like_raid_coordonne|account_farm_creation_massive","6","3370","3370","3369"
"af45ac4c-2818-434f-9f66-c11d47ba5281","twitninfuser0274","2026-07-22T03:02:04.210Z","100","like_raid_coordonne|account_farm_creation_massive","6","3370","3370","3369"
"6717c685-4115-4150-ad67-862a191ad1e0","twitninfuser0275","2026-07-22T03:02:04.210Z","100","like_raid_coordonne|account_farm_creation_massive","6","3370","3370","3369"
"b52b5aa4-0ead-49de-a7da-31d5700ac3ef","twitninfuser0276","2026-07-22T03:02:04.210Z","100","like_raid_coordonne|account_farm_creation_massive","6","3370","3370","3369"
"b58f8e64-ea5e-4152-bc66-f850461dabcf","twitninfuser0277","2026-07-22T03:02:04.210Z","100","like_raid_coordonne|account_farm_creation_massive","6","3370","3370","3369"
"92aa8ce2-041f-4368-99ce-ec86ec115b76","twitninfuser0278","2026-07-22T03:02:04.210Z","100","like_raid_coordonne|account_farm_creation_massive","6","3370","3370","3369"
"0505a3b8-f700-4740-a19a-319b25038c36","twitninfuser0279","2026-07-22T03:02:04.210Z","100","like_raid_coordonne|account_farm_creation_massive","6","3370","3370","3369"
"88f4e6b5-deb3-4b76-b667-4eda59db1270","twitninfuser0280","2026-07-22T03:02:04.210Z","100","like_raid_coordonne|account_farm_creation_massive","6","3370","3370","3369"
"870a32e1-2c16-4c54-a8c0-f8e40f2fdd92","twitninfuser0281","2026-07-22T03:02:04.210Z","100","like_raid_coordonne|account_farm_creation_massive","6","3370","3370","3369"
"030e762f-d285-4665-b54b-2ab10f872960","twitninfuser0282","2026-07-22T03:02:04.210Z","100","like_raid_coordonne|account_farm_creation_massive","6","3370","3370","3369"
"4b49915b-8160-411c-9ced-5537b74b486d","twitninfuser0283","2026-07-22T03:02:04.210Z","100","like_raid_coordonne|account_farm_creation_massive","6","3370","3370","3369"
"b04ab788-42cd-4e85-ad39-397501d039b0","twitninfuser0284","2026-07-22T03:02:04.210Z","100","like_raid_coordonne|account_farm_creation_massive","6","3370","3370","3369"
"3f8f7040-d280-44dc-aaf9-9d80d042de91","twitninfuser0285","2026-07-22T03:02:04.210Z","100","like_raid_coordonne|account_farm_creation_massive","6","3370","3370","3369"
"e063bc71-c393-494c-8f99-dfdb898d7279","twitninfuser0286","2026-07-22T03:02:04.210Z","100","like_raid_coordonne|account_farm_creation_massive","6","3370","3370","3369"
"77aa5809-c4b3-4976-aac9-4a8b70390662","twitninfuser0287","2026-07-22T03:02:04.210Z","100","like_raid_coordonne|account_farm_creation_massive","6","3370","3370","3369"
"7fd00cbd-e295-46d0-b805-c5a378f6c88f","twitninfuser0288","2026-07-22T03:02:04.210Z","100","like_raid_coordonne|account_farm_creation_massive","6","3370","3370","3369"
"f4cc89a4-1a9c-4317-b63e-df5f034524e6","twitninfuser0289","2026-07-22T03:02:04.210Z","100","like_raid_coordonne|account_farm_creation_massive","6","3370","3370","3369"
"e04fcd94-00e0-45c6-a88c-901dcde2f795","twitninfuser0290","2026-07-22T03:02:04.210Z","100","like_raid_coordonne|account_farm_creation_massive","6","3370","3370","3369"
"2cef7868-2f67-4711-a7a1-2f8b5ca41b0b","twitninfuser0291","2026-07-22T03:02:04.210Z","100","like_raid_coordonne|account_farm_creation_massive","6","3370","3370","3369"
"362ec34a-ff52-469d-8581-0246583f15ff","twitninfuser0292","2026-07-22T03:02:04.210Z","100","like_raid_coordonne|account_farm_creation_massive","6","3370","3370","3369"
"4d54fdd3-f556-4958-9a2b-f2a989c53a07","twitninfuser0293","2026-07-22T03:02:04.210Z","100","like_raid_coordonne|account_farm_creation_massive","6","3370","3370","3369"
"6d4383ff-9f09-4b4c-b181-3f1b3fc2709e","twitninfuser0294","2026-07-22T03:02:04.210Z","100","like_raid_coordonne|account_farm_creation_massive","6","3370","3370","3369"
"a252fc08-f00e-4641-b15b-670503ab11ae","twitninfuser0295","2026-07-22T03:02:04.210Z","100","like_raid_coordonne|account_farm_creation_massive","6","3370","3370","3369"
"d6978ddd-8186-4358-bbac-babe78f84722","twitninfuser0296","2026-07-22T03:02:04.210Z","100","like_raid_coordonne|account_farm_creation_massive","6","3370","3370","3369"
"782b8861-2fb3-42c8-9f16-ed9ab1f5f3a0","twitninfuser0297","2026-07-22T03:02:04.210Z","100","like_raid_coordonne|account_farm_creation_massive","6","3370","3370","3369"
"c5f22713-e45a-4724-ade8-134dad808840","twitninfuser0298","2026-07-22T03:02:04.210Z","100","like_raid_coordonne|account_farm_creation_massive","6","3370","3370","3369"
"456e8aad-7043-457d-8e38-bde79d2cb730","twitninfuser0299","2026-07-22T03:02:04.210Z","100","like_raid_coordonne|account_farm_creation_massive","6","3370","3370","3369"
"0a372c7f-895e-4c25-82bf-9f7e2d00a263","twitninfuser0300","2026-07-22T03:02:04.210Z","100","like_raid_coordonne|account_farm_creation_massive","6","3370","3370","3369"
"6c942656-929a-4a10-9191-54733b04344c","twitninfuser0301","2026-07-22T03:02:04.210Z","100","like_raid_coordonne|account_farm_creation_massive","6","3370","3370","3369"
"0afe262c-6234-4f2c-aede-9ccbd20852e0","twitninfuser0302","2026-07-22T03:02:04.210Z","100","like_raid_coordonne|account_farm_creation_massive","6","3370","3370","3369"
"94b9049d-6b1a-4144-9b59-74ecd0cb5d29","twitninfuser0303","2026-07-22T03:02:04.210Z","100","like_raid_coordonne|account_farm_creation_massive","6","3370","3370","3369"
"933d3618-91b7-4464-893d-fa4524d3a863","twitninfuser0304","2026-07-22T03:02:04.210Z","100","like_raid_coordonne|account_farm_creation_massive","6","3370","3370","3369"
"c02962ee-c673-45c0-8d66-aacdc438d0ba","twitninfuser0305","2026-07-22T03:02:04.210Z","100","like_raid_coordonne|account_farm_creation_massive","6","3370","3370","3369"
"3ee2671c-f033-48ed-b8b9-80ebcb2185ce","twitninfuser0306","2026-07-22T03:02:04.210Z","100","like_raid_coordonne|account_farm_creation_massive","6","3370","3370","3369"
"ad14d128-18b2-409a-b5b5-480fb7c0ae73","twitninfuser0307","2026-07-22T03:02:04.210Z","100","like_raid_coordonne|account_farm_creation_massive","6","3370","3370","3369"
"b56cd7bb-5cf0-4592-861c-561938936b48","twitninfuser0308","2026-07-22T03:02:04.210Z","100","like_raid_coordonne|account_farm_creation_massive","6","3370","3370","3369"
"d3a4be5b-cb1f-484e-b910-542a21907d78","twitninfuser0309","2026-07-22T03:02:04.210Z","100","like_raid_coordonne|account_farm_creation_massive","6","3370","3370","3369"
"7843eb56-2651-40a4-b33e-515925ae7288","twitninfuser0310","2026-07-22T03:02:04.210Z","100","like_raid_coordonne|account_farm_creation_massive","6","3370","3370","3369"
"8d3e0d1f-b8ce-49db-9a5a-9bace2881d08","twitninfuser0311","2026-07-22T03:02:04.210Z","100","like_raid_coordonne|account_farm_creation_massive","6","3370","3370","3369"
"68b16145-6d75-47d3-bf81-05d78ed50625","twitninfuser0312","2026-07-22T03:02:04.210Z","100","like_raid_coordonne|account_farm_creation_massive","6","3370","3370","3369"
"f56c6d7e-f149-43ae-a7a1-c5c5eecf410d","twitninfuser0313","2026-07-22T03:02:04.210Z","100","like_raid_coordonne|account_farm_creation_massive","6","3370","3370","3369"
"3e5bf3b5-085c-4a01-8601-5f6bfb0ea22d","twitninfuser0314","2026-07-22T03:02:04.210Z","100","like_raid_coordonne|account_farm_creation_massive","6","3370","3370","3369"
"baaa5d18-d712-480a-bee4-acbb64933bc1","twitninfuser0315","2026-07-22T03:02:04.210Z","100","like_raid_coordonne|account_farm_creation_massive","6","3370","3370","3369"
"05e9a133-db74-4cf3-ab23-da65be5cc7de","twitninfuser0316","2026-07-22T03:02:04.210Z","100","like_raid_coordonne|account_farm_creation_massive","6","3370","3370","3369"
"e8e23c9c-ba5a-46d7-9685-7278661b7982","twitninfuser0317","2026-07-22T03:02:04.210Z","100","like_raid_coordonne|account_farm_creation_massive","6","3370","3370","3369"
"fc7f4e98-a393-4707-b166-001e3368fe96","twitninfuser0318","2026-07-22T03:02:04.210Z","100","like_raid_coordonne|account_farm_creation_massive","6","3370","3370","3369"
"394e1a7d-8cd8-4ce3-bbe5-304fd273a9c5","twitninfuser0319","2026-07-22T03:02:04.210Z","100","like_raid_coordonne|account_farm_creation_massive","6","3370","3370","3369"
"aa68b301-9b1d-4d4d-b66c-6c001091d612","twitninfuser0320","2026-07-22T03:02:04.210Z","100","like_raid_coordonne|account_farm_creation_massive","6","3370","3370","3369"
"294455fe-13b2-4d06-9613-7972e1d2fe5a","twitninfuser0321","2026-07-22T03:02:04.210Z","100","like_raid_coordonne|account_farm_creation_massive","6","3370","3370","3369"
"b78e2a6c-6a5c-4304-847d-bd5bcc487a42","twitninfuser0322","2026-07-22T03:02:04.210Z","100","like_raid_coordonne|account_farm_creation_massive","6","3370","3370","3369"
"801f6cb2-c8ed-4c79-a046-e7e8ae05383b","twitninfuser0323","2026-07-22T03:02:04.210Z","100","like_raid_coordonne|account_farm_creation_massive","6","3370","3370","3369"
"4bce0ab0-fa44-4266-8d40-71bc9e362c49","twitninfuser0324","2026-07-22T03:02:04.210Z","100","like_raid_coordonne|account_farm_creation_massive","6","3370","3370","3369"
"5992c6e9-5603-4339-9a66-3cdc69317361","twitninfuser0325","2026-07-22T03:02:04.210Z","100","like_raid_coordonne|account_farm_creation_massive","6","3370","3370","3369"
"46ca0c81-07d9-4b53-bf51-c3e274fc9f3b","twitninfuser0326","2026-07-22T03:02:04.210Z","100","like_raid_coordonne|account_farm_creation_massive","6","3370","3370","3369"
"a426893a-a483-4382-abf3-9d157ccd6412","twitninfuser0327","2026-07-22T03:02:04.210Z","100","like_raid_coordonne|account_farm_creation_massive","6","3370","3370","3369"
"00fc062e-49f0-422f-89d5-e213f6be9d67","twitninfuser0328","2026-07-22T03:02:04.210Z","100","like_raid_coordonne|account_farm_creation_massive","6","3370","3370","3369"
"2dd8acb1-7f69-4886-b74a-738703e9ea9f","twitninfuser0329","2026-07-22T03:02:04.210Z","100","like_raid_coordonne|account_farm_creation_massive","6","3370","3370","3369"
"4cd0e9fb-bd40-4d52-931c-ee00124b6e83","twitninfuser0330","2026-07-22T03:02:04.210Z","100","like_raid_coordonne|account_farm_creation_massive","6","3370","3370","3369"
"742a7f9b-ba32-484c-a091-74516963b0b7","twitninfuser0331","2026-07-22T03:02:04.210Z","100","like_raid_coordonne|account_farm_creation_massive","6","3370","3370","3369"
"16dc0982-91fd-4404-9bb3-3527e9b90606","twitninfuser0332","2026-07-22T03:02:04.210Z","100","like_raid_coordonne|account_farm_creation_massive","6","3370","3370","3369"
"2cd14415-2a43-46a5-9d56-1e9b0e7e0ebc","twitninfuser0333","2026-07-22T03:02:04.210Z","100","like_raid_coordonne|account_farm_creation_massive","6","3370","3370","3369"
"bb544ad3-0b99-4d1c-8e2f-f8aabbd49fb9","twitninfuser0334","2026-07-22T03:02:04.210Z","100","like_raid_coordonne|account_farm_creation_massive","6","3370","3370","3369"
"b60e4314-5ae4-41df-9e85-4f3390c8fa0c","twitninfuser0335","2026-07-22T03:02:04.210Z","100","like_raid_coordonne|account_farm_creation_massive","6","3370","3370","3369"
"78a8441f-9d53-4d28-b5ec-a7f93f40376e","twitninfuser0336","2026-07-22T03:02:04.210Z","100","like_raid_coordonne|account_farm_creation_massive","6","3370","3370","3369"
"0503f3f1-0c1b-40ed-b7b0-8afe9f12f431","twitninfuser0337","2026-07-22T03:02:04.210Z","100","like_raid_coordonne|account_farm_creation_massive","6","3370","3370","3369"
"e369a2f1-85be-4ad9-957f-f4937b368c95","twitninfuser0338","2026-07-22T03:02:04.210Z","100","like_raid_coordonne|account_farm_creation_massive","6","3370","3370","3369"
"4944a5f8-467d-4696-ab03-9d5394565028","twitninfuser0339","2026-07-22T03:02:04.210Z","100","like_raid_coordonne|account_farm_creation_massive","6","3370","3370","3369"
"19f55c04-51e1-481c-a090-18c969bef531","twitninfuser0340","2026-07-22T03:02:04.210Z","100","like_raid_coordonne|account_farm_creation_massive","6","3370","3370","3369"
"6c469598-93da-4ed1-af68-55c38cdbb575","twitninfuser0341","2026-07-22T03:02:04.210Z","100","like_raid_coordonne|account_farm_creation_massive","6","3370","3370","3369"
"797a0de5-dbfb-4b99-8900-da83fbf5344c","twitninfuser0342","2026-07-22T03:02:04.210Z","100","like_raid_coordonne|account_farm_creation_massive","6","3370","3370","3369"
"89316e3e-7c52-45f6-947d-1174940a0a7b","twitninfuser0343","2026-07-22T03:02:04.210Z","100","like_raid_coordonne|account_farm_creation_massive","6","3370","3370","3369"
"a3a51dc4-d8d4-4138-b092-fc8816d4bbc8","twitninfuser0344","2026-07-22T03:02:04.210Z","100","like_raid_coordonne|account_farm_creation_massive","6","3370","3370","3369"
"30332483-0545-474a-8d6b-e59afd086e22","twitninfuser0345","2026-07-22T03:02:04.210Z","100","like_raid_coordonne|account_farm_creation_massive","6","3370","3370","3369"
"c0bcfc05-cd85-4b4e-a0f7-07179aac0246","twitninfuser0346","2026-07-22T03:02:04.210Z","100","like_raid_coordonne|account_farm_creation_massive","6","3370","3370","3369"
"21805ec8-212b-4f1f-964e-08352043e598","twitninfuser0347","2026-07-22T03:02:04.210Z","100","like_raid_coordonne|account_farm_creation_massive","6","3370","3370","3369"
"1c371a8e-0aae-4615-9bbe-c96d322fb444","twitninfuser0348","2026-07-22T03:02:04.210Z","100","like_raid_coordonne|account_farm_creation_massive","6","3370","3370","3369"
"833177e4-1655-4d0a-bf7a-8b8e73f6c581","twitninfuser0349","2026-07-22T03:02:04.210Z","100","like_raid_coordonne|account_farm_creation_massive","6","3370","3370","3369"
"ae49b96f-cefd-4538-939a-c3329ee5967e","twitninfuser0350","2026-07-22T03:02:04.210Z","100","like_raid_coordonne|account_farm_creation_massive","6","3370","3370","3369"
"28b681c8-cef4-4980-a2e2-4c54fb8d9a0c","twitninfuser0351","2026-07-22T03:02:04.210Z","100","like_raid_coordonne|account_farm_creation_massive","6","3370","3370","3369"
"58e2fed5-d9f8-498a-ae6b-746b3c1b40c1","twitninfuser0352","2026-07-22T03:02:04.210Z","100","like_raid_coordonne|account_farm_creation_massive","6","3370","3370","3369"
"e27dff6c-c5c5-4298-b968-f9282cba1ab3","twitninfuser0353","2026-07-22T03:02:04.210Z","100","like_raid_coordonne|account_farm_creation_massive","6","3370","3370","3369"
"5ce14a0f-be26-43a9-abf8-2625dd767386","twitninfuser0354","2026-07-22T03:02:04.210Z","100","like_raid_coordonne|account_farm_creation_massive","6","3370","3370","3369"
"7f6b530d-ec6e-4ce8-a06a-b5c4d4a9dd4c","twitninfuser0355","2026-07-22T03:02:04.210Z","100","like_raid_coordonne|account_farm_creation_massive","6","3370","3370","3369"
"981210fc-14c9-418f-b9f9-2e180a22a3f8","twitninfuser0356","2026-07-22T03:02:04.210Z","100","like_raid_coordonne|account_farm_creation_massive","6","3370","3370","3369"
"9841a6a2-8666-452b-bd29-5522596d78f2","twitninfuser0357","2026-07-22T03:02:04.210Z","100","like_raid_coordonne|account_farm_creation_massive","6","3370","3370","3369"
"745e5b1a-b6bf-405e-b473-cbfc66baf35f","twitninfuser0358","2026-07-22T03:02:04.210Z","100","like_raid_coordonne|account_farm_creation_massive","6","3370","3370","3369"
"4bbc47ba-9222-4694-822e-323e48546d4d","twitninfuser0359","2026-07-22T03:02:04.210Z","100","like_raid_coordonne|account_farm_creation_massive","6","3370","3370","3369"
"76bb33aa-e864-4f13-94ff-5cbfac732c3c","twitninfuser0360","2026-07-22T03:02:04.210Z","100","like_raid_coordonne|account_farm_creation_massive","6","3370","3370","3369"
"0f024419-69c4-445d-9454-7a1c5a622668","twitninfuser0361","2026-07-22T03:02:04.210Z","100","like_raid_coordonne|account_farm_creation_massive","6","3370","3370","3369"
"0bb93b0b-aabd-4f8b-9474-848c35a6a1c1","twitninfuser0362","2026-07-22T03:02:04.210Z","100","like_raid_coordonne|account_farm_creation_massive","6","3370","3370","3369"
"fee22011-b432-417b-bf20-4100a650359f","twitninfuser0363","2026-07-22T03:02:04.210Z","100","like_raid_coordonne|account_farm_creation_massive","6","3370","3370","3369"
"fac70d59-f9a6-45d7-bf0e-4c7e27549e9e","twitninfuser0364","2026-07-22T03:02:04.210Z","100","like_raid_coordonne|account_farm_creation_massive","6","3370","3370","3369"
"7424ee92-117d-4b70-bb8c-d531ee7adf47","twitninfuser0365","2026-07-22T03:02:04.210Z","100","like_raid_coordonne|account_farm_creation_massive","6","3370","3370","3369"
"f5f4862e-5ba3-4421-a576-415b4dab3279","twitninfuser0366","2026-07-22T03:02:04.210Z","100","like_raid_coordonne|account_farm_creation_massive","6","3370","3370","3369"
"033fe9a3-863e-4f9e-a01a-5d1acfcbb0de","twitninfuser0367","2026-07-22T03:02:04.210Z","100","like_raid_coordonne|account_farm_creation_massive","6","3370","3370","3369"
"bc45b233-f1fd-413a-a0d9-6e78ac3faa59","twitninfuser0368","2026-07-22T03:02:04.210Z","100","like_raid_coordonne|account_farm_creation_massive","6","3370","3370","3369"
"127f4c82-141b-4bce-90f5-3ca55ff43c0a","twitninfuser0369","2026-07-22T03:02:04.210Z","100","like_raid_coordonne|account_farm_creation_massive","6","3370","3370","3369"
"7945a31d-9195-47a1-ac37-524cfd24471a","twitninfuser0370","2026-07-22T03:02:04.210Z","100","like_raid_coordonne|account_farm_creation_massive","6","3370","3370","3369"
"23bc915d-de3c-42cc-b552-8cedde3cfce1","twitninfuser0371","2026-07-22T03:02:04.210Z","100","like_raid_coordonne|account_farm_creation_massive","6","3370","3370","3369"
"f6227115-f2ca-4926-9e04-afa2fdd24cc6","twitninfuser0372","2026-07-22T03:02:04.210Z","100","like_raid_coordonne|account_farm_creation_massive","6","3370","3370","3369"
"ae584a3b-b56f-46fc-8b8e-46f6ee12b021","twitninfuser0373","2026-07-22T03:02:04.210Z","100","like_raid_coordonne|account_farm_creation_massive","6","3370","3370","3369"
"b082cbe9-b20f-4c07-b698-0eebd705316f","twitninfuser0374","2026-07-22T03:02:04.210Z","100","like_raid_coordonne|account_farm_creation_massive","6","3370","3370","3369"
"6ed6c4b0-888c-4f85-ab52-f64c14155349","twitninfuser0375","2026-07-22T03:02:04.210Z","100","like_raid_coordonne|account_farm_creation_massive","6","3370","3370","3369"
"a007f20e-e610-4176-b1a4-781979681d91","twitninfuser0376","2026-07-22T03:02:04.210Z","100","like_raid_coordonne|account_farm_creation_massive","6","3370","3370","3369"
"c7630dd7-5052-4541-88e0-ee5e11253a81","twitninfuser0377","2026-07-22T03:02:04.210Z","100","like_raid_coordonne|account_farm_creation_massive","6","3370","3370","3369"
"60087211-cd18-452f-b674-51ad387749a2","twitninfuser0378","2026-07-22T03:02:04.210Z","100","like_raid_coordonne|account_farm_creation_massive","6","3370","3370","3369"
"c8bf5f06-d125-4eb8-9293-493cc96239a6","twitninfuser0379","2026-07-22T03:02:04.210Z","100","like_raid_coordonne|account_farm_creation_massive","6","3370","3370","3369"
"fe324ac5-091d-428d-a3c3-4b02f087677c","twitninfuser0380","2026-07-22T03:02:04.210Z","100","like_raid_coordonne|account_farm_creation_massive","6","3370","3370","3369"
"5a7f5586-2107-4c2f-894a-7af97528457c","twitninfuser0381","2026-07-22T03:02:04.210Z","100","like_raid_coordonne|account_farm_creation_massive","6","3370","3370","3369"
"e7f4bc4c-e936-4ada-9f7d-1618e5ba325e","twitninfuser0382","2026-07-22T03:02:04.210Z","100","like_raid_coordonne|account_farm_creation_massive","6","3370","3370","3369"
"df08938f-24a8-4b61-822d-c8509b1554bd","twitninfuser0383","2026-07-22T03:02:04.210Z","100","like_raid_coordonne|account_farm_creation_massive","6","3370","3370","3369"
"5e976f46-5c37-4283-a990-26f5cdd75e50","twitninfuser0384","2026-07-22T03:02:04.210Z","100","like_raid_coordonne|account_farm_creation_massive","6","3370","3370","3369"
"f8da7e75-532e-4abd-acbd-d18156669111","twitninfuser0385","2026-07-22T03:02:04.210Z","100","like_raid_coordonne|account_farm_creation_massive","6","3370","3370","3369"
"1ab22dc0-d759-4649-bee6-97b005bd6123","twitninfuser0386","2026-07-22T03:02:04.210Z","100","like_raid_coordonne|account_farm_creation_massive","6","3370","3370","3369"
"bb7564cd-c4d5-4fc7-82fa-c67e7881088e","twitninfuser0387","2026-07-22T03:02:04.210Z","100","like_raid_coordonne|account_farm_creation_massive","6","3370","3370","3369"
"b6ce966c-6cff-480e-bd6a-1554c0b6788b","twitninfuser0388","2026-07-22T03:02:04.210Z","100","like_raid_coordonne|account_farm_creation_massive","6","3370","3370","3369"
"37472b74-7994-42bf-bc2a-237516e2572e","twitninfuser0389","2026-07-22T03:02:04.210Z","100","like_raid_coordonne|account_farm_creation_massive","6","3370","3370","3369"
"650e608c-f42e-4a03-b445-e998c8a546fb","twitninfuser0390","2026-07-22T03:02:04.210Z","100","like_raid_coordonne|account_farm_creation_massive","6","3370","3370","3369"
"f30e797b-7884-4505-b4cc-bc00f9b401df","twitninfuser0391","2026-07-22T03:02:04.210Z","100","like_raid_coordonne|account_farm_creation_massive","6","3370","3370","3369"
"4d1def17-d824-424a-b339-b3a578583b51","twitninfuser0392","2026-07-22T03:02:04.210Z","100","like_raid_coordonne|account_farm_creation_massive","6","3370","3370","3369"
"68354372-b5ff-4385-8ebe-737ffe043d56","twitninfuser0393","2026-07-22T03:02:04.210Z","100","like_raid_coordonne|account_farm_creation_massive","6","3370","3370","3369"
"2e0b00a5-a041-4878-831a-c99e0e873645","twitninfuser0394","2026-07-22T03:02:04.210Z","100","like_raid_coordonne|account_farm_creation_massive","6","3370","3370","3369"
"030b7d28-7c96-486b-9d53-a718a1354ddc","twitninfuser0395","2026-07-22T03:02:04.210Z","100","like_raid_coordonne|account_farm_creation_massive","6","3370","3370","3369"
"12558d81-f663-409a-9f86-90d88103764b","twitninfuser0396","2026-07-22T03:02:04.210Z","100","like_raid_coordonne|account_farm_creation_massive","6","3370","3370","3369"
"3b59ed80-6f6f-4e66-8535-d577c3da413e","twitninfuser0397","2026-07-22T03:02:04.210Z","100","like_raid_coordonne|account_farm_creation_massive","6","3370","3370","3369"
"aeefb319-4bba-4cc8-8699-062ddc9ac1d6","twitninfuser0398","2026-07-22T03:02:04.210Z","100","like_raid_coordonne|account_farm_creation_massive","6","3370","3370","3369"
"640c149a-04d4-4c4e-9497-d0760b3d0a84","twitninfuser0399","2026-07-22T03:02:04.210Z","100","like_raid_coordonne|account_farm_creation_massive","6","3370","3370","3369"
"990e61bb-ab7c-4ff9-a375-bfb9405fcbda","twitninfuser0400","2026-07-22T03:02:04.210Z","100","like_raid_coordonne|account_farm_creation_massive","6","3370","3370","3369"
"d7b66bbc-fc99-40f1-b519-f9b8dd6a7673","twitninfuser0401","2026-07-22T03:02:04.210Z","100","like_raid_coordonne|account_farm_creation_massive","6","3370","3370","3369"
"a8009e5d-9b81-4f5e-9a1c-5d20ba9ba654","twitninfuser0402","2026-07-22T03:02:04.210Z","100","like_raid_coordonne|account_farm_creation_massive","6","3370","3370","3369"
"e3319776-0f54-4b51-a81f-5551c8628533","twitninfuser0403","2026-07-22T03:02:04.210Z","100","like_raid_coordonne|account_farm_creation_massive","6","3370","3370","3369"
"c39a9334-3e00-4f79-b4e4-e6c30275fe82","twitninfuser0404","2026-07-22T03:02:04.210Z","100","like_raid_coordonne|account_farm_creation_massive","6","3370","3370","3369"
"0f2e4508-53c5-490e-a469-e0238befd3fe","twitninfuser0405","2026-07-22T03:02:04.210Z","100","like_raid_coordonne|account_farm_creation_massive","6","3370","3370","3369"
"89ef168c-b82e-4ca1-8950-bfb301c3e453","twitninfuser0406","2026-07-22T03:02:04.210Z","100","like_raid_coordonne|account_farm_creation_massive","6","3370","3370","3369"
"b64e6248-78ef-42a4-a50e-b678b3f0dc12","twitninfuser0407","2026-07-22T03:02:04.210Z","100","like_raid_coordonne|account_farm_creation_massive","6","3370","3370","3369"
"e218ced1-17c7-4fab-a3ad-0b5407be6b7d","twitninfuser0408","2026-07-22T03:02:04.210Z","100","like_raid_coordonne|account_farm_creation_massive","6","3370","3370","3369"
"04bd6081-31d9-4052-a201-63be18d9fde8","twitninfuser0409","2026-07-22T03:02:04.210Z","100","like_raid_coordonne|account_farm_creation_massive","6","3370","3370","3369"
"d1202a82-f2a8-4226-814e-43ba04d863c6","twitninfuser0410","2026-07-22T03:02:04.210Z","100","like_raid_coordonne|account_farm_creation_massive","6","3370","3370","3369"
"6d2c050f-fa36-4ea3-a955-35a296dde698","twitninfuser0411","2026-07-22T03:02:04.210Z","100","like_raid_coordonne|account_farm_creation_massive","6","3370","3370","3369"
"74a0e87d-b8ef-4223-a02c-e5ebb0cef98c","twitninfuser0412","2026-07-22T03:02:04.210Z","100","like_raid_coordonne|account_farm_creation_massive","6","3370","3370","3369"
"a5b74d55-3112-45ca-8285-c46488774967","twitninfuser0413","2026-07-22T03:02:04.210Z","100","like_raid_coordonne|account_farm_creation_massive","6","3370","3370","3369"
"fef2d7fc-00f8-4285-b509-2421a78aecb1","twitninfuser0414","2026-07-22T03:02:04.210Z","100","like_raid_coordonne|account_farm_creation_massive","6","3370","3370","3369"
"f0d890ea-5082-4481-bfb2-7541501885e8","twitninfuser0415","2026-07-22T03:02:04.210Z","100","like_raid_coordonne|account_farm_creation_massive","6","3370","3370","3369"
"0e45be8b-ce25-4306-bcbe-c73773504a15","twitninfuser0416","2026-07-22T03:02:04.210Z","100","like_raid_coordonne|account_farm_creation_massive","6","3370","3370","3369"
"f12ba716-3745-4e06-9780-aecf4d77c255","twitninfuser0417","2026-07-22T03:02:04.210Z","100","like_raid_coordonne|account_farm_creation_massive","6","3370","3370","3369"
"d499897b-ac27-43cf-8ded-dd736e2c3e7c","twitninfuser0418","2026-07-22T03:02:04.210Z","100","like_raid_coordonne|account_farm_creation_massive","6","3370","3370","3369"
"7765893a-2975-45dc-950c-5d3518b088f7","twitninfuser0419","2026-07-22T03:02:04.210Z","100","like_raid_coordonne|account_farm_creation_massive","6","3370","3370","3369"
"d5ef3dd5-f6ef-4775-8b05-ef01387ab23f","twitninfuser0420","2026-07-22T03:02:04.210Z","100","like_raid_coordonne|account_farm_creation_massive","6","3370","3370","3369"
"fc2c2a04-0ac7-4da8-a407-c1d7267f0058","twitninfuser0421","2026-07-22T03:02:04.210Z","100","like_raid_coordonne|account_farm_creation_massive","6","3370","3370","3369"
"afa9ace9-516b-4635-8094-cf4bbd167ae3","twitninfuser0422","2026-07-22T03:02:04.210Z","100","like_raid_coordonne|account_farm_creation_massive","6","3370","3370","3369"
"ad4d2247-f14d-4cf4-af72-6c78341de7bc","twitninfuser0423","2026-07-22T03:02:04.210Z","100","like_raid_coordonne|account_farm_creation_massive","6","3370","3370","3369"
"a2cd443b-8798-4ab5-bac0-edf102a44169","twitninfuser0424","2026-07-22T03:02:04.210Z","100","like_raid_coordonne|account_farm_creation_massive","6","3370","3370","3369"
"bc66a47e-46b9-4bbd-9982-469c6cd53b22","twitninfuser0425","2026-07-22T03:02:04.210Z","100","like_raid_coordonne|account_farm_creation_massive","6","3370","3370","3369"
"0db02912-4d24-4644-9367-1e271d1d2af9","twitninfuser0426","2026-07-22T03:02:04.210Z","100","like_raid_coordonne|account_farm_creation_massive","6","3370","3370","3369"
"203d73cb-f6da-4ede-a15c-b5ca7f52032f","twitninfuser0427","2026-07-22T03:02:04.210Z","100","like_raid_coordonne|account_farm_creation_massive","6","3370","3370","3369"
"c8ae4a07-eca8-443b-8fe3-1419b4607714","twitninfuser0428","2026-07-22T03:02:04.210Z","100","like_raid_coordonne|account_farm_creation_massive","6","3370","3370","3369"
"b74bf786-c84e-467d-bf26-a5c04ee10e2a","twitninfuser0429","2026-07-22T03:02:04.210Z","100","like_raid_coordonne|account_farm_creation_massive","6","3370","3370","3369"
"0e8c9894-1207-4c71-af0a-e95c4d283e7e","twitninfuser0430","2026-07-22T03:02:04.210Z","100","like_raid_coordonne|account_farm_creation_massive","6","3370","3370","3369"
"22a59eff-4867-495b-91f3-bcf8afe44eb7","twitninfuser0431","2026-07-22T03:02:04.210Z","100","like_raid_coordonne|account_farm_creation_massive","6","3370","3370","3369"
"dcb521df-3916-4400-ae8a-d13c148c1526","twitninfuser0432","2026-07-22T03:02:04.210Z","100","like_raid_coordonne|account_farm_creation_massive","6","3370","3370","3369"
"05e574e6-d643-4a2d-bcdf-60d6180f6fb8","twitninfuser0433","2026-07-22T03:02:04.210Z","100","like_raid_coordonne|account_farm_creation_massive","6","3370","3370","3369"
"f46fe793-5f2f-47f0-b5dc-c2a847e45d07","twitninfuser0434","2026-07-22T03:02:04.210Z","100","like_raid_coordonne|account_farm_creation_massive","6","3370","3370","3369"
"aced1192-0206-4d97-80b7-ec5c15162ea6","twitninfuser0435","2026-07-22T03:02:04.210Z","100","like_raid_coordonne|account_farm_creation_massive","6","3370","3370","3369"
"60750f6f-5527-4218-9e6c-e951ab3f5011","twitninfuser0436","2026-07-22T03:02:04.210Z","100","like_raid_coordonne|account_farm_creation_massive","6","3370","3370","3369"
"04c065b1-7c1a-4fd2-b46c-e16c575cbb31","twitninfuser0437","2026-07-22T03:02:04.210Z","100","like_raid_coordonne|account_farm_creation_massive","6","3370","3370","3369"
"541c5304-25a1-4898-830d-c26b244f377c","twitninfuser0438","2026-07-22T03:02:04.210Z","100","like_raid_coordonne|account_farm_creation_massive","6","3370","3370","3369"
"d78b3716-f59d-4d80-be7c-006516f5a270","twitninfuser0439","2026-07-22T03:02:04.210Z","100","like_raid_coordonne|account_farm_creation_massive","6","3370","3370","3369"
"77a01125-e441-4e5a-b8e1-5a1899c9f77f","twitninfuser0440","2026-07-22T03:02:04.210Z","100","like_raid_coordonne|account_farm_creation_massive","6","3370","3370","3369"
"eb174972-369c-4717-bb8f-9f4d8588960d","twitninfuser0441","2026-07-22T03:02:04.210Z","100","like_raid_coordonne|account_farm_creation_massive","6","3370","3370","3369"
"79abe329-842c-4b8d-be41-5bc0b2414f07","twitninfuser0442","2026-07-22T03:02:04.210Z","100","like_raid_coordonne|account_farm_creation_massive","6","3370","3370","3369"
"3d14b2db-3f80-4be9-8156-25682859c47d","twitninfuser0443","2026-07-22T03:02:04.210Z","100","like_raid_coordonne|account_farm_creation_massive","6","3370","3370","3369"
"e68a3791-149b-4cbe-89d9-46425406a9d1","twitninfuser0444","2026-07-22T03:02:04.210Z","100","like_raid_coordonne|account_farm_creation_massive","6","3370","3370","3369"
"b2af358b-66f8-4edf-bdc8-a0a91efc4043","twitninfuser0445","2026-07-22T03:02:04.210Z","100","like_raid_coordonne|account_farm_creation_massive","6","3370","3370","3369"
"9ba73071-facc-4736-be2d-d2578edc1f18","twitninfuser0446","2026-07-22T03:02:04.211Z","100","like_raid_coordonne|account_farm_creation_massive","6","3370","3370","3369"
"ad35dfb4-f7f4-4020-8e3b-9383a7346903","twitninfuser0447","2026-07-22T03:02:04.211Z","100","like_raid_coordonne|account_farm_creation_massive","6","3370","3370","3369"
"31dea5a3-7b9c-461b-aa9f-acd5f1dbd834","twitninfuser0448","2026-07-22T03:02:04.211Z","100","like_raid_coordonne|account_farm_creation_massive","6","3370","3370","3369"
"80218f56-5f0b-4bbf-ae4d-428478c6bf2c","twitninfuser0449","2026-07-22T03:02:04.211Z","100","like_raid_coordonne|account_farm_creation_massive","6","3370","3370","3369"
"73b9e1d2-cf20-47b3-b159-93f4b4da8775","twitninfuser0450","2026-07-22T03:02:04.211Z","100","like_raid_coordonne|account_farm_creation_massive","6","3370","3370","3369"
"8a6d17ba-4694-434d-a206-a62832af49cc","twitninfuser0451","2026-07-22T03:02:04.211Z","100","like_raid_coordonne|account_farm_creation_massive","6","3370","3370","3369"
"3e6bcae8-632c-42c9-8348-2c3a2904fbd1","twitninfuser0452","2026-07-22T03:02:04.211Z","100","like_raid_coordonne|account_farm_creation_massive","6","3370","3370","3369"
"986b6e1b-9f42-443d-9be5-06589eb41ed5","twitninfuser0453","2026-07-22T03:02:04.211Z","100","like_raid_coordonne|account_farm_creation_massive","6","3370","3370","3369"
"49975cf7-c158-4664-83a2-e1f0d7441943","twitninfuser0454","2026-07-22T03:02:04.211Z","100","like_raid_coordonne|account_farm_creation_massive","6","3370","3370","3369"
"80b7009a-39e9-4d78-aca1-f2ad9694557d","twitninfuser0455","2026-07-22T03:02:04.211Z","100","like_raid_coordonne|account_farm_creation_massive","6","3370","3370","3369"
"6320d5f0-75e1-482a-8d6f-83eaaca5ceca","twitninfuser0456","2026-07-22T03:02:04.211Z","100","like_raid_coordonne|account_farm_creation_massive","6","3370","3370","3369"
"62eefe50-1bb1-461e-9924-8542fa531b02","twitninfuser0457","2026-07-22T03:02:04.211Z","100","like_raid_coordonne|account_farm_creation_massive","6","3370","3370","3369"
"53755b38-8965-419e-8bd7-0596663991da","twitninfuser0458","2026-07-22T03:02:04.211Z","100","like_raid_coordonne|account_farm_creation_massive","6","3370","3370","3369"
"1039d30c-c365-431c-b864-911741f93658","twitninfuser0459","2026-07-22T03:02:04.211Z","100","like_raid_coordonne|account_farm_creation_massive","6","3370","3370","3369"
"7ac6879a-6b98-4c22-b5e1-9ea06e0431f4","twitninfuser0460","2026-07-22T03:02:04.211Z","100","like_raid_coordonne|account_farm_creation_massive","6","3370","3370","3369"
"7b06eee5-8840-4316-8f12-b2887193e387","twitninfuser0461","2026-07-22T03:02:04.211Z","100","like_raid_coordonne|account_farm_creation_massive","6","3370","3370","3369"
"70f3c7cc-aa7a-4aa9-9807-3a6b5736991f","twitninfuser0462","2026-07-22T03:02:04.211Z","100","like_raid_coordonne|account_farm_creation_massive","6","3370","3370","3369"
"4659988f-3a89-496a-9bc1-66f5d09c6235","twitninfuser0463","2026-07-22T03:02:04.211Z","100","like_raid_coordonne|account_farm_creation_massive","6","3370","3370","3369"
"c1328b02-3f9b-4074-8916-d95b9edf6a9e","twitninfuser0464","2026-07-22T03:02:04.211Z","100","like_raid_coordonne|account_farm_creation_massive","6","3370","3370","3369"
"ba0e4a98-a17f-408a-9d79-8ea2dabc89d5","twitninfuser0465","2026-07-22T03:02:04.211Z","100","like_raid_coordonne|account_farm_creation_massive","6","3370","3370","3369"
"b4606641-a514-4a05-a6b1-d45e81012d0b","twitninfuser0466","2026-07-22T03:02:04.211Z","100","like_raid_coordonne|account_farm_creation_massive","6","3370","3370","3369"
"ae17dbd5-1f40-4205-8d7e-4c3a631c153f","twitninfuser0467","2026-07-22T03:02:04.211Z","100","like_raid_coordonne|account_farm_creation_massive","6","3370","3370","3369"
"606a5a99-3319-4c2d-b7ab-a89deabd9ef2","twitninfuser0468","2026-07-22T03:02:04.211Z","100","like_raid_coordonne|account_farm_creation_massive","6","3370","3370","3369"
"54a1275c-3255-403b-9b22-0a2e6a4eda7b","twitninfuser0469","2026-07-22T03:02:04.211Z","100","like_raid_coordonne|account_farm_creation_massive","6","3370","3370","3369"
"1d95d53c-a1ab-4700-9a28-6b6ef0dea888","twitninfuser0470","2026-07-22T03:02:04.211Z","100","like_raid_coordonne|account_farm_creation_massive","6","3370","3370","3369"
"2db3b216-cf0c-4a3d-bf96-386f2cceade5","twitninfuser0471","2026-07-22T03:02:04.211Z","100","like_raid_coordonne|account_farm_creation_massive","6","3370","3370","3369"
"492511db-289e-4372-90f4-d0286e5e9df3","twitninfuser0472","2026-07-22T03:02:04.211Z","100","like_raid_coordonne|account_farm_creation_massive","6","3370","3370","3369"
"2f463adc-3da9-4c72-b66a-4b14f27adbe9","twitninfuser0473","2026-07-22T03:02:04.211Z","100","like_raid_coordonne|account_farm_creation_massive","6","3370","3370","3369"
"0ad9f93d-a739-415b-ba67-8757baf57c17","twitninfuser0474","2026-07-22T03:02:04.211Z","100","like_raid_coordonne|account_farm_creation_massive","6","3370","3370","3369"
"1b0aba8b-e266-40b0-98a1-04b5b35b35f7","twitninfuser0475","2026-07-22T03:02:04.211Z","100","like_raid_coordonne|account_farm_creation_massive","6","3370","3370","3369"
"72336a65-f6be-4c0f-907f-2f082eb83614","twitninfuser0476","2026-07-22T03:02:04.211Z","100","like_raid_coordonne|account_farm_creation_massive","6","3370","3370","3369"
"0e65ed78-7f7d-4be3-9861-3adac8c4a2a4","twitninfuser0477","2026-07-22T03:02:04.211Z","100","like_raid_coordonne|account_farm_creation_massive","6","3370","3370","3369"
"885c6f9e-610d-481e-9eb4-7b79752d2813","twitninfuser0478","2026-07-22T03:02:04.211Z","100","like_raid_coordonne|account_farm_creation_massive","6","3370","3370","3369"
"3210f894-f44c-448d-b6b0-919713d4abf1","twitninfuser0479","2026-07-22T03:02:04.211Z","100","like_raid_coordonne|account_farm_creation_massive","6","3370","3370","3369"
"5013beb8-b5e7-43a7-a3cf-bd1fd0751ae6","twitninfuser0480","2026-07-22T03:02:04.211Z","100","like_raid_coordonne|account_farm_creation_massive","6","3370","3370","3369"
"dbc78127-a0c6-4b38-95df-5ee6b86b9e5a","twitninfuser0481","2026-07-22T03:02:04.211Z","100","like_raid_coordonne|account_farm_creation_massive","6","3370","3370","3369"
"0f60ca29-0694-4580-bd07-c7f456b493b2","twitninfuser0482","2026-07-22T03:02:04.211Z","100","like_raid_coordonne|account_farm_creation_massive","6","3370","3370","3369"
"4ac4f140-43a9-4a81-b85d-17db350b44ca","twitninfuser0483","2026-07-22T03:02:04.211Z","100","like_raid_coordonne|account_farm_creation_massive","6","3370","3370","3369"
"c6f94c00-42f3-4806-a5a5-38e7bf3f7586","twitninfuser0484","2026-07-22T03:02:04.211Z","100","like_raid_coordonne|account_farm_creation_massive","6","3370","3370","3369"
"bfc6c989-480d-4187-814f-e664b91ecd67","twitninfuser0485","2026-07-22T03:02:04.211Z","100","like_raid_coordonne|account_farm_creation_massive","6","3370","3370","3369"
"20336e77-d5f7-49de-b1b3-950c9df70a3b","twitninfuser0486","2026-07-22T03:02:04.211Z","100","like_raid_coordonne|account_farm_creation_massive","6","3370","3370","3369"
"fd98beef-aab7-4345-b137-6d1c64530f33","twitninfuser0487","2026-07-22T03:02:04.211Z","100","like_raid_coordonne|account_farm_creation_massive","6","3370","3370","3369"
"dc75b1ee-6cae-44de-8f19-8aa30f9e2125","twitninfuser0488","2026-07-22T03:02:04.211Z","100","like_raid_coordonne|account_farm_creation_massive","6","3370","3370","3369"
"cc00694f-ab24-418d-aef4-109bcae57267","twitninfuser0489","2026-07-22T03:02:04.211Z","100","like_raid_coordonne|account_farm_creation_massive","6","3370","3370","3369"
"29bc9d9d-5564-4987-89ed-2c1072120093","twitninfuser0490","2026-07-22T03:02:04.211Z","100","like_raid_coordonne|account_farm_creation_massive","6","3370","3370","3369"
"8e0b8a66-6137-4988-9186-4c45764fa031","twitninfuser0491","2026-07-22T03:02:04.211Z","100","like_raid_coordonne|account_farm_creation_massive","6","3370","3370","3369"
"8f886272-67ce-4433-beff-c528f09a0fe1","twitninfuser0492","2026-07-22T03:02:04.211Z","100","like_raid_coordonne|account_farm_creation_massive","6","3370","3370","3369"
"d0dd5b14-c332-4920-8e0b-693f4bc7cbb2","twitninfuser0493","2026-07-22T03:02:04.211Z","100","like_raid_coordonne|account_farm_creation_massive","6","3370","3370","3369"
"dc7dfe31-2f64-4c32-bc30-80a6ced56023","twitninfuser0494","2026-07-22T03:02:04.211Z","100","like_raid_coordonne|account_farm_creation_massive","6","3370","3370","3369"
"e822a171-73a0-486c-8946-97fa4182697d","twitninfuser0495","2026-07-22T03:02:04.211Z","100","like_raid_coordonne|account_farm_creation_massive","6","3370","3370","3369"
"a6dfc0a3-9bf9-4b51-9765-4bda75294437","twitninfuser0496","2026-07-22T03:02:04.211Z","100","like_raid_coordonne|account_farm_creation_massive","6","3370","3370","3369"
"ac15af29-7f78-4480-92ff-f223cbbdb01d","twitninfuser0497","2026-07-22T03:02:04.211Z","100","like_raid_coordonne|account_farm_creation_massive","6","3370","3370","3369"
"15195e66-c9e4-4fd9-a39a-a2a9b05aa97e","twitninfuser0498","2026-07-22T03:02:04.211Z","100","like_raid_coordonne|account_farm_creation_massive","6","3370","3370","3369"
"07b6ae44-3d18-4ee7-8c1a-1ae28f3f1ed2","twitninfuser0499","2026-07-22T03:02:04.211Z","100","like_raid_coordonne|account_farm_creation_massive","6","3370","3370","3369"
"8709dc77-1bfa-494c-bf7f-35000bad7e7d","twitninfuser0500","2026-07-22T03:02:04.211Z","100","like_raid_coordonne|account_farm_creation_massive","6","3370","3370","3369"
"22649212-cf10-473c-a2f1-deaae8e82041","twitninfuser0501","2026-07-22T03:02:04.211Z","100","like_raid_coordonne|account_farm_creation_massive","6","3370","3370","3369"
"611a6f95-2c45-4646-9edc-d39429ab07db","twitninfuser0502","2026-07-22T03:02:04.211Z","100","like_raid_coordonne|account_farm_creation_massive","6","3370","3370","3369"
"9f5b313a-8867-4fab-a01b-999717ca37c6","twitninfuser0503","2026-07-22T03:02:04.211Z","100","like_raid_coordonne|account_farm_creation_massive","6","3370","3370","3369"
"701177c5-05e7-4032-bea8-ad8065dc4183","twitninfuser0504","2026-07-22T03:02:04.211Z","100","like_raid_coordonne|account_farm_creation_massive","6","3370","3370","3369"
"edafc883-2b0c-401b-acb8-a06260183f61","twitninfuser0505","2026-07-22T03:02:04.211Z","100","like_raid_coordonne|account_farm_creation_massive","6","3370","3370","3369"
"8785c071-f8e3-4fc5-9003-30766404649c","twitninfuser0506","2026-07-22T03:02:04.211Z","100","like_raid_coordonne|account_farm_creation_massive","6","3370","3370","3369"
"fe8db81c-3242-4ce4-aa7f-e8b6b133d35b","twitninfuser0507","2026-07-22T03:02:04.211Z","100","like_raid_coordonne|account_farm_creation_massive","6","3370","3370","3369"
"f8e41c65-b633-4b87-b8c9-916250240ed3","twitninfuser0508","2026-07-22T03:02:04.211Z","100","like_raid_coordonne|account_farm_creation_massive","6","3370","3370","3369"
"4a1135fd-84bb-4a66-894d-7e6ccbb2d877","twitninfuser0509","2026-07-22T03:02:04.211Z","100","like_raid_coordonne|account_farm_creation_massive","6","3370","3370","3369"
"d47f5b57-9454-4abf-99e6-11609b51c388","twitninfuser0510","2026-07-22T03:02:04.211Z","100","like_raid_coordonne|account_farm_creation_massive","6","3370","3370","3369"
"24d74964-0572-4c16-b467-4732700e334d","twitninfuser0511","2026-07-22T03:02:04.211Z","100","like_raid_coordonne|account_farm_creation_massive","6","3370","3370","3369"
"c6269646-d358-48b2-8e20-a10158e257a4","twitninfuser0512","2026-07-22T03:02:04.211Z","100","like_raid_coordonne|account_farm_creation_massive","6","3370","3370","3369"
"4d16d65b-e14c-4ec0-a867-0c77ce584488","twitninfuser0513","2026-07-22T03:02:04.211Z","100","like_raid_coordonne|account_farm_creation_massive","6","3370","3370","3369"
"a5846f61-0ebf-4c62-84ff-78d9b1810945","twitninfuser0514","2026-07-22T03:02:04.211Z","100","like_raid_coordonne|account_farm_creation_massive","6","3370","3370","3369"
"b9bb4a9f-3006-4d33-91dd-155f27050d61","twitninfuser0515","2026-07-22T03:02:04.211Z","100","like_raid_coordonne|account_farm_creation_massive","6","3370","3370","3369"
"02df25a0-e242-4e0f-9e94-0b6f6373bc23","twitninfuser0516","2026-07-22T03:02:04.211Z","100","like_raid_coordonne|account_farm_creation_massive","6","3370","3370","3369"
"f40c5d1f-ebb1-4718-bd3e-1301ec461ca4","twitninfuser0517","2026-07-22T03:02:04.211Z","100","like_raid_coordonne|account_farm_creation_massive","6","3370","3370","3369"
"59077f18-4e6d-4db3-b8cf-1f1d5f63f3f6","twitninfuser0518","2026-07-22T03:02:04.211Z","100","like_raid_coordonne|account_farm_creation_massive","6","3370","3370","3369"
"35b2df7a-9359-40b4-b638-c46b15941b0d","twitninfuser0519","2026-07-22T03:02:04.211Z","100","like_raid_coordonne|account_farm_creation_massive","6","3370","3370","3369"
"b9ff9b3c-3452-492f-92cf-afa25a6bb2c1","twitninfuser0520","2026-07-22T03:02:04.211Z","100","like_raid_coordonne|account_farm_creation_massive","6","3370","3370","3369"
"ba9eda43-ea3b-4d95-9db2-2d2f4520d57f","twitninfuser0521","2026-07-22T03:02:04.211Z","100","like_raid_coordonne|account_farm_creation_massive","6","3370","3370","3369"
"78b82e39-c219-4743-a0ff-199a997e9c68","twitninfuser0522","2026-07-22T03:02:04.211Z","100","like_raid_coordonne|account_farm_creation_massive","6","3370","3370","3369"
"a49ecf6b-772d-43e6-817c-b23b6d35fd31","twitninfuser0523","2026-07-22T03:02:04.211Z","100","like_raid_coordonne|account_farm_creation_massive","6","3370","3370","3369"
"91adb102-1e63-49a8-a72e-c165e8cbbbdd","twitninfuser0524","2026-07-22T03:02:04.211Z","100","like_raid_coordonne|account_farm_creation_massive","6","3370","3370","3369"
"c49c68d3-0ab7-455f-afa0-1c2b51612da4","twitninfuser0525","2026-07-22T03:02:04.211Z","100","like_raid_coordonne|account_farm_creation_massive","6","3370","3370","3369"
"b7f2e3cc-b47a-4948-be3e-cf174d6d318a","twitninfuser0526","2026-07-22T03:02:04.211Z","100","like_raid_coordonne|account_farm_creation_massive","6","3370","3370","3369"
"cda84454-4d41-4a02-917f-c628d4e8fa84","twitninfuser0527","2026-07-22T03:02:04.211Z","100","like_raid_coordonne|account_farm_creation_massive","6","3370","3370","3369"
"8cb5eb82-e023-45cc-8935-f714c54b562d","twitninfuser0528","2026-07-22T03:02:04.211Z","100","like_raid_coordonne|account_farm_creation_massive","6","3370","3370","3369"
"7f046ef9-fbad-48db-bfe5-e288b36145e1","twitninfuser0529","2026-07-22T03:02:04.211Z","100","like_raid_coordonne|account_farm_creation_massive","6","3370","3370","3369"
"3d067ec0-8821-45f6-80b1-b1a62bc430c6","twitninfuser0530","2026-07-22T03:02:04.211Z","100","like_raid_coordonne|account_farm_creation_massive","6","3370","3370","3369"
"9c2ccacc-b6f9-4743-b252-063704925155","twitninfuser0531","2026-07-22T03:02:04.211Z","100","like_raid_coordonne|account_farm_creation_massive","6","3370","3370","3369"
"442d2e45-ad89-4a4c-999d-503d8a38469f","twitninfuser0532","2026-07-22T03:02:04.211Z","100","like_raid_coordonne|account_farm_creation_massive","6","3370","3370","3369"
"7131c8fe-f254-45e2-8eac-f2297a239b03","twitninfuser0533","2026-07-22T03:02:04.211Z","100","like_raid_coordonne|account_farm_creation_massive","6","3370","3370","3369"
"97b1c300-db77-4c5c-8172-a79d6980b493","twitninfuser0534","2026-07-22T03:02:04.211Z","100","like_raid_coordonne|account_farm_creation_massive","6","3370","3370","3369"
"731fd7f0-ade8-4810-a1e9-1afeb77aa7ea","twitninfuser0535","2026-07-22T03:02:04.211Z","100","like_raid_coordonne|account_farm_creation_massive","6","3370","3370","3369"
"4d674464-1264-4557-af13-4b5a7e1485b6","twitninfuser0536","2026-07-22T03:02:04.211Z","100","like_raid_coordonne|account_farm_creation_massive","6","3370","3370","3369"
"709c15c6-743e-4b08-9bfe-7b0196b427d1","twitninfuser0537","2026-07-22T03:02:04.211Z","100","like_raid_coordonne|account_farm_creation_massive","6","3370","3370","3369"
"67d04b23-1dec-4986-a5b8-484b8de5af13","twitninfuser0538","2026-07-22T03:02:04.211Z","100","like_raid_coordonne|account_farm_creation_massive","6","3370","3370","3369"
"5db6b87d-e107-4971-9b39-6b846738ea2e","twitninfuser0539","2026-07-22T03:02:04.211Z","100","like_raid_coordonne|account_farm_creation_massive","6","3370","3370","3369"
"bde3123f-82e0-4ff9-ab0b-fe7feb4a87d1","twitninfuser0540","2026-07-22T03:02:04.211Z","100","like_raid_coordonne|account_farm_creation_massive","6","3370","3370","3369"
"c4327958-3ec5-4a2c-bd3d-7e7a757bde06","twitninfuser0541","2026-07-22T03:02:04.211Z","100","like_raid_coordonne|account_farm_creation_massive","6","3370","3370","3369"
"5703468f-5098-4d0c-8b37-769d26e74085","twitninfuser0542","2026-07-22T03:02:04.211Z","100","like_raid_coordonne|account_farm_creation_massive","6","3370","3370","3369"
"fcccfd46-d9b5-4089-92f4-fb8351c029ce","twitninfuser0543","2026-07-22T03:02:04.211Z","100","like_raid_coordonne|account_farm_creation_massive","6","3370","3370","3369"
"ee77b0b4-479e-41a6-823f-db2fa1c06f3c","twitninfuser0544","2026-07-22T03:02:04.211Z","100","like_raid_coordonne|account_farm_creation_massive","6","3370","3370","3369"
"fa127d06-991f-4fe9-bf8d-e7ddb9607d74","twitninfuser0545","2026-07-22T03:02:04.211Z","100","like_raid_coordonne|account_farm_creation_massive","6","3370","3370","3369"
"050f9884-33a0-429d-aff1-d7f2433c260f","twitninfuser0546","2026-07-22T03:02:04.211Z","100","like_raid_coordonne|account_farm_creation_massive","6","3370","3370","3369"
"37b56568-831e-477e-a3c9-d02426b1050b","twitninfuser0547","2026-07-22T03:02:04.211Z","100","like_raid_coordonne|account_farm_creation_massive","6","3370","3370","3369"
"43e065e2-f52d-49a1-9c27-88a290d7093f","twitninfuser0548","2026-07-22T03:02:04.211Z","100","like_raid_coordonne|account_farm_creation_massive","6","3370","3370","3369"
"7e7420a3-0455-4720-a66b-78d57d7b8295","twitninfuser0549","2026-07-22T03:02:04.211Z","100","like_raid_coordonne|account_farm_creation_massive","6","3370","3370","3369"
"c74eb78c-7eef-43ee-929a-d243f1f87c85","twitninfuser0550","2026-07-22T03:02:04.211Z","100","like_raid_coordonne|account_farm_creation_massive","6","3370","3370","3369"
"027dd71f-c6ad-46b0-9dbe-d821f847c661","twitninfuser0551","2026-07-22T03:02:04.211Z","100","like_raid_coordonne|account_farm_creation_massive","6","3370","3370","3369"
"74aa6dab-5b36-430c-953a-5c0312463f8a","twitninfuser0552","2026-07-22T03:02:04.211Z","100","like_raid_coordonne|account_farm_creation_massive","6","3370","3370","3369"
"38a627be-e134-408a-b9c6-face27e5dee8","twitninfuser0553","2026-07-22T03:02:04.211Z","100","like_raid_coordonne|account_farm_creation_massive","6","3370","3370","3369"
"76cdff23-df7e-4c2f-a41c-bbaae69f36a7","twitninfuser0554","2026-07-22T03:02:04.211Z","100","like_raid_coordonne|account_farm_creation_massive","6","3370","3370","3369"
"0a141eab-f3c1-4ee6-8ac8-ea916fbea565","twitninfuser0555","2026-07-22T03:02:04.211Z","100","like_raid_coordonne|account_farm_creation_massive","6","3370","3370","3369"
"b5a9a8e5-71e6-43a4-a6f5-8f6b072abce6","twitninfuser0556","2026-07-22T03:02:04.211Z","100","like_raid_coordonne|account_farm_creation_massive","6","3370","3370","3369"
"5a113e14-6a01-46de-b519-7e79a494ecc9","twitninfuser0557","2026-07-22T03:02:04.211Z","100","like_raid_coordonne|account_farm_creation_massive","6","3370","3370","3369"
"d12bc7d3-dbed-4be8-99e0-be4513672653","twitninfuser0558","2026-07-22T03:02:04.211Z","100","like_raid_coordonne|account_farm_creation_massive","6","3370","3370","3369"
"1a041e67-d944-4813-a5bc-6f4b029c6f13","twitninfuser0559","2026-07-22T03:02:04.211Z","100","like_raid_coordonne|account_farm_creation_massive","6","3370","3370","3369"
"cd992d96-2256-438a-b10f-52283c3d8267","twitninfuser0560","2026-07-22T03:02:04.211Z","100","like_raid_coordonne|account_farm_creation_massive","6","3370","3370","3369"
"41cfaa4f-94cc-4473-a3f0-82772f051036","twitninfuser0561","2026-07-22T03:02:04.211Z","100","like_raid_coordonne|account_farm_creation_massive","6","3370","3370","3369"
"8f0f500b-2a00-434b-8f12-3d196baee47f","twitninfuser0562","2026-07-22T03:02:04.211Z","100","like_raid_coordonne|account_farm_creation_massive","6","3370","3370","3369"
"24ebc84a-d784-496c-a463-2ed39091bf12","twitninfuser0563","2026-07-22T03:02:04.211Z","100","like_raid_coordonne|account_farm_creation_massive","6","3370","3370","3369"
"eae9fb73-16d4-4ab2-bcc9-254298831541","twitninfuser0564","2026-07-22T03:02:04.211Z","100","like_raid_coordonne|account_farm_creation_massive","6","3370","3370","3369"
"458d9f57-d739-4dcc-bf65-b5e7b270b5c6","twitninfuser0565","2026-07-22T03:02:04.211Z","100","like_raid_coordonne|account_farm_creation_massive","6","3370","3370","3369"
"58db6156-05b0-4b59-acb6-02810ab7a006","twitninfuser0566","2026-07-22T03:02:04.211Z","100","like_raid_coordonne|account_farm_creation_massive","6","3370","3370","3369"
"3f8bcee8-52e0-4ce1-8306-3d8fa6675d1c","twitninfuser0567","2026-07-22T03:02:04.211Z","100","like_raid_coordonne|account_farm_creation_massive","6","3370","3370","3369"
"db5ea1f5-67b8-478c-b467-3dc5720cd9cf","twitninfuser0568","2026-07-22T03:02:04.211Z","100","like_raid_coordonne|account_farm_creation_massive","6","3370","3370","3369"
"e65950fc-e7c8-4bf1-b12d-eac7947e6db1","twitninfuser0569","2026-07-22T03:02:04.211Z","100","like_raid_coordonne|account_farm_creation_massive","6","3370","3370","3369"
"47bbefb1-3ca7-4a80-9a34-f6bf15603883","twitninfuser0570","2026-07-22T03:02:04.211Z","100","like_raid_coordonne|account_farm_creation_massive","6","3370","3370","3369"
"ef3b6f8f-02ae-490a-90aa-e67e4127427d","twitninfuser0571","2026-07-22T03:02:04.211Z","100","like_raid_coordonne|account_farm_creation_massive","6","3370","3370","3369"
"ed6e2bd4-8d90-4e96-b470-1e2101b32d95","twitninfuser0572","2026-07-22T03:02:04.211Z","100","like_raid_coordonne|account_farm_creation_massive","6","3370","3370","3369"
"83f91ac4-9166-4074-b8c0-2e32491f8efc","twitninfuser0573","2026-07-22T03:02:04.211Z","100","like_raid_coordonne|account_farm_creation_massive","6","3370","3370","3369"
"a2072796-5906-4ec8-8928-b952baff5073","twitninfuser0574","2026-07-22T03:02:04.211Z","100","like_raid_coordonne|account_farm_creation_massive","6","3370","3370","3369"
"a68595ea-c03e-4623-bd7e-f293ad279324","twitninfuser0575","2026-07-22T03:02:04.211Z","100","like_raid_coordonne|account_farm_creation_massive","6","3370","3370","3369"
"bd0d0409-927b-4519-b63f-8d24107d27db","twitninfuser0576","2026-07-22T03:02:04.211Z","100","like_raid_coordonne|account_farm_creation_massive","6","3370","3370","3369"
"26cdae68-26f8-4dd3-b68e-6b1e5a000c47","twitninfuser0577","2026-07-22T03:02:04.211Z","100","like_raid_coordonne|account_farm_creation_massive","6","3370","3370","3369"
"3528f4a6-495a-41e8-8240-b61275053015","twitninfuser0578","2026-07-22T03:02:04.211Z","100","like_raid_coordonne|account_farm_creation_massive","6","3370","3370","3369"
"e525e0b8-61cb-4007-87fb-9de1cbb243af","twitninfuser0579","2026-07-22T03:02:04.211Z","100","like_raid_coordonne|account_farm_creation_massive","6","3370","3370","3369"
"93546894-d148-4ded-a0d1-a1cd6923b6e6","twitninfuser0580","2026-07-22T03:02:04.211Z","100","like_raid_coordonne|account_farm_creation_massive","6","3370","3370","3369"
"63d3242a-36b0-4289-a7db-ee95c8c2bf53","twitninfuser0581","2026-07-22T03:02:04.211Z","100","like_raid_coordonne|account_farm_creation_massive","6","3370","3370","3369"
"4a5b6f62-7ff4-4cbc-9d6e-c42676f09f7d","twitninfuser0582","2026-07-22T03:02:04.211Z","100","like_raid_coordonne|account_farm_creation_massive","6","3370","3370","3369"
"fdc88b76-375c-460d-abe8-3f92d3e5093c","twitninfuser0583","2026-07-22T03:02:04.211Z","100","like_raid_coordonne|account_farm_creation_massive","6","3370","3370","3369"
"e5a0c5f7-8467-4c4d-8ea2-0fa991660eb2","twitninfuser0584","2026-07-22T03:02:04.211Z","100","like_raid_coordonne|account_farm_creation_massive","6","3370","3370","3369"
"e6fb14c3-7705-47cb-8493-e39e7f821e53","twitninfuser0585","2026-07-22T03:02:04.211Z","100","like_raid_coordonne|account_farm_creation_massive","6","3370","3370","3369"
"ef43bc0d-dd18-49ce-a9ab-e69fd2d074ab","twitninfuser0586","2026-07-22T03:02:04.211Z","100","like_raid_coordonne|account_farm_creation_massive","6","3370","3370","3369"
"6e5677bf-e933-4cd4-8bcf-c46d7519192e","twitninfuser0587","2026-07-22T03:02:04.211Z","100","like_raid_coordonne|account_farm_creation_massive","6","3370","3370","3369"
"468a31a7-7f02-4208-9c72-0cab2ab28d5c","twitninfuser0588","2026-07-22T03:02:04.211Z","100","like_raid_coordonne|account_farm_creation_massive","6","3370","3370","3369"
"b25fc76e-f3db-4f61-bc66-2c4cec6b28f6","twitninfuser0589","2026-07-22T03:02:04.211Z","100","like_raid_coordonne|account_farm_creation_massive","6","3370","3370","3369"
"fda1675b-56b8-408b-8ea3-7d9949d0e32e","twitninfuser0590","2026-07-22T03:02:04.211Z","100","like_raid_coordonne|account_farm_creation_massive","6","3370","3370","3369"
"847fb477-188c-4c86-99d1-530a2d58b078","twitninfuser0591","2026-07-22T03:02:04.211Z","100","like_raid_coordonne|account_farm_creation_massive","6","3370","3370","3369"
"2be50153-edfc-40cc-85ed-cd9197ec5309","twitninfuser0592","2026-07-22T03:02:04.211Z","100","like_raid_coordonne|account_farm_creation_massive","6","3370","3370","3369"
"8ccff3f1-3264-4e5e-a758-303c827081a8","twitninfuser0593","2026-07-22T03:02:04.211Z","100","like_raid_coordonne|account_farm_creation_massive","6","3370","3370","3369"
"ac83ae32-ea75-44d8-9afc-2578cfcf308a","twitninfuser0594","2026-07-22T03:02:04.211Z","100","like_raid_coordonne|account_farm_creation_massive","6","3370","3370","3369"
"c01fe7d2-9513-4ca5-959a-e659b0bb7cec","twitninfuser0595","2026-07-22T03:02:04.211Z","100","like_raid_coordonne|account_farm_creation_massive","6","3370","3370","3369"
"f8521a65-c029-4bcb-a667-5c21baa0edaf","twitninfuser0596","2026-07-22T03:02:04.211Z","100","like_raid_coordonne|account_farm_creation_massive","6","3370","3370","3369"
"749b0893-9931-4ab7-8386-b056481337e5","twitninfuser0597","2026-07-22T03:02:04.211Z","100","like_raid_coordonne|account_farm_creation_massive","6","3370","3370","3369"
"7c540c45-93ab-4b00-a811-4762630384c5","twitninfuser0598","2026-07-22T03:02:04.211Z","100","like_raid_coordonne|account_farm_creation_massive","6","3370","3370","3369"
"e1428a2c-1c23-4f1c-8207-60ab71789672","twitninfuser0599","2026-07-22T03:02:04.211Z","100","like_raid_coordonne|account_farm_creation_massive","6","3370","3370","3369"
"a39d67d3-89da-4578-9efa-a9896896cd14","twitninfuser0600","2026-07-22T03:02:04.211Z","100","like_raid_coordonne|account_farm_creation_massive","6","3370","3370","3369"
"7cb80618-3b6b-46e6-b7a0-ac50e05ceca5","twitninfuser0601","2026-07-22T03:02:04.211Z","100","like_raid_coordonne|account_farm_creation_massive","6","3370","3370","3369"
"f115170d-b0d8-4c3b-8cd5-feb6a1d2426f","twitninfuser0602","2026-07-22T03:02:04.211Z","100","like_raid_coordonne|account_farm_creation_massive","6","3370","3370","3369"
"6464daa9-5719-4676-bba9-33ba6febcb36","twitninfuser0603","2026-07-22T03:02:04.211Z","100","like_raid_coordonne|account_farm_creation_massive","6","3370","3370","3369"
"7f74c99c-3be0-476b-b3c6-c8b121c9db9c","twitninfuser0604","2026-07-22T03:02:04.211Z","100","like_raid_coordonne|account_farm_creation_massive","6","3370","3370","3369"
"65ba1e44-21c8-4ea9-ad80-d3af0ddb376c","twitninfuser0605","2026-07-22T03:02:04.211Z","100","like_raid_coordonne|account_farm_creation_massive","6","3370","3370","3369"
"97c0b49c-add3-49eb-9331-f152054c2b61","twitninfuser0606","2026-07-22T03:02:04.211Z","100","like_raid_coordonne|account_farm_creation_massive","6","3370","3370","3369"
"7837cc35-23db-437d-8805-97208f5ec72b","twitninfuser0607","2026-07-22T03:02:04.211Z","100","like_raid_coordonne|account_farm_creation_massive","6","3370","3370","3369"
"17231a9a-3ef3-471a-a107-3dce764f770a","twitninfuser0608","2026-07-22T03:02:04.211Z","100","like_raid_coordonne|account_farm_creation_massive","6","3370","3370","3369"
"df86c946-3c90-47c4-b494-d7ca4c643e0b","twitninfuser0609","2026-07-22T03:02:04.211Z","100","like_raid_coordonne|account_farm_creation_massive","6","3370","3370","3369"
"f635e069-37d6-4e63-be89-f4363cbae8a8","twitninfuser0610","2026-07-22T03:02:04.211Z","100","like_raid_coordonne|account_farm_creation_massive","6","3370","3370","3369"
"6895d0a9-08b9-4a2f-91ed-a974f634f90c","twitninfuser0611","2026-07-22T03:02:04.211Z","100","like_raid_coordonne|account_farm_creation_massive","6","3370","3370","3369"
"3b598d28-a468-4468-a545-ea4a043833cc","twitninfuser0612","2026-07-22T03:02:04.211Z","100","like_raid_coordonne|account_farm_creation_massive","6","3370","3370","3369"
"2b946963-bb4b-48e3-a14d-6d75e2e019f7","twitninfuser0613","2026-07-22T03:02:04.211Z","100","like_raid_coordonne|account_farm_creation_massive","6","3370","3370","3369"
"5ee7d7dd-e66e-4b9f-984c-34e6a29e5f8d","twitninfuser0614","2026-07-22T03:02:04.211Z","100","like_raid_coordonne|account_farm_creation_massive","6","3370","3370","3369"
"ac7b2cbd-a430-47f4-a5ae-1803a35a80d0","twitninfuser0615","2026-07-22T03:02:04.211Z","100","like_raid_coordonne|account_farm_creation_massive","6","3370","3370","3369"
"61fe6d74-0796-459b-9f7b-0c1c870d6b65","twitninfuser0616","2026-07-22T03:02:04.211Z","100","like_raid_coordonne|account_farm_creation_massive","6","3370","3370","3369"
"498b17db-95b5-45c7-a41d-a0a636ba7e80","twitninfuser0617","2026-07-22T03:02:04.211Z","100","like_raid_coordonne|account_farm_creation_massive","6","3370","3370","3369"
"101a8915-09da-4847-adc8-610d67ec9e10","twitninfuser0618","2026-07-22T03:02:04.211Z","100","like_raid_coordonne|account_farm_creation_massive","6","3370","3370","3369"
"d57b65ea-372b-49c0-a6f6-5b7bbb901315","twitninfuser0619","2026-07-22T03:02:04.211Z","100","like_raid_coordonne|account_farm_creation_massive","6","3370","3370","3369"
"53ad4afa-95e6-4128-b8a4-952a3e089b77","twitninfuser0620","2026-07-22T03:02:04.211Z","100","like_raid_coordonne|account_farm_creation_massive","6","3370","3370","3369"
"9f75ef93-3242-4ef4-8455-391af728b8da","twitninfuser0621","2026-07-22T03:02:04.211Z","100","like_raid_coordonne|account_farm_creation_massive","6","3370","3370","3369"
"e97a288e-386d-4a17-ba3b-a80da7fdea2e","twitninfuser0622","2026-07-22T03:02:04.211Z","100","like_raid_coordonne|account_farm_creation_massive","6","3370","3370","3369"
"de43c334-62fa-49b5-b4dc-721f4dd43346","twitninfuser0623","2026-07-22T03:02:04.211Z","100","like_raid_coordonne|account_farm_creation_massive","6","3370","3370","3369"
"31d33b8f-d6ca-4cb1-b5e5-6f242cdb37a3","twitninfuser0624","2026-07-22T03:02:04.211Z","100","like_raid_coordonne|account_farm_creation_massive","6","3370","3370","3369"
"f4b6cbcd-ee19-4dbd-9b57-3ba86102adca","twitninfuser0625","2026-07-22T03:02:04.211Z","100","like_raid_coordonne|account_farm_creation_massive","6","3370","3370","3369"
"7a93ed70-c404-462b-9f49-4bad1d2db855","twitninfuser0626","2026-07-22T03:02:04.211Z","100","like_raid_coordonne|account_farm_creation_massive","6","3370","3370","3369"
"01ed2a4a-28c1-46e6-afe6-7d03acbc1565","twitninfuser0627","2026-07-22T03:02:04.211Z","100","like_raid_coordonne|account_farm_creation_massive","6","3370","3370","3369"
"51c86164-d90d-49c2-b78e-a47ea77eba56","twitninfuser0628","2026-07-22T03:02:04.211Z","100","like_raid_coordonne|account_farm_creation_massive","6","3370","3370","3369"
"1da6bce9-5f46-4ed5-9125-49453eea9c58","twitninfuser0629","2026-07-22T03:02:04.211Z","100","like_raid_coordonne|account_farm_creation_massive","6","3370","3370","3369"
"e18695bb-17db-4d1f-a579-0f5d0ca4b1ca","twitninfuser0630","2026-07-22T03:02:04.211Z","100","like_raid_coordonne|account_farm_creation_massive","6","3370","3370","3369"
"dc24d10c-9818-48cc-98fa-873070a27370","twitninfuser0631","2026-07-22T03:02:04.211Z","100","like_raid_coordonne|account_farm_creation_massive","6","3370","3370","3369"
"3f0d05c0-2483-457c-98ae-bc570e96673f","twitninfuser0632","2026-07-22T03:02:04.211Z","100","like_raid_coordonne|account_farm_creation_massive","6","3370","3370","3369"
"2ccf0b0e-66a8-4bc8-8751-96920b09e7a8","twitninfuser0633","2026-07-22T03:02:04.211Z","100","like_raid_coordonne|account_farm_creation_massive","6","3370","3370","3369"
"cc35081c-97e4-417b-8042-0b180604396d","twitninfuser0634","2026-07-22T03:02:04.211Z","100","like_raid_coordonne|account_farm_creation_massive","6","3370","3370","3369"
"75580bd8-b1b4-4bb6-b9d2-56d53d9049df","twitninfuser0635","2026-07-22T03:02:04.211Z","100","like_raid_coordonne|account_farm_creation_massive","6","3370","3370","3369"
"6bc171db-80f9-4ff8-8b45-5a6d6f92a6d4","twitninfuser0636","2026-07-22T03:02:04.211Z","100","like_raid_coordonne|account_farm_creation_massive","6","3370","3370","3369"
"383aee36-a0c6-47c2-b7ab-ae8b0a0c93dd","twitninfuser0637","2026-07-22T03:02:04.211Z","100","like_raid_coordonne|account_farm_creation_massive","6","3370","3370","3369"
"73f06c40-c454-4623-bc11-b804214c1113","twitninfuser0638","2026-07-22T03:02:04.211Z","100","like_raid_coordonne|account_farm_creation_massive","6","3370","3370","3369"
"6b33c717-3565-4670-aead-5f27d8e3ee29","twitninfuser0639","2026-07-22T03:02:04.211Z","100","like_raid_coordonne|account_farm_creation_massive","6","3370","3370","3369"
"f9a26602-c276-470c-98fe-852e08ef3e26","twitninfuser0640","2026-07-22T03:02:04.211Z","100","like_raid_coordonne|account_farm_creation_massive","6","3370","3370","3369"
"9c08a574-efff-49de-b099-8168f205c1bb","twitninfuser0641","2026-07-22T03:02:04.212Z","100","like_raid_coordonne|account_farm_creation_massive","6","3370","3370","3369"
"6ced3f81-7c65-4039-88e0-b20682d626c3","twitninfuser0642","2026-07-22T03:02:04.212Z","100","like_raid_coordonne|account_farm_creation_massive","6","3370","3370","3369"
"2186ed9b-fc71-40af-9574-0a5c80d60cb7","twitninfuser0643","2026-07-22T03:02:04.212Z","100","like_raid_coordonne|account_farm_creation_massive","6","3370","3370","3369"
"0adf683c-561c-41d8-932c-0b8bc3fa5f5e","twitninfuser0644","2026-07-22T03:02:04.212Z","100","like_raid_coordonne|account_farm_creation_massive","6","3370","3370","3369"
"4f98e4b8-8296-4cf0-94f3-57bd03d96317","twitninfuser0645","2026-07-22T03:02:04.212Z","100","like_raid_coordonne|account_farm_creation_massive","6","3370","3370","3369"
"2f7e1e66-5e42-41bc-8529-7707f066c9a7","twitninfuser0646","2026-07-22T03:02:04.212Z","100","like_raid_coordonne|account_farm_creation_massive","6","3370","3370","3369"
"aba28fbd-426c-48e2-829b-235aeb926dd3","twitninfuser0647","2026-07-22T03:02:04.212Z","100","like_raid_coordonne|account_farm_creation_massive","6","3370","3370","3369"
"fa97e707-efda-4fa0-8590-3560df480574","twitninfuser0648","2026-07-22T03:02:04.212Z","100","like_raid_coordonne|account_farm_creation_massive","6","3370","3370","3369"
"2cfae4d7-5a23-4260-bdf7-26e9e7a7dbfb","twitninfuser0649","2026-07-22T03:02:04.212Z","100","like_raid_coordonne|account_farm_creation_massive","6","3370","3370","3369"
"a0c45fc6-08bb-49ea-8fe6-ce79eb3eabfa","twitninfuser0650","2026-07-22T03:02:04.212Z","100","like_raid_coordonne|account_farm_creation_massive","6","3370","3370","3369"
"dd209976-b503-4b62-b940-643a8aad3a2e","twitninfuser0651","2026-07-22T03:02:04.212Z","100","like_raid_coordonne|account_farm_creation_massive","6","3370","3370","3369"
"0d621bb7-44ca-4e0f-80a8-82e7441bfabe","twitninfuser0652","2026-07-22T03:02:04.212Z","100","like_raid_coordonne|account_farm_creation_massive","6","3370","3370","3369"
"1f31d32a-e09b-44d0-af29-2711ebcfcab5","twitninfuser0653","2026-07-22T03:02:04.212Z","100","like_raid_coordonne|account_farm_creation_massive","6","3370","3370","3369"
"335f7f6b-90a8-450c-9d15-4bb21aaa03be","twitninfuser0654","2026-07-22T03:02:04.212Z","100","like_raid_coordonne|account_farm_creation_massive","6","3370","3370","3369"
"960bf4d7-06f5-4d13-aff5-4021294ce8a7","twitninfuser0655","2026-07-22T03:02:04.212Z","100","like_raid_coordonne|account_farm_creation_massive","6","3370","3370","3369"
"dba79855-6183-478c-8898-02c9c16b01c6","twitninfuser0656","2026-07-22T03:02:04.212Z","100","like_raid_coordonne|account_farm_creation_massive","6","3370","3370","3369"
"775e2178-f6e9-4da6-93d7-4b29f7c69c6c","twitninfuser0657","2026-07-22T03:02:04.212Z","100","like_raid_coordonne|account_farm_creation_massive","6","3370","3370","3369"
"0d16f9aa-656f-44c4-8b06-091c329639c2","twitninfuser0658","2026-07-22T03:02:04.212Z","100","like_raid_coordonne|account_farm_creation_massive","6","3370","3370","3369"
"ecb725f3-17a4-4228-bbb7-455048a9b5a3","twitninfuser0659","2026-07-22T03:02:04.212Z","100","like_raid_coordonne|account_farm_creation_massive","6","3370","3370","3369"
"e1fc4980-af9c-4888-9bba-e6a97acdb882","twitninfuser0660","2026-07-22T03:02:04.212Z","100","like_raid_coordonne|account_farm_creation_massive","6","3370","3370","3369"
"cfe655e4-9122-4345-a952-e458660327d4","twitninfuser0661","2026-07-22T03:02:04.212Z","100","like_raid_coordonne|account_farm_creation_massive","6","3370","3370","3369"
"aca78572-5813-4917-9174-398254065ae0","twitninfuser0662","2026-07-22T03:02:04.212Z","100","like_raid_coordonne|account_farm_creation_massive","6","3370","3370","3369"
"a5e3f334-ca26-4411-8ec5-ed53e4ac0052","twitninfuser0663","2026-07-22T03:02:04.212Z","100","like_raid_coordonne|account_farm_creation_massive","6","3370","3370","3369"
"fcdcbf2e-cff0-4a7d-b7d3-05801114ddba","twitninfuser0664","2026-07-22T03:02:04.212Z","100","like_raid_coordonne|account_farm_creation_massive","6","3370","3370","3369"
"044387d0-ae2e-42f8-8c0e-b057090319af","twitninfuser0665","2026-07-22T03:02:04.212Z","100","like_raid_coordonne|account_farm_creation_massive","6","3370","3370","3369"
"e6fbfdfc-100a-4d91-bd2e-c1e41cd75b9e","twitninfuser0666","2026-07-22T03:02:04.212Z","100","like_raid_coordonne|account_farm_creation_massive","6","3370","3370","3369"
"b7c7b63f-a0e9-404c-8d55-f5d61eb20cf7","twitninfuser0667","2026-07-22T03:02:04.212Z","100","like_raid_coordonne|account_farm_creation_massive","6","3370","3370","3369"
"fc1ec971-91f4-4f0c-8dd4-2a145c55f939","twitninfuser0668","2026-07-22T03:02:04.212Z","100","like_raid_coordonne|account_farm_creation_massive","6","3370","3370","3369"
"579cc061-1039-4472-9507-5636dd385a1a","twitninfuser0669","2026-07-22T03:02:04.212Z","100","like_raid_coordonne|account_farm_creation_massive","6","3370","3370","3369"
"721498be-dcae-4975-9383-8c20b463fd56","twitninfuser0670","2026-07-22T03:02:04.212Z","100","like_raid_coordonne|account_farm_creation_massive","6","3370","3370","3369"
"6f0d8f89-5f9e-4b39-84c4-ef6e7f1ad2d9","twitninfuser0671","2026-07-22T03:02:04.212Z","100","like_raid_coordonne|account_farm_creation_massive","6","3370","3370","3369"
"54017fdf-f05f-4005-be09-6de9e731f50f","twitninfuser0672","2026-07-22T03:02:04.212Z","100","like_raid_coordonne|account_farm_creation_massive","6","3370","3370","3369"
"0eda166c-6730-430d-b6a8-f9a67b50f368","twitninfuser0673","2026-07-22T03:02:04.212Z","100","like_raid_coordonne|account_farm_creation_massive","6","3370","3370","3369"
"a7ebcd0b-d838-44cf-ac9d-7026ca5d9d7a","twitninfuser0674","2026-07-22T03:02:04.212Z","100","like_raid_coordonne|account_farm_creation_massive","6","3370","3370","3369"
"14413980-ed00-47d6-a65c-82f66b05b6a1","twitninfuser0675","2026-07-22T03:02:04.212Z","100","like_raid_coordonne|account_farm_creation_massive","6","3370","3370","3369"
"239c0ef6-8767-4f0f-9771-ceac13869706","twitninfuser0676","2026-07-22T03:02:04.212Z","100","like_raid_coordonne|account_farm_creation_massive","6","3370","3370","3369"
"9a077d81-aeb4-4f1a-a1b0-e3f60e821103","twitninfuser0677","2026-07-22T03:02:04.212Z","100","like_raid_coordonne|account_farm_creation_massive","6","3370","3370","3369"
"dcbd713a-e8d0-4dd0-a2db-62a7950a6afd","twitninfuser0678","2026-07-22T03:02:04.212Z","100","like_raid_coordonne|account_farm_creation_massive","6","3370","3370","3369"
"d00d965f-afb0-4b81-8b46-c08defedde30","twitninfuser0679","2026-07-22T03:02:04.212Z","100","like_raid_coordonne|account_farm_creation_massive","6","3370","3370","3369"
"a737d64e-2e55-4cef-b40a-08c69212c6b5","twitninfuser0680","2026-07-22T03:02:04.212Z","100","like_raid_coordonne|account_farm_creation_massive","6","3370","3370","3369"
"7af920db-d9fc-49cb-acbf-4ef248c7a278","twitninfuser0681","2026-07-22T03:02:04.212Z","100","like_raid_coordonne|account_farm_creation_massive","6","3370","3370","3369"
"04ffe996-7651-48a2-9515-15a845827a06","twitninfuser0682","2026-07-22T03:02:04.212Z","100","like_raid_coordonne|account_farm_creation_massive","6","3370","3370","3369"
"b2860f7d-8d90-4b03-b79b-f1d7ae86c79c","twitninfuser0683","2026-07-22T03:02:04.212Z","100","like_raid_coordonne|account_farm_creation_massive","6","3370","3370","3369"
"9d393064-74d6-4bbe-8f9b-195aea4d26d6","twitninfuser0684","2026-07-22T03:02:04.212Z","100","like_raid_coordonne|account_farm_creation_massive","6","3370","3370","3369"
"e28cf984-1e0a-4904-83c3-233dfd7f4a6b","twitninfuser0685","2026-07-22T03:02:04.212Z","100","like_raid_coordonne|account_farm_creation_massive","6","3370","3370","3369"
"5fc049be-7a93-43c2-916a-366a0e32ec35","twitninfuser0686","2026-07-22T03:02:04.212Z","100","like_raid_coordonne|account_farm_creation_massive","6","3370","3370","3369"
"5b7f9830-50aa-46a8-be55-4d4f1f974620","twitninfuser0687","2026-07-22T03:02:04.212Z","100","like_raid_coordonne|account_farm_creation_massive","6","3370","3370","3369"
"460ff547-6d24-4564-9880-a897938f3bf4","twitninfuser0688","2026-07-22T03:02:04.212Z","100","like_raid_coordonne|account_farm_creation_massive","6","3370","3370","3369"
"8e9e4c62-43fd-43de-8247-d6f58d137a73","twitninfuser0689","2026-07-22T03:02:04.212Z","100","like_raid_coordonne|account_farm_creation_massive","6","3370","3370","3369"
"62d24e33-5373-4c00-9b68-7a599b443fd0","twitninfuser0690","2026-07-22T03:02:04.212Z","100","like_raid_coordonne|account_farm_creation_massive","6","3370","3370","3369"
"76612572-c15b-4c4f-9902-9f757d63b769","twitninfuser0691","2026-07-22T03:02:04.212Z","100","like_raid_coordonne|account_farm_creation_massive","6","3370","3370","3369"
"d80fd5c5-383b-4aac-863d-b26937c331ad","twitninfuser0692","2026-07-22T03:02:04.212Z","100","like_raid_coordonne|account_farm_creation_massive","6","3370","3370","3369"
"8228e0fe-c612-433f-be23-a90d50321e99","twitninfuser0693","2026-07-22T03:02:04.212Z","100","like_raid_coordonne|account_farm_creation_massive","6","3370","3370","3369"
"2000995e-847f-43de-bf4b-aecb031412ef","twitninfuser0694","2026-07-22T03:02:04.212Z","100","like_raid_coordonne|account_farm_creation_massive","6","3370","3370","3369"
"ede74b77-7cf7-40d2-88e6-11a2163c9c44","twitninfuser0695","2026-07-22T03:02:04.212Z","100","like_raid_coordonne|account_farm_creation_massive","6","3370","3370","3369"
"6eff6393-eabe-443b-847d-2aedd1e31b12","twitninfuser0696","2026-07-22T03:02:04.212Z","100","like_raid_coordonne|account_farm_creation_massive","6","3370","3370","3369"
"a05d2bf5-4635-4241-91c6-986779518a7a","twitninfuser0697","2026-07-22T03:02:04.212Z","100","like_raid_coordonne|account_farm_creation_massive","6","3370","3370","3369"
"b50a7545-7da6-4090-9857-4f3b3f71c232","twitninfuser0698","2026-07-22T03:02:04.212Z","100","like_raid_coordonne|account_farm_creation_massive","6","3370","3370","3369"
"0a52d494-a4d6-4b10-97c8-7f5c4227333c","twitninfuser0699","2026-07-22T03:02:04.212Z","100","like_raid_coordonne|account_farm_creation_massive","6","3370","3370","3369"
"b1011cf8-24d2-4fdf-bab3-fd5865d413bf","twitninfuser0700","2026-07-22T03:02:04.212Z","100","like_raid_coordonne|account_farm_creation_massive","6","3370","3370","3369"
"b42474e9-5029-464f-86d7-afd61935bba5","twitninfuser0701","2026-07-22T03:02:04.212Z","100","like_raid_coordonne|account_farm_creation_massive","6","3370","3370","3369"
"72965637-9669-4d5b-b74f-e118d85b5624","twitninfuser0702","2026-07-22T03:02:04.212Z","100","like_raid_coordonne|account_farm_creation_massive","6","3370","3370","3369"
"fc98b070-288d-4df9-8a8d-42b22c868271","twitninfuser0703","2026-07-22T03:02:04.212Z","100","like_raid_coordonne|account_farm_creation_massive","6","3370","3370","3369"
"30dfd5a1-236e-4030-82cb-5263f7b8b634","twitninfuser0704","2026-07-22T03:02:04.212Z","100","like_raid_coordonne|account_farm_creation_massive","6","3370","3370","3369"
"b42ec5f3-18c3-4819-9ddd-36df0e52bb19","twitninfuser0705","2026-07-22T03:02:04.212Z","100","like_raid_coordonne|account_farm_creation_massive","6","3370","3370","3369"
"f192b590-7bae-4fe0-a583-daf0ca0ca726","twitninfuser0706","2026-07-22T03:02:04.212Z","100","like_raid_coordonne|account_farm_creation_massive","6","3370","3370","3369"
"341fc689-903a-4744-8801-d9f99c678f80","twitninfuser0707","2026-07-22T03:02:04.212Z","100","like_raid_coordonne|account_farm_creation_massive","6","3370","3370","3369"
"b48a3a90-e767-4c03-ae35-7eb3d66ec7eb","twitninfuser0708","2026-07-22T03:02:04.212Z","100","like_raid_coordonne|account_farm_creation_massive","6","3370","3370","3369"
"98d219bb-dce9-45f1-a112-5d0d781d2305","twitninfuser0709","2026-07-22T03:02:04.212Z","100","like_raid_coordonne|account_farm_creation_massive","6","3370","3370","3369"
"238a7f8b-9cbc-4654-aaac-9c090564cee8","twitninfuser0710","2026-07-22T03:02:04.212Z","100","like_raid_coordonne|account_farm_creation_massive","6","3370","3370","3369"
"b8464020-0f2c-4d96-8a92-b1c88eedbaf7","twitninfuser0711","2026-07-22T03:02:04.212Z","100","like_raid_coordonne|account_farm_creation_massive","6","3370","3370","3369"
"1ff8d5c7-f0c3-49ad-89ea-c99c708c6f74","twitninfuser0712","2026-07-22T03:02:04.212Z","100","like_raid_coordonne|account_farm_creation_massive","6","3370","3370","3369"
"b7fb3563-317f-4c67-93f3-28092f7eb6e2","twitninfuser0713","2026-07-22T03:02:04.212Z","100","like_raid_coordonne|account_farm_creation_massive","6","3370","3370","3369"
"e03108ec-8887-4ee1-a927-44464a8bd6ad","twitninfuser0714","2026-07-22T03:02:04.212Z","100","like_raid_coordonne|account_farm_creation_massive","6","3370","3370","3369"
"5bc517a6-f905-4579-bb86-72acfa66e445","twitninfuser0715","2026-07-22T03:02:04.212Z","100","like_raid_coordonne|account_farm_creation_massive","6","3370","3370","3369"
"a73a067b-7bac-4cb1-a102-aac53491dd8d","twitninfuser0716","2026-07-22T03:02:04.212Z","100","like_raid_coordonne|account_farm_creation_massive","6","3370","3370","3369"
"051ce9fb-9dee-40da-a5ff-94bf9317a6ab","twitninfuser0717","2026-07-22T03:02:04.212Z","100","like_raid_coordonne|account_farm_creation_massive","6","3370","3370","3369"
"2be26feb-a0fb-4f45-bd2b-ec79a953209c","twitninfuser0718","2026-07-22T03:02:04.212Z","100","like_raid_coordonne|account_farm_creation_massive","6","3370","3370","3369"
"0f090628-e3a6-4679-b713-5e7c4477c9b4","twitninfuser0719","2026-07-22T03:02:04.212Z","100","like_raid_coordonne|account_farm_creation_massive","6","3370","3370","3369"
"6d3f986d-eadb-48c2-baa0-72b1251e3dac","twitninfuser0720","2026-07-22T03:02:04.212Z","100","like_raid_coordonne|account_farm_creation_massive","6","3370","3370","3369"
"8678f61b-3d66-4954-98c3-85cc562bb3c0","twitninfuser0721","2026-07-22T03:02:04.212Z","100","like_raid_coordonne|account_farm_creation_massive","6","3370","3370","3369"
"defc3bd2-0aae-49a0-8fc2-803dab354460","twitninfuser0722","2026-07-22T03:02:04.212Z","100","like_raid_coordonne|account_farm_creation_massive","6","3370","3370","3369"
"5ef0034e-6c59-479f-a3be-7635c48cd307","twitninfuser0723","2026-07-22T03:02:04.212Z","100","like_raid_coordonne|account_farm_creation_massive","6","3370","3370","3369"
"e340b90c-2df0-4153-926d-16da96b2baef","twitninfuser0724","2026-07-22T03:02:04.212Z","100","like_raid_coordonne|account_farm_creation_massive","6","3370","3370","3369"
"ed96a7f7-0ff8-46dc-bcfb-07a3c16523ff","twitninfuser0725","2026-07-22T03:02:04.212Z","100","like_raid_coordonne|account_farm_creation_massive","6","3370","3370","3369"
"95e5f1a2-4248-469a-ad55-95e0f46e787d","twitninfuser0726","2026-07-22T03:02:04.212Z","100","like_raid_coordonne|account_farm_creation_massive","6","3370","3370","3369"
"e213ce35-9417-47c7-a238-6acf84cf7379","twitninfuser0727","2026-07-22T03:02:04.212Z","100","like_raid_coordonne|account_farm_creation_massive","6","3370","3370","3369"
"dcb1e167-8352-4ac4-9984-6fd7416b26f5","twitninfuser0728","2026-07-22T03:02:04.212Z","100","like_raid_coordonne|account_farm_creation_massive","6","3370","3370","3369"
"369b36fc-d5e8-4f39-8839-41f80b290756","twitninfuser0729","2026-07-22T03:02:04.212Z","100","like_raid_coordonne|account_farm_creation_massive","6","3370","3370","3369"
"7e7e6fa6-c453-4ac3-8435-513e3637a421","twitninfuser0730","2026-07-22T03:02:04.212Z","100","like_raid_coordonne|account_farm_creation_massive","6","3370","3370","3369"
"460beef9-252b-47e5-87cb-6e5c74688b92","twitninfuser0731","2026-07-22T03:02:04.212Z","100","like_raid_coordonne|account_farm_creation_massive","6","3370","3370","3369"
"a7796bda-68de-4d09-8585-3d03d07f49a6","twitninfuser0732","2026-07-22T03:02:04.212Z","100","like_raid_coordonne|account_farm_creation_massive","6","3370","3370","3369"
"eac6d5fa-2970-45db-a75e-46e9f56b0969","twitninfuser0733","2026-07-22T03:02:04.212Z","100","like_raid_coordonne|account_farm_creation_massive","6","3370","3370","3369"
"e5e44469-b0d5-4e76-99aa-f46905c664d0","twitninfuser0734","2026-07-22T03:02:04.212Z","100","like_raid_coordonne|account_farm_creation_massive","6","3370","3370","3369"
"288cf7f3-3aff-4781-86b5-54cc41bcf8f9","twitninfuser0735","2026-07-22T03:02:04.212Z","100","like_raid_coordonne|account_farm_creation_massive","6","3370","3370","3369"
"34650ab4-d821-4a34-8198-225fd65ed778","twitninfuser0736","2026-07-22T03:02:04.212Z","100","like_raid_coordonne|account_farm_creation_massive","6","3370","3370","3369"
"b894c0c8-cb0f-4d55-b2e5-719ff0a90439","twitninfuser0737","2026-07-22T03:02:04.212Z","100","like_raid_coordonne|account_farm_creation_massive","6","3370","3370","3369"
"adf994df-7ad4-4a13-92b3-dd5e7068e1af","twitninfuser0738","2026-07-22T03:02:04.212Z","100","like_raid_coordonne|account_farm_creation_massive","6","3370","3370","3369"
"9018133a-e058-4093-a514-9e5253831126","twitninfuser0739","2026-07-22T03:02:04.212Z","100","like_raid_coordonne|account_farm_creation_massive","6","3370","3370","3369"
"392e724e-c589-466b-ab89-b17d1b6c5f2d","twitninfuser0740","2026-07-22T03:02:04.212Z","100","like_raid_coordonne|account_farm_creation_massive","6","3370","3370","3369"
"e65ff668-da00-4c2b-8785-de9167f8de7e","twitninfuser0741","2026-07-22T03:02:04.212Z","100","like_raid_coordonne|account_farm_creation_massive","6","3370","3370","3369"
"83a8777e-0378-4935-990a-e498a8a61693","twitninfuser0742","2026-07-22T03:02:04.212Z","100","like_raid_coordonne|account_farm_creation_massive","6","3370","3370","3369"
"e2fe71fb-4daa-4acc-ab7f-417be2d488a0","twitninfuser0743","2026-07-22T03:02:04.212Z","100","like_raid_coordonne|account_farm_creation_massive","6","3370","3370","3369"
"5e5dc786-fccf-4dee-aa6a-d334bc1fa268","twitninfuser0744","2026-07-22T03:02:04.212Z","100","like_raid_coordonne|account_farm_creation_massive","6","3370","3370","3369"
"cf5d4af9-807d-410f-b4c8-d61f0fc60489","twitninfuser0745","2026-07-22T03:02:04.212Z","100","like_raid_coordonne|account_farm_creation_massive","6","3370","3370","3369"
"71a2c97a-745b-440c-9d62-9d67af72b411","twitninfuser0746","2026-07-22T03:02:04.212Z","100","like_raid_coordonne|account_farm_creation_massive","6","3370","3370","3369"
"fc57bed4-eb04-4aae-835e-0aea58ff3bf8","twitninfuser0747","2026-07-22T03:02:04.212Z","100","like_raid_coordonne|account_farm_creation_massive","6","3370","3370","3369"
"556d7712-b483-4caf-be4d-ee89b07e7e6b","twitninfuser0748","2026-07-22T03:02:04.212Z","100","like_raid_coordonne|account_farm_creation_massive","6","3370","3370","3369"
"38adcfd8-a3e8-4523-a6ba-b9e47c8835fe","twitninfuser0749","2026-07-22T03:02:04.212Z","100","like_raid_coordonne|account_farm_creation_massive","6","3370","3370","3369"
"0a0d390b-6b17-4f6e-a862-cf69fc6bf0b2","twitninfuser0750","2026-07-22T03:02:04.212Z","100","like_raid_coordonne|account_farm_creation_massive","6","3370","3370","3369"
"91ef36e3-1d36-445e-9008-4c5344c1d6eb","twitninfuser0751","2026-07-22T03:02:04.212Z","100","like_raid_coordonne|account_farm_creation_massive","5","3370","3370","3369"
"8af9e441-19ec-4d9d-99da-6a15e0d6a25c","twitninfuser0752","2026-07-22T03:02:04.212Z","100","like_raid_coordonne|account_farm_creation_massive","5","3370","3370","3369"
"18ce896a-ed3e-4a55-bc07-27dede3a64b7","twitninfuser0753","2026-07-22T03:02:04.212Z","100","like_raid_coordonne|account_farm_creation_massive","5","3370","3370","3369"
"ba346e7b-58c9-40a4-92f8-0ece12a650b3","twitninfuser0754","2026-07-22T03:02:04.212Z","100","like_raid_coordonne|account_farm_creation_massive","5","3370","3370","3369"
"79d0e0be-95ce-4e3f-a2c0-51f390c455c2","twitninfuser0755","2026-07-22T03:02:04.212Z","100","like_raid_coordonne|account_farm_creation_massive","5","3370","3370","3369"
"8c1a6a95-88c5-4934-94e8-f63b289aad61","twitninfuser0756","2026-07-22T03:02:04.212Z","100","like_raid_coordonne|account_farm_creation_massive","5","3370","3370","3369"
"6c79f07e-305f-4b69-a377-003f58c686b1","twitninfuser0757","2026-07-22T03:02:04.212Z","100","like_raid_coordonne|account_farm_creation_massive","5","3370","3370","3369"
"b6817744-5b70-4cbc-8248-58e96acbaac2","twitninfuser0758","2026-07-22T03:02:04.212Z","100","like_raid_coordonne|account_farm_creation_massive","5","3370","3370","3369"
"079ea7f1-a5d7-4035-812f-44dfea66885b","twitninfuser0759","2026-07-22T03:02:04.212Z","100","like_raid_coordonne|account_farm_creation_massive","5","3370","3370","3369"
"4d10c912-db76-4450-b7f8-978ec3eb0948","twitninfuser0760","2026-07-22T03:02:04.212Z","100","like_raid_coordonne|account_farm_creation_massive","5","3370","3370","3369"
"b9ae5349-c3d2-4f59-9276-77f8c2fd9a48","twitninfuser0761","2026-07-22T03:02:04.212Z","100","like_raid_coordonne|account_farm_creation_massive","5","3370","3370","3369"
"02ff8aec-be45-4ef9-91bb-e7363cc88967","twitninfuser0762","2026-07-22T03:02:04.212Z","100","like_raid_coordonne|account_farm_creation_massive","5","3370","3370","3369"
"ed434f6c-cf6e-4d18-8d82-7b26ee428a1b","twitninfuser0763","2026-07-22T03:02:04.212Z","100","like_raid_coordonne|account_farm_creation_massive","5","3370","3370","3369"
"adbdcd9a-503e-454b-9d1c-be6881eba08e","twitninfuser0764","2026-07-22T03:02:04.212Z","100","like_raid_coordonne|account_farm_creation_massive","5","3370","3370","3369"
"1ccdf15d-49fe-4f55-8007-364bb1198fec","twitninfuser0765","2026-07-22T03:02:04.212Z","100","like_raid_coordonne|account_farm_creation_massive","5","3370","3370","3369"
"570b01ea-4dba-4284-a796-36a7c1850690","twitninfuser0766","2026-07-22T03:02:04.212Z","100","like_raid_coordonne|account_farm_creation_massive","5","3370","3370","3369"
"d7784417-b510-477c-95b5-7b0fb7b661f5","twitninfuser0767","2026-07-22T03:02:04.212Z","100","like_raid_coordonne|account_farm_creation_massive","5","3370","3370","3369"
"4dbe3655-eabb-485e-948a-d6a88059127a","twitninfuser0768","2026-07-22T03:02:04.212Z","100","like_raid_coordonne|account_farm_creation_massive","5","3370","3370","3369"
"93cf432d-7df9-4d21-9585-a53755383065","twitninfuser0769","2026-07-22T03:02:04.212Z","100","like_raid_coordonne|account_farm_creation_massive","5","3370","3370","3369"
"8cb2166f-c2c3-4f54-9eac-4a020a8195e8","twitninfuser0770","2026-07-22T03:02:04.212Z","100","like_raid_coordonne|account_farm_creation_massive","5","3370","3370","3369"
"62f5f73c-3d08-4bfb-85eb-269a8f0a9ea0","twitninfuser0771","2026-07-22T03:02:04.212Z","100","like_raid_coordonne|account_farm_creation_massive","5","3370","3370","3369"
"df7c0b74-8a68-41a8-9349-c7620f203639","twitninfuser0772","2026-07-22T03:02:04.212Z","100","like_raid_coordonne|account_farm_creation_massive","5","3370","3370","3369"
"85b58f9f-7da1-4983-956a-78c5823f7492","twitninfuser0773","2026-07-22T03:02:04.212Z","100","like_raid_coordonne|account_farm_creation_massive","5","3370","3370","3369"
"8a962074-adf9-4488-8bb5-851be72512f2","twitninfuser0774","2026-07-22T03:02:04.212Z","100","like_raid_coordonne|account_farm_creation_massive","5","3370","3370","3369"
"72266f35-e63d-4131-b414-d9bc108dc246","twitninfuser0775","2026-07-22T03:02:04.212Z","100","like_raid_coordonne|account_farm_creation_massive","5","3370","3370","3369"
"af8c28fe-2e2c-42ea-a690-4d1b4a0173a7","twitninfuser0776","2026-07-22T03:02:04.212Z","100","like_raid_coordonne|account_farm_creation_massive","5","3370","3370","3369"
"a24e5618-89df-4d5b-83b6-2d0c6e6076d2","twitninfuser0777","2026-07-22T03:02:04.212Z","100","like_raid_coordonne|account_farm_creation_massive","5","3370","3370","3369"
"d8fc9d66-4a8a-43ca-9912-b0ff48caa067","twitninfuser0778","2026-07-22T03:02:04.212Z","100","like_raid_coordonne|account_farm_creation_massive","5","3370","3370","3369"
"3abaae7d-b3d0-46b1-a357-48d07c2f227c","twitninfuser0779","2026-07-22T03:02:04.212Z","100","like_raid_coordonne|account_farm_creation_massive","5","3370","3370","3369"
"a8e4e405-f408-45d2-9b8f-cd749fde466d","twitninfuser0780","2026-07-22T03:02:04.212Z","100","like_raid_coordonne|account_farm_creation_massive","5","3370","3370","3369"
"f655da85-c5e3-4c89-8f70-0abbed283b6e","twitninfuser0781","2026-07-22T03:02:04.212Z","100","like_raid_coordonne|account_farm_creation_massive","5","3370","3370","3369"
"f6ed2642-e1ae-4b1a-a7cf-86f2506a1492","twitninfuser0782","2026-07-22T03:02:04.212Z","100","like_raid_coordonne|account_farm_creation_massive","5","3370","3370","3369"
"080be1e8-8bac-4bc0-b700-9dca9c77553d","twitninfuser0783","2026-07-22T03:02:04.212Z","100","like_raid_coordonne|account_farm_creation_massive","5","3370","3370","3369"
"d614e97c-e850-431c-ab43-a749dddc3901","twitninfuser0784","2026-07-22T03:02:04.212Z","100","like_raid_coordonne|account_farm_creation_massive","5","3370","3370","3369"
"2a559009-f006-41eb-b04a-82266b43b28a","twitninfuser0785","2026-07-22T03:02:04.212Z","100","like_raid_coordonne|account_farm_creation_massive","5","3370","3370","3369"
"fc7888b3-ecc8-4740-9cbd-e5356e71bec3","twitninfuser0786","2026-07-22T03:02:04.212Z","100","like_raid_coordonne|account_farm_creation_massive","5","3370","3370","3369"
"69014296-1b8e-488c-a06e-5dc61e05c480","twitninfuser0787","2026-07-22T03:02:04.212Z","100","like_raid_coordonne|account_farm_creation_massive","5","3370","3370","3369"
"4a96c30f-893c-45cd-8ee9-4a79e92c300f","twitninfuser0788","2026-07-22T03:02:04.212Z","100","like_raid_coordonne|account_farm_creation_massive","5","3370","3370","3369"
"09c6b59a-e8c3-437a-a4be-a67c19766aea","twitninfuser0789","2026-07-22T03:02:04.212Z","100","like_raid_coordonne|account_farm_creation_massive","5","3370","3370","3369"
"2abbc4cc-a8fe-4289-9e4b-d64ba4a30ce6","twitninfuser0790","2026-07-22T03:02:04.212Z","100","like_raid_coordonne|account_farm_creation_massive","5","3370","3370","3369"
"0d66ada6-f717-48d3-bee2-5a2a27fe26a8","twitninfuser0791","2026-07-22T03:02:04.212Z","100","like_raid_coordonne|account_farm_creation_massive","5","3370","3370","3369"
"20c7b03e-4410-4f8b-94cc-967667ee7e9f","twitninfuser0792","2026-07-22T03:02:04.212Z","100","like_raid_coordonne|account_farm_creation_massive","5","3370","3370","3369"
"4d9d795d-2f57-4dde-a4e7-141363d913ba","twitninfuser0793","2026-07-22T03:02:04.212Z","100","like_raid_coordonne|account_farm_creation_massive","5","3370","3370","3369"
"0e19783d-2763-42d2-ae91-0f8bc43ccb4a","twitninfuser0794","2026-07-22T03:02:04.212Z","100","like_raid_coordonne|account_farm_creation_massive","5","3370","3370","3369"
"b7730daf-3379-475e-a0e2-27c1c35b40a8","twitninfuser0795","2026-07-22T03:02:04.212Z","100","like_raid_coordonne|account_farm_creation_massive","5","3370","3370","3369"
"3c34c029-e2dc-4212-90b7-c2412b76812b","twitninfuser0796","2026-07-22T03:02:04.212Z","100","like_raid_coordonne|account_farm_creation_massive","5","3370","3370","3369"
"0bbf874c-c8c8-40ec-a205-edca3d67a0b7","twitninfuser0797","2026-07-22T03:02:04.212Z","100","like_raid_coordonne|account_farm_creation_massive","5","3370","3370","3369"
"b9c808a1-a220-4291-ad23-b5653acff74c","twitninfuser0798","2026-07-22T03:02:04.212Z","100","like_raid_coordonne|account_farm_creation_massive","5","3370","3370","3369"
"4536be3b-56aa-4a55-9794-993fe941019c","twitninfuser0799","2026-07-22T03:02:04.212Z","100","like_raid_coordonne|account_farm_creation_massive","5","3370","3370","3369"
"ebfb0b05-a880-46a7-8272-e96d5c82dee8","twitninfuser0800","2026-07-22T03:02:04.212Z","100","like_raid_coordonne|account_farm_creation_massive","5","3370","3370","3369"
"379a18ca-7e69-4f33-8de1-960b5ad2c856","twitninfuser0801","2026-07-22T03:02:04.212Z","100","like_raid_coordonne|account_farm_creation_massive","5","3370","3370","3369"
"5d0e9d18-93f7-4b9a-9ca9-26a03192f473","twitninfuser0802","2026-07-22T03:02:04.212Z","100","like_raid_coordonne|account_farm_creation_massive","5","3370","3370","3369"
"f47062b3-ea8a-4d72-aebf-927d16ce9411","twitninfuser0803","2026-07-22T03:02:04.212Z","100","like_raid_coordonne|account_farm_creation_massive","5","3370","3370","3369"
"5fcf7c71-f95c-4af9-aa93-5f11f65617c5","twitninfuser0804","2026-07-22T03:02:04.212Z","100","like_raid_coordonne|account_farm_creation_massive","5","3370","3370","3369"
"75bdd3c2-df92-44b9-b09c-b459c688d4b4","twitninfuser0805","2026-07-22T03:02:04.212Z","100","like_raid_coordonne|account_farm_creation_massive","5","3370","3370","3369"
"55123c1b-882a-4068-acfb-4a06320ed8d3","twitninfuser0806","2026-07-22T03:02:04.212Z","100","like_raid_coordonne|account_farm_creation_massive","5","3370","3370","3369"
"d1ba13b0-2a52-4896-85b1-97c80c48725a","twitninfuser0807","2026-07-22T03:02:04.212Z","100","like_raid_coordonne|account_farm_creation_massive","5","3370","3370","3369"
"9e118d02-e361-4375-9c8c-c7a97373d537","twitninfuser0808","2026-07-22T03:02:04.212Z","100","like_raid_coordonne|account_farm_creation_massive","5","3370","3370","3369"
"9dbc9d98-4f53-42eb-8be5-73864a97b81b","twitninfuser0809","2026-07-22T03:02:04.212Z","100","like_raid_coordonne|account_farm_creation_massive","5","3370","3370","3369"
"0f664d25-184a-4f6d-924d-0a6ec3098d8c","twitninfuser0810","2026-07-22T03:02:04.212Z","100","like_raid_coordonne|account_farm_creation_massive","5","3370","3370","3369"
"daa28339-6bc2-44e6-9461-0dae23a2f9e3","twitninfuser0811","2026-07-22T03:02:04.212Z","100","like_raid_coordonne|account_farm_creation_massive","5","3370","3370","3369"
"5089c808-83a8-40e5-80aa-d898937b48a8","twitninfuser0812","2026-07-22T03:02:04.212Z","100","like_raid_coordonne|account_farm_creation_massive","5","3370","3370","3369"
"c1311f99-3756-4c08-9e7d-28fa986737c3","twitninfuser0813","2026-07-22T03:02:04.212Z","100","like_raid_coordonne|account_farm_creation_massive","5","3370","3370","3369"
"ee795885-2b45-4766-86e6-cb1213a8d525","twitninfuser0814","2026-07-22T03:02:04.212Z","100","like_raid_coordonne|account_farm_creation_massive","5","3370","3370","3369"
"808454f2-d9f7-468a-9fd1-d4d3788137c7","twitninfuser0815","2026-07-22T03:02:04.212Z","100","like_raid_coordonne|account_farm_creation_massive","5","3370","3370","3369"
"ec13f3a1-314a-4e45-9e72-08fb23808212","twitninfuser0816","2026-07-22T03:02:04.212Z","100","like_raid_coordonne|account_farm_creation_massive","5","3370","3370","3369"
"f889db73-12e8-4d11-96e8-15b00853fd00","twitninfuser0817","2026-07-22T03:02:04.212Z","100","like_raid_coordonne|account_farm_creation_massive","5","3370","3370","3369"
"c29a5dc7-69a3-49a4-ba7e-e3230df01e18","twitninfuser0818","2026-07-22T03:02:04.212Z","100","like_raid_coordonne|account_farm_creation_massive","5","3370","3370","3369"
"47dd1704-ff7e-430c-ab87-5ebaf06267b1","twitninfuser0819","2026-07-22T03:02:04.212Z","100","like_raid_coordonne|account_farm_creation_massive","5","3370","3370","3369"
"5f4d3483-dcda-4d18-a5cd-c1351eae2aa1","twitninfuser0820","2026-07-22T03:02:04.212Z","100","like_raid_coordonne|account_farm_creation_massive","5","3370","3370","3369"
"4e1a8c36-c3aa-4a6f-9935-f1b8f3b9d41a","twitninfuser0821","2026-07-22T03:02:04.212Z","100","like_raid_coordonne|account_farm_creation_massive","5","3370","3370","3369"
"8ea8e58d-9231-4c00-a825-cc38ec69cc2f","twitninfuser0822","2026-07-22T03:02:04.212Z","100","like_raid_coordonne|account_farm_creation_massive","5","3370","3370","3369"
"dd01581a-ed3e-46bb-a871-c3e9925785fd","twitninfuser0823","2026-07-22T03:02:04.212Z","100","like_raid_coordonne|account_farm_creation_massive","5","3370","3370","3369"
"24888382-9205-476c-8d37-14f9326c615f","twitninfuser0824","2026-07-22T03:02:04.212Z","100","like_raid_coordonne|account_farm_creation_massive","5","3370","3370","3369"
"9303a6d7-d140-4bb4-abe9-6cc3ca32309e","twitninfuser0825","2026-07-22T03:02:04.212Z","100","like_raid_coordonne|account_farm_creation_massive","5","3370","3370","3369"
"fce5c9e1-6448-42a0-99d4-9bd01be183d7","twitninfuser0826","2026-07-22T03:02:04.212Z","100","like_raid_coordonne|account_farm_creation_massive","5","3370","3370","3369"
"6c3a4da8-91c3-4451-a927-6020eec36614","twitninfuser0827","2026-07-22T03:02:04.212Z","100","like_raid_coordonne|account_farm_creation_massive","5","3370","3370","3369"
"22281248-6e91-4d0f-8bfe-3c445c63b564","twitninfuser0828","2026-07-22T03:02:04.212Z","100","like_raid_coordonne|account_farm_creation_massive","5","3370","3370","3369"
"ed93ee3a-54e1-4ee2-8bbc-0a0ba85f24e1","twitninfuser0829","2026-07-22T03:02:04.212Z","100","like_raid_coordonne|account_farm_creation_massive","5","3370","3370","3369"
"a942be41-60c9-45d1-a5dd-2e5c15d56232","twitninfuser0830","2026-07-22T03:02:04.212Z","100","like_raid_coordonne|account_farm_creation_massive","5","3370","3370","3369"
"0dd5bd1e-d40c-4edf-95eb-71f34027cc7f","twitninfuser0831","2026-07-22T03:02:04.212Z","100","like_raid_coordonne|account_farm_creation_massive","5","3370","3370","3369"
"33d0161b-add2-44ae-982b-94b077c17812","twitninfuser0832","2026-07-22T03:02:04.212Z","100","like_raid_coordonne|account_farm_creation_massive","5","3370","3370","3369"
"a6f23744-2a3f-4b5c-9a8c-a0cfb886ac21","twitninfuser0833","2026-07-22T03:02:04.212Z","100","like_raid_coordonne|account_farm_creation_massive","5","3370","3370","3369"
"c2aefc7c-22c3-4a66-9772-67afa67e0eac","twitninfuser0834","2026-07-22T03:02:04.212Z","100","like_raid_coordonne|account_farm_creation_massive","5","3370","3370","3369"
"576b25a7-e110-4855-ade9-3d744fcd7cea","twitninfuser0835","2026-07-22T03:02:04.212Z","100","like_raid_coordonne|account_farm_creation_massive","5","3370","3370","3369"
"a74a0017-4270-411e-add0-17445ec0c909","twitninfuser0836","2026-07-22T03:02:04.212Z","100","like_raid_coordonne|account_farm_creation_massive","5","3370","3370","3369"
"e1a7ce83-8ce6-45bf-81c5-7ea4a5aef28c","twitninfuser0837","2026-07-22T03:02:04.212Z","100","like_raid_coordonne|account_farm_creation_massive","5","3370","3370","3369"
"2636faf1-9e6f-40e1-8dce-18380d8c77a4","twitninfuser0838","2026-07-22T03:02:04.212Z","100","like_raid_coordonne|account_farm_creation_massive","5","3370","3370","3369"
"14b45e4f-25d3-4d40-8a54-db3db5ba8d58","twitninfuser0839","2026-07-22T03:02:04.212Z","100","like_raid_coordonne|account_farm_creation_massive","5","3370","3370","3369"
"66122505-cfbf-4114-8930-d1dc9b15842f","twitninfuser0840","2026-07-22T03:02:04.212Z","100","like_raid_coordonne|account_farm_creation_massive","5","3370","3370","3369"
"6832cf70-9310-4587-8c65-557bcdb303e9","twitninfuser0841","2026-07-22T03:02:04.212Z","100","like_raid_coordonne|account_farm_creation_massive","5","3370","3370","3369"
"4c928219-e743-4838-bab1-12fc60aa52a5","twitninfuser0842","2026-07-22T03:02:04.212Z","100","like_raid_coordonne|account_farm_creation_massive","5","3370","3370","3369"
"01c55801-61a8-4e4a-ad0a-1a199c108e78","twitninfuser0843","2026-07-22T03:02:04.212Z","100","like_raid_coordonne|account_farm_creation_massive","5","3370","3370","3369"
"ef558fc2-729e-4b5a-8312-499805d6c233","twitninfuser0844","2026-07-22T03:02:04.212Z","100","like_raid_coordonne|account_farm_creation_massive","5","3370","3370","3369"
"91654273-8e2a-4d8e-ba1d-f92c5bdf1f15","twitninfuser0845","2026-07-22T03:02:04.212Z","100","like_raid_coordonne|account_farm_creation_massive","5","3370","3370","3369"
"a0032b2e-3353-4003-86a0-6d4117168580","twitninfuser0846","2026-07-22T03:02:04.212Z","100","like_raid_coordonne|account_farm_creation_massive","5","3370","3370","3369"
"c7cbe1c4-de4f-4e39-bcf2-10622126f56c","twitninfuser0847","2026-07-22T03:02:04.212Z","100","like_raid_coordonne|account_farm_creation_massive","5","3370","3370","3369"
"93a9878d-6b08-4da1-a62f-ef19d0318aaa","twitninfuser0848","2026-07-22T03:02:04.212Z","100","like_raid_coordonne|account_farm_creation_massive","5","3370","3370","3369"
"8a90e08e-ea9b-4394-8eae-be915b142a28","twitninfuser0849","2026-07-22T03:02:04.212Z","100","like_raid_coordonne|account_farm_creation_massive","5","3370","3370","3369"
"600bf4ab-0a39-42d6-a252-5a102e3cb2ef","twitninfuser0850","2026-07-22T03:02:04.212Z","100","like_raid_coordonne|account_farm_creation_massive","5","3370","3370","3369"
"1af28805-a381-4905-9f68-306920fe7342","twitninfuser0851","2026-07-22T03:02:04.212Z","100","like_raid_coordonne|account_farm_creation_massive","5","3370","3370","3369"
"db217855-146c-460a-bc0d-606a6e3e1ed2","twitninfuser0852","2026-07-22T03:02:04.212Z","100","like_raid_coordonne|account_farm_creation_massive","5","3370","3370","3369"
"963ceff5-7b24-474d-b06d-8c0189003547","twitninfuser0853","2026-07-22T03:02:04.212Z","100","like_raid_coordonne|account_farm_creation_massive","5","3370","3370","3369"
"5480b04c-d192-4559-977a-eb9e39866e2b","twitninfuser0854","2026-07-22T03:02:04.212Z","100","like_raid_coordonne|account_farm_creation_massive","5","3370","3370","3369"
"c771f3ed-53b1-4615-9ba0-62272f3fa85e","twitninfuser0855","2026-07-22T03:02:04.212Z","100","like_raid_coordonne|account_farm_creation_massive","5","3370","3370","3369"
"ebb87fc3-24b1-4d5a-9492-afac722ca2d4","twitninfuser0856","2026-07-22T03:02:04.212Z","100","like_raid_coordonne|account_farm_creation_massive","5","3370","3370","3369"
"2adabb6c-c194-4177-91ea-14ed6b3c0154","twitninfuser0857","2026-07-22T03:02:04.212Z","100","like_raid_coordonne|account_farm_creation_massive","5","3370","3370","3369"
"5ad8c967-c164-498d-8deb-524426e88ac4","twitninfuser0858","2026-07-22T03:02:04.212Z","100","like_raid_coordonne|account_farm_creation_massive","5","3370","3370","3369"
"36f196bb-f9bf-4706-b82f-e68a7854b651","twitninfuser0859","2026-07-22T03:02:04.212Z","100","like_raid_coordonne|account_farm_creation_massive","5","3370","3370","3369"
"5cdd0495-b5c1-4aae-b1fe-8bb64a3a993c","twitninfuser0860","2026-07-22T03:02:04.212Z","100","like_raid_coordonne|account_farm_creation_massive","5","3370","3370","3369"
"2c295a71-29db-463e-9f25-1db33a98b869","twitninfuser0861","2026-07-22T03:02:04.212Z","100","like_raid_coordonne|account_farm_creation_massive","5","3370","3370","3369"
"2069a5f9-1480-4977-9e8f-6d9346246c15","twitninfuser0862","2026-07-22T03:02:04.212Z","100","like_raid_coordonne|account_farm_creation_massive","5","3370","3370","3369"
"02e18960-55ab-4c79-ba26-84c6c707ab91","twitninfuser0863","2026-07-22T03:02:04.212Z","100","like_raid_coordonne|account_farm_creation_massive","5","3370","3370","3369"
"25f0a7ae-7792-4242-ab51-77742302cff8","twitninfuser0864","2026-07-22T03:02:04.212Z","100","like_raid_coordonne|account_farm_creation_massive","5","3370","3370","3369"
"e3761b4d-428c-49b7-93cf-1e8fba1e784f","twitninfuser0865","2026-07-22T03:02:04.212Z","100","like_raid_coordonne|account_farm_creation_massive","5","3370","3370","3369"
"bf123ac9-1907-4db5-8dba-85ce91bb043e","twitninfuser0866","2026-07-22T03:02:04.212Z","100","like_raid_coordonne|account_farm_creation_massive","5","3370","3370","3369"
"98146739-7cf5-43e7-845f-78d72c8fcc34","twitninfuser0867","2026-07-22T03:02:04.212Z","100","like_raid_coordonne|account_farm_creation_massive","5","3370","3370","3369"
"6855f959-1576-458c-bf53-6c935b40958d","twitninfuser0868","2026-07-22T03:02:04.212Z","100","like_raid_coordonne|account_farm_creation_massive","5","3370","3370","3369"
"0b0a4a19-ec8b-4806-97f7-ee5edc55ab98","twitninfuser0869","2026-07-22T03:02:04.212Z","100","like_raid_coordonne|account_farm_creation_massive","5","3370","3370","3369"
"996408b8-3158-4916-a82e-57ace2381986","twitninfuser0870","2026-07-22T03:02:04.212Z","100","like_raid_coordonne|account_farm_creation_massive","5","3370","3370","3369"
"a1005347-dbb1-4a9a-b629-95f48038d440","twitninfuser0871","2026-07-22T03:02:04.212Z","100","like_raid_coordonne|account_farm_creation_massive","5","3370","3370","3369"
"94490eb4-e939-4988-8fc5-acfb40a76cad","twitninfuser0872","2026-07-22T03:02:04.212Z","100","like_raid_coordonne|account_farm_creation_massive","5","3370","3370","3369"
"ca3bc929-0aff-414d-aa5f-5251df98ba64","twitninfuser0873","2026-07-22T03:02:04.212Z","100","like_raid_coordonne|account_farm_creation_massive","5","3370","3370","3369"
"06121e2e-421b-48b6-be50-3680a2330eae","twitninfuser0874","2026-07-22T03:02:04.212Z","100","like_raid_coordonne|account_farm_creation_massive","5","3370","3370","3369"
"f6533dd4-7906-4d0c-9233-588fa8123f5a","twitninfuser0875","2026-07-22T03:02:04.212Z","100","like_raid_coordonne|account_farm_creation_massive","5","3370","3370","3369"
"563f392d-405a-46ec-b626-388f1ece87c9","twitninfuser0876","2026-07-22T03:02:04.212Z","100","like_raid_coordonne|account_farm_creation_massive","5","3370","3370","3369"
"26e7d876-eaac-4083-be12-29ecbd8990a8","twitninfuser0877","2026-07-22T03:02:04.212Z","100","like_raid_coordonne|account_farm_creation_massive","5","3370","3370","3369"
"5ff72b1e-1ccc-4f05-85c5-69d593af1fce","twitninfuser0878","2026-07-22T03:02:04.212Z","100","like_raid_coordonne|account_farm_creation_massive","5","3370","3370","3369"
"4cba66e6-0715-42bb-8cc4-bb8cf95abbb9","twitninfuser0879","2026-07-22T03:02:04.212Z","100","like_raid_coordonne|account_farm_creation_massive","5","3370","3370","3369"
"884b37c3-5119-424f-85ed-359b4f113f0f","twitninfuser0880","2026-07-22T03:02:04.212Z","100","like_raid_coordonne|account_farm_creation_massive","5","3370","3370","3369"
"ed58aa18-5ef4-469d-8fde-81e52dcd1159","twitninfuser0881","2026-07-22T03:02:04.212Z","100","like_raid_coordonne|account_farm_creation_massive","5","3370","3370","3369"
"462387e7-e822-4980-b378-db955787ec55","twitninfuser0882","2026-07-22T03:02:04.212Z","100","like_raid_coordonne|account_farm_creation_massive","5","3370","3370","3369"
"db84bbc0-8959-4f2f-b457-606448aeb759","twitninfuser0883","2026-07-22T03:02:04.212Z","100","like_raid_coordonne|account_farm_creation_massive","5","3370","3370","3369"
"e8e5d262-a9d4-4cd3-a961-8a8cfd858e29","twitninfuser0884","2026-07-22T03:02:04.212Z","100","like_raid_coordonne|account_farm_creation_massive","5","3370","3370","3369"
"6616dda7-ca37-4cdf-a321-f8b007381af7","twitninfuser0885","2026-07-22T03:02:04.212Z","100","like_raid_coordonne|account_farm_creation_massive","5","3370","3370","3369"
"bf4dcc05-09e1-493a-acb6-303fc1b8ae10","twitninfuser0886","2026-07-22T03:02:04.212Z","100","like_raid_coordonne|account_farm_creation_massive","5","3370","3370","3369"
"d23cbd51-2b95-412d-8284-7f802a7ad2af","twitninfuser0887","2026-07-22T03:02:04.212Z","100","like_raid_coordonne|account_farm_creation_massive","5","3370","3370","3369"
"eff9e1cb-e83b-46f0-99be-582d6e2ec08a","twitninfuser0888","2026-07-22T03:02:04.212Z","100","like_raid_coordonne|account_farm_creation_massive","5","3370","3370","3369"
"48bd37bd-a4c1-46e1-91d9-4fdff9b6f547","twitninfuser0889","2026-07-22T03:02:04.212Z","100","like_raid_coordonne|account_farm_creation_massive","5","3370","3370","3369"
"9a44ddff-e2eb-4193-aa81-467c90830f63","twitninfuser0890","2026-07-22T03:02:04.212Z","100","like_raid_coordonne|account_farm_creation_massive","5","3370","3370","3369"
"cba18d01-2593-4316-bbe5-4b88638c0288","twitninfuser0891","2026-07-22T03:02:04.212Z","100","like_raid_coordonne|account_farm_creation_massive","5","3370","3370","3369"
"3a115f15-6b40-41f9-8143-94535014ab1d","twitninfuser0892","2026-07-22T03:02:04.212Z","100","like_raid_coordonne|account_farm_creation_massive","5","3370","3370","3369"
"6b6e2f52-b5d5-4d35-9ec7-ff91c75b16ad","twitninfuser0893","2026-07-22T03:02:04.212Z","100","like_raid_coordonne|account_farm_creation_massive","5","3370","3370","3369"
"fb736613-9ef5-4b4f-bd04-1b5565a13bd3","twitninfuser0894","2026-07-22T03:02:04.212Z","100","like_raid_coordonne|account_farm_creation_massive","5","3370","3370","3369"
"feef3f98-9828-4239-9b34-464c57878e73","twitninfuser0895","2026-07-22T03:02:04.212Z","100","like_raid_coordonne|account_farm_creation_massive","5","3370","3370","3369"
"774531cf-1285-488e-a0a9-5425cc2e14e5","twitninfuser0896","2026-07-22T03:02:04.212Z","100","like_raid_coordonne|account_farm_creation_massive","5","3370","3370","3369"
"64ae4efc-5084-4a5c-9d04-9e455a0d1f1e","twitninfuser0897","2026-07-22T03:02:04.212Z","100","like_raid_coordonne|account_farm_creation_massive","5","3370","3370","3369"
"1cb6327b-3540-40bc-a9dd-472314728199","twitninfuser0898","2026-07-22T03:02:04.212Z","100","like_raid_coordonne|account_farm_creation_massive","5","3370","3370","3369"
"582ad45d-5183-4901-8973-761b71aa7181","twitninfuser0899","2026-07-22T03:02:04.212Z","100","like_raid_coordonne|account_farm_creation_massive","5","3370","3370","3369"
"10b16d39-4037-4a11-babc-ea143f968669","twitninfuser0900","2026-07-22T03:02:04.212Z","100","like_raid_coordonne|account_farm_creation_massive","5","3370","3370","3369"
"a4e156b4-8f15-49bc-9ffa-1582cd8f58af","twitninfuser0901","2026-07-22T03:02:04.212Z","100","like_raid_coordonne|account_farm_creation_massive","5","3370","3370","3369"
"42f2debf-5573-425f-a782-3cad354c599c","twitninfuser0902","2026-07-22T03:02:04.212Z","100","like_raid_coordonne|account_farm_creation_massive","5","3370","3370","3369"
"46f8ca88-956e-4c17-ac44-80651d37cf00","twitninfuser0903","2026-07-22T03:02:04.212Z","100","like_raid_coordonne|account_farm_creation_massive","5","3370","3370","3369"
"3651399c-e7f3-4bff-b475-ce6d488d59d1","twitninfuser0904","2026-07-22T03:02:04.212Z","100","like_raid_coordonne|account_farm_creation_massive","5","3370","3370","3369"
"8a40fcfc-d872-4e9c-b2f9-5394d9b39517","twitninfuser0905","2026-07-22T03:02:04.212Z","100","like_raid_coordonne|account_farm_creation_massive","5","3370","3370","3369"
"f3266555-02e8-43d3-ae8e-30eb7e65dc80","twitninfuser0906","2026-07-22T03:02:04.212Z","100","like_raid_coordonne|account_farm_creation_massive","5","3370","3370","3369"
"e8d78c3d-7d90-4ba8-a2bb-a2bc2b24792e","twitninfuser0907","2026-07-22T03:02:04.212Z","100","like_raid_coordonne|account_farm_creation_massive","5","3370","3370","3369"
"4c1f38e0-93ac-4748-a3b9-ea76bccf3829","twitninfuser0908","2026-07-22T03:02:04.212Z","100","like_raid_coordonne|account_farm_creation_massive","5","3370","3370","3369"
"34cf4254-9c7d-4730-b3c0-f9a136c8fd1e","twitninfuser0909","2026-07-22T03:02:04.212Z","100","like_raid_coordonne|account_farm_creation_massive","5","3370","3370","3369"
"ed631977-e69a-4abe-9e71-ee8bc91aa46f","twitninfuser0910","2026-07-22T03:02:04.212Z","100","like_raid_coordonne|account_farm_creation_massive","5","3370","3370","3369"
"017b0746-f05f-4e05-b348-fa74675d8ec3","twitninfuser0911","2026-07-22T03:02:04.212Z","100","like_raid_coordonne|account_farm_creation_massive","5","3370","3370","3369"
"18d16d79-0be7-480c-9824-fa450fd27eb3","twitninfuser0912","2026-07-22T03:02:04.212Z","100","like_raid_coordonne|account_farm_creation_massive","5","3370","3370","3369"
"90a02a5c-4670-4f4d-8df8-314871f98358","twitninfuser0913","2026-07-22T03:02:04.212Z","100","like_raid_coordonne|account_farm_creation_massive","5","3370","3370","3369"
"cc845639-5362-44cb-9992-114acd423335","twitninfuser0914","2026-07-22T03:02:04.212Z","100","like_raid_coordonne|account_farm_creation_massive","5","3370","3370","3369"
"d8bda7b4-2b39-4050-b3d3-f8bfb5678d35","twitninfuser0915","2026-07-22T03:02:04.212Z","100","like_raid_coordonne|account_farm_creation_massive","5","3370","3370","3369"
"ec75ad96-26f7-42fa-9621-cc57442a5578","twitninfuser0916","2026-07-22T03:02:04.212Z","100","like_raid_coordonne|account_farm_creation_massive","5","3370","3370","3369"
"cfb6bf10-6362-4279-8ece-2f2eae0aea9a","twitninfuser0917","2026-07-22T03:02:04.212Z","100","like_raid_coordonne|account_farm_creation_massive","5","3370","3370","3369"
"c4c2b886-817c-4a00-bbbe-c4a28ac7f786","twitninfuser0918","2026-07-22T03:02:04.212Z","100","like_raid_coordonne|account_farm_creation_massive","5","3370","3370","3369"
"fc6c7fcf-262b-4ac7-9361-f2ae3d528d65","twitninfuser0919","2026-07-22T03:02:04.212Z","100","like_raid_coordonne|account_farm_creation_massive","5","3370","3370","3369"
"83a3be05-7080-432e-91ef-5cb5ba121365","twitninfuser0920","2026-07-22T03:02:04.212Z","100","like_raid_coordonne|account_farm_creation_massive","5","3370","3370","3369"
"6c30df04-5078-4d4c-abe6-8fd326f390de","twitninfuser0921","2026-07-22T03:02:04.212Z","100","like_raid_coordonne|account_farm_creation_massive","5","3370","3370","3369"
"7f870640-0795-4f33-8b62-74881207ee8a","twitninfuser0922","2026-07-22T03:02:04.212Z","100","like_raid_coordonne|account_farm_creation_massive","5","3370","3370","3369"
"10d6f414-4676-40ee-9ee9-12d7eaf8e602","twitninfuser0923","2026-07-22T03:02:04.212Z","100","like_raid_coordonne|account_farm_creation_massive","5","3370","3370","3369"
"ce1eaad7-a68a-4c32-a726-5ec3e4617583","twitninfuser0924","2026-07-22T03:02:04.212Z","100","like_raid_coordonne|account_farm_creation_massive","5","3370","3370","3369"
"41ae0921-23b6-4176-9b0b-a15e1658417d","twitninfuser0925","2026-07-22T03:02:04.212Z","100","like_raid_coordonne|account_farm_creation_massive","5","3370","3370","3369"
"0d710b5b-66ca-4b3e-a1d4-1621fb0b6a2c","twitninfuser0926","2026-07-22T03:02:04.212Z","100","like_raid_coordonne|account_farm_creation_massive","5","3370","3370","3369"
"420ae524-5e65-4424-9092-6a8dac040651","twitninfuser0927","2026-07-22T03:02:04.212Z","100","like_raid_coordonne|account_farm_creation_massive","5","3370","3370","3369"
"bf4b1435-bcb1-4dd0-bbd5-c40e0f5dc903","twitninfuser0928","2026-07-22T03:02:04.212Z","100","like_raid_coordonne|account_farm_creation_massive","5","3370","3370","3369"
"53fc1d9f-3204-4efd-a58d-a7ae3af57d7f","twitninfuser0929","2026-07-22T03:02:04.212Z","100","like_raid_coordonne|account_farm_creation_massive","5","3370","3370","3369"
"b8dc7a00-f367-44e3-9014-ca4100fe658f","twitninfuser0930","2026-07-22T03:02:04.212Z","100","like_raid_coordonne|account_farm_creation_massive","5","3370","3370","3369"
"d282ed71-8571-4a87-bc00-a3d7543c26c3","twitninfuser0931","2026-07-22T03:02:04.212Z","100","like_raid_coordonne|account_farm_creation_massive","5","3370","3370","3369"
"3587de00-d453-4d59-8d76-1c64db9796b7","twitninfuser0932","2026-07-22T03:02:04.212Z","100","like_raid_coordonne|account_farm_creation_massive","5","3370","3370","3369"
"9e287312-99f5-4b08-9e9f-a4788023f37d","twitninfuser0933","2026-07-22T03:02:04.212Z","100","like_raid_coordonne|account_farm_creation_massive","5","3370","3370","3369"
"c2614766-450e-4503-bf16-61d1b3aa502b","twitninfuser0934","2026-07-22T03:02:04.212Z","100","like_raid_coordonne|account_farm_creation_massive","5","3370","3370","3369"
"27ab80c8-e801-43c4-85de-7e49f4782acb","twitninfuser0935","2026-07-22T03:02:04.212Z","100","like_raid_coordonne|account_farm_creation_massive","5","3370","3370","3369"
"f0af8997-a8e0-4ee9-9079-7f812f21746a","twitninfuser0936","2026-07-22T03:02:04.212Z","100","like_raid_coordonne|account_farm_creation_massive","5","3370","3370","3369"
"2985883a-11e7-4a57-a08e-785114b0f651","twitninfuser0937","2026-07-22T03:02:04.212Z","100","like_raid_coordonne|account_farm_creation_massive","5","3370","3370","3369"
"14e59fb1-9b0b-4844-a89c-0e430be17dfd","twitninfuser0938","2026-07-22T03:02:04.212Z","100","like_raid_coordonne|account_farm_creation_massive","5","3370","3370","3369"
"e7e83251-c271-4451-a15d-3feb546d9f71","twitninfuser0939","2026-07-22T03:02:04.212Z","100","like_raid_coordonne|account_farm_creation_massive","5","3370","3370","3369"
"b674859f-664d-4f06-a0ed-87c4ef8d8e5a","twitninfuser0940","2026-07-22T03:02:04.212Z","100","like_raid_coordonne|account_farm_creation_massive","5","3370","3370","3369"
"204bd3e6-5da2-436f-8246-42de6dcafa89","twitninfuser0941","2026-07-22T03:02:04.212Z","100","like_raid_coordonne|account_farm_creation_massive","5","3370","3370","3369"
"e4555ecb-5547-4a2b-8b56-d9b49b87b74f","twitninfuser0942","2026-07-22T03:02:04.212Z","100","like_raid_coordonne|account_farm_creation_massive","5","3370","3370","3369"
"e51959b3-eff2-49dc-951d-30b13557ad46","twitninfuser0943","2026-07-22T03:02:04.212Z","100","like_raid_coordonne|account_farm_creation_massive","5","3370","3370","3369"
"24e0deab-f79b-4a7f-bbf1-b82863cfdfff","twitninfuser0944","2026-07-22T03:02:04.212Z","100","like_raid_coordonne|account_farm_creation_massive","5","3370","3370","3369"
"a669c899-79e6-4a56-ac50-36ea01a753c2","twitninfuser0945","2026-07-22T03:02:04.212Z","100","like_raid_coordonne|account_farm_creation_massive","5","3370","3370","3369"
"0849bb72-dea8-49ba-84a0-29aa3048ccf1","twitninfuser0946","2026-07-22T03:02:04.212Z","100","like_raid_coordonne|account_farm_creation_massive","5","3370","3370","3369"
"77d97ebe-76b1-457c-bd40-b10c22910abe","twitninfuser0947","2026-07-22T03:02:04.212Z","100","like_raid_coordonne|account_farm_creation_massive","5","3370","3370","3369"
"4e4d4ad3-974a-4036-a999-e04aa2a69cda","twitninfuser0948","2026-07-22T03:02:04.212Z","100","like_raid_coordonne|account_farm_creation_massive","5","3370","3370","3369"
"6e7b78c7-9bc1-4ac4-8c50-b1f1f1dd916e","twitninfuser0949","2026-07-22T03:02:04.212Z","100","like_raid_coordonne|account_farm_creation_massive","5","3370","3370","3369"
"aa7d89d9-05ce-46c5-95e1-74a6f650af8e","twitninfuser0950","2026-07-22T03:02:04.212Z","100","like_raid_coordonne|account_farm_creation_massive","5","3370","3370","3369"
"d0bd98d2-bc40-455f-97b6-2b6bc55dddde","twitninfuser0951","2026-07-22T03:02:04.212Z","100","like_raid_coordonne|account_farm_creation_massive","5","3370","3370","3369"
"723692ee-006c-4675-8758-3fa907e13bf4","twitninfuser0952","2026-07-22T03:02:04.212Z","100","like_raid_coordonne|account_farm_creation_massive","5","3370","3370","3369"
"d4146258-62c7-4f8c-acaf-c456c8a48c37","twitninfuser0953","2026-07-22T03:02:04.212Z","100","like_raid_coordonne|account_farm_creation_massive","5","3370","3370","3369"
"1e3268e4-8032-4def-a986-78e39ea19f63","twitninfuser0954","2026-07-22T03:02:04.212Z","100","like_raid_coordonne|account_farm_creation_massive","5","3370","3370","3369"
"b6769a0d-36dd-46a8-b655-9d8151259667","twitninfuser0955","2026-07-22T03:02:04.212Z","100","like_raid_coordonne|account_farm_creation_massive","5","3370","3370","3369"
"2b996c34-8261-4496-93b0-704f0cc36bd8","twitninfuser0956","2026-07-22T03:02:04.212Z","100","like_raid_coordonne|account_farm_creation_massive","5","3370","3370","3369"
"3b03e91e-306c-41eb-8808-e5df0b5a4385","twitninfuser0957","2026-07-22T03:02:04.212Z","100","like_raid_coordonne|account_farm_creation_massive","5","3370","3370","3369"
"29a7c9ab-4f3f-4aea-b272-f57f409525c3","twitninfuser0958","2026-07-22T03:02:04.212Z","100","like_raid_coordonne|account_farm_creation_massive","5","3370","3370","3369"
"13825258-4705-4dbf-a26b-3d716128bffa","twitninfuser0959","2026-07-22T03:02:04.212Z","100","like_raid_coordonne|account_farm_creation_massive","5","3370","3370","3369"
"f3c2982d-3b24-4b93-9ccc-cf772bf89f65","twitninfuser0960","2026-07-22T03:02:04.212Z","100","like_raid_coordonne|account_farm_creation_massive","5","3370","3370","3369"
"0c75e4f5-b8f7-4f3f-9f73-68e1d7552e42","twitninfuser0961","2026-07-22T03:02:04.212Z","100","like_raid_coordonne|account_farm_creation_massive","5","3370","3370","3369"
"914e2200-e2a8-408a-924d-db6e29ec1c39","twitninfuser0962","2026-07-22T03:02:04.212Z","100","like_raid_coordonne|account_farm_creation_massive","5","3370","3370","3369"
"f3d57f75-6134-48b2-ac75-9a9b3901d738","twitninfuser0963","2026-07-22T03:02:04.212Z","100","like_raid_coordonne|account_farm_creation_massive","5","3370","3370","3369"
"ece93d63-330c-4c98-a8a4-59c49b36be4d","twitninfuser0964","2026-07-22T03:02:04.212Z","100","like_raid_coordonne|account_farm_creation_massive","5","3370","3370","3369"
"d42dd8bb-542e-4906-92e2-ce08497a669b","twitninfuser0965","2026-07-22T03:02:04.212Z","100","like_raid_coordonne|account_farm_creation_massive","5","3370","3370","3369"
"c0eee015-6ae7-43a5-909c-f9afc6c7edb3","twitninfuser0966","2026-07-22T03:02:04.212Z","100","like_raid_coordonne|account_farm_creation_massive","5","3370","3370","3369"
"2f1ba8cc-999d-4033-aa70-4c7646f8dc5a","twitninfuser0967","2026-07-22T03:02:04.212Z","100","like_raid_coordonne|account_farm_creation_massive","5","3370","3370","3369"
"f7f8a114-2d10-4c0a-9e20-6d0b8125a205","twitninfuser0968","2026-07-22T03:02:04.212Z","100","like_raid_coordonne|account_farm_creation_massive","5","3370","3370","3369"
"2a9edfbb-5a33-4367-8e7e-202955728bbe","twitninfuser0969","2026-07-22T03:02:04.212Z","100","like_raid_coordonne|account_farm_creation_massive","5","3370","3370","3369"
"6d2bffa4-e6ab-4895-824d-4feb5888421d","twitninfuser0970","2026-07-22T03:02:04.212Z","100","like_raid_coordonne|account_farm_creation_massive","5","3370","3370","3369"
"770ed565-21b3-468e-90a4-44d0ec343b14","twitninfuser0971","2026-07-22T03:02:04.212Z","100","like_raid_coordonne|account_farm_creation_massive","5","3370","3370","3369"
"eb6581c7-7706-4143-9b50-3241686ef9d2","twitninfuser0972","2026-07-22T03:02:04.213Z","100","like_raid_coordonne|account_farm_creation_massive","5","3370","3370","3369"
"cd1fa43b-3cd8-4d4c-a6ec-6809eda2c0e6","twitninfuser0973","2026-07-22T03:02:04.213Z","100","like_raid_coordonne|account_farm_creation_massive","5","3370","3370","3369"
"347194f6-7eba-46b7-941f-a4bcf51c69ac","twitninfuser0974","2026-07-22T03:02:04.213Z","100","like_raid_coordonne|account_farm_creation_massive","5","3370","3370","3369"
"e9e426b4-5469-4657-823a-a8522eaa323e","twitninfuser0975","2026-07-22T03:02:04.213Z","100","like_raid_coordonne|account_farm_creation_massive","5","3370","3370","3369"
"f6e892fb-9172-4804-8d4b-18418280f001","twitninfuser0976","2026-07-22T03:02:04.213Z","100","like_raid_coordonne|account_farm_creation_massive","5","3370","3370","3369"
"968c4029-2090-4d15-8952-79a06599a0b5","twitninfuser0977","2026-07-22T03:02:04.213Z","100","like_raid_coordonne|account_farm_creation_massive","5","3370","3370","3369"
"ac5a3c1c-47bb-432d-95c8-c520ffc9bbfb","twitninfuser0978","2026-07-22T03:02:04.213Z","100","like_raid_coordonne|account_farm_creation_massive","5","3370","3370","3369"
"ddbc0dc3-869b-42f8-b225-b41a26ff3686","twitninfuser0979","2026-07-22T03:02:04.213Z","100","like_raid_coordonne|account_farm_creation_massive","5","3370","3370","3369"
"ae491509-be39-477f-af6b-eb8efc42773e","twitninfuser0980","2026-07-22T03:02:04.213Z","100","like_raid_coordonne|account_farm_creation_massive","5","3370","3370","3369"
"0417d13f-7580-4a05-a637-e269f6fb064c","twitninfuser0981","2026-07-22T03:02:04.213Z","100","like_raid_coordonne|account_farm_creation_massive","5","3370","3370","3369"
"6be0dbbc-f7d1-4ac0-ba01-46becb1d43ea","twitninfuser0982","2026-07-22T03:02:04.213Z","100","like_raid_coordonne|account_farm_creation_massive","5","3370","3370","3369"
"584866a5-0b47-4d83-8efd-921dc7be5041","twitninfuser0983","2026-07-22T03:02:04.213Z","100","like_raid_coordonne|account_farm_creation_massive","5","3370","3370","3369"
"670b887a-5058-4e70-9280-78d9bc9ed7f6","twitninfuser0984","2026-07-22T03:02:04.213Z","100","like_raid_coordonne|account_farm_creation_massive","5","3370","3370","3369"
"921ea103-fc52-407c-aa58-4f7ca318ba93","twitninfuser0985","2026-07-22T03:02:04.213Z","100","like_raid_coordonne|account_farm_creation_massive","5","3370","3370","3369"
"7a9de098-7800-47f8-b475-e79128e29396","twitninfuser0986","2026-07-22T03:02:04.213Z","100","like_raid_coordonne|account_farm_creation_massive","5","3370","3370","3369"
"748fdaeb-6e2e-4653-ba38-bd9d382b2417","twitninfuser0987","2026-07-22T03:02:04.213Z","100","like_raid_coordonne|account_farm_creation_massive","5","3370","3370","3369"
"05531f0a-2b0d-4430-b007-29a02b717598","twitninfuser0988","2026-07-22T03:02:04.213Z","100","like_raid_coordonne|account_farm_creation_massive","5","3370","3370","3369"
"51f7a73b-9c8e-4427-90cb-4b08e045e624","twitninfuser0989","2026-07-22T03:02:04.213Z","100","like_raid_coordonne|account_farm_creation_massive","5","3370","3370","3369"
"2b3a86f1-52b2-4997-9d5d-35258efea526","twitninfuser0990","2026-07-22T03:02:04.213Z","100","like_raid_coordonne|account_farm_creation_massive","5","3370","3370","3369"
"cc07eb67-b878-4c5a-ad03-9b70d4b00f14","twitninfuser0991","2026-07-22T03:02:04.213Z","100","like_raid_coordonne|account_farm_creation_massive","5","3370","3370","3369"
"84284210-9c23-4660-b6f1-20be9bb13562","twitninfuser0992","2026-07-22T03:02:04.213Z","100","like_raid_coordonne|account_farm_creation_massive","5","3370","3370","3369"
"90b45b47-cc7d-47a6-858b-48d7fe2eb0a6","twitninfuser0993","2026-07-22T03:02:04.213Z","100","like_raid_coordonne|account_farm_creation_massive","5","3370","3370","3369"
"d8d4e8eb-feff-4f07-85b2-78567aac6ec0","twitninfuser0994","2026-07-22T03:02:04.213Z","100","like_raid_coordonne|account_farm_creation_massive","5","3370","3370","3369"
"d13dd10e-e029-49ee-8c5b-a4e2699522b9","twitninfuser0995","2026-07-22T03:02:04.213Z","100","like_raid_coordonne|account_farm_creation_massive","5","3370","3370","3369"
"56e1b935-ff28-4f2c-8780-f7275d1d67e9","twitninfuser0996","2026-07-22T03:02:04.213Z","100","like_raid_coordonne|account_farm_creation_massive","5","3370","3370","3369"
"ed1c691c-a7de-4c1e-8316-583386889a1b","twitninfuser0997","2026-07-22T03:02:04.213Z","100","like_raid_coordonne|account_farm_creation_massive","5","3370","3370","3369"
"476fb3a7-8f4b-48b3-a6e8-33b592a0aa83","twitninfuser0998","2026-07-22T03:02:04.213Z","100","like_raid_coordonne|account_farm_creation_massive","5","3370","3370","3369"
"deaf7abb-a13e-40d9-ba55-bd9f36ad5115","twitninfuser0999","2026-07-22T03:02:04.213Z","100","like_raid_coordonne|account_farm_creation_massive","5","3370","3370","3369"
"d260efe4-20d8-42b0-bee9-18dba5faded5","twitninfuser1000","2026-07-22T03:02:04.213Z","100","like_raid_coordonne|account_farm_creation_massive","5","3370","3370","3369"
"ad468882-e6bf-4bea-8342-f75fe654520a","twitninfuser1001","2026-07-22T03:02:04.213Z","100","like_raid_coordonne|account_farm_creation_massive","5","3370","3370","3369"
"f40364ed-cb42-46fe-879f-7422f5c390fe","twitninfuser1002","2026-07-22T03:02:04.213Z","100","like_raid_coordonne|account_farm_creation_massive","5","3370","3370","3369"
"a5cfa74d-ecde-4899-b78c-a3c50c6a2eb2","twitninfuser1003","2026-07-22T03:02:04.213Z","100","like_raid_coordonne|account_farm_creation_massive","5","3370","3370","3369"
"7cf45170-9838-4813-9569-eea04bacd25b","twitninfuser1004","2026-07-22T03:02:04.213Z","100","like_raid_coordonne|account_farm_creation_massive","5","3370","3370","3369"
"274bba9d-8c20-4bd7-9ec0-15bde16eed03","twitninfuser1005","2026-07-22T03:02:04.213Z","100","like_raid_coordonne|account_farm_creation_massive","5","3370","3370","3369"
"39d1b3ba-fc62-46ca-9769-e7bd6f57ba83","twitninfuser1006","2026-07-22T03:02:04.213Z","100","like_raid_coordonne|account_farm_creation_massive","5","3370","3370","3369"
"dadb9c0d-5ccb-4c00-88fc-c0d288a89a88","twitninfuser1007","2026-07-22T03:02:04.213Z","100","like_raid_coordonne|account_farm_creation_massive","5","3370","3370","3369"
"ac5d8499-e685-4a37-8cfc-1f9bf0ee4015","twitninfuser1008","2026-07-22T03:02:04.213Z","100","like_raid_coordonne|account_farm_creation_massive","5","3370","3370","3369"
"fde67af6-c47b-40f5-afed-e42d1f64bc89","twitninfuser1009","2026-07-22T03:02:04.213Z","100","like_raid_coordonne|account_farm_creation_massive","5","3370","3370","3369"
"fc20c0b5-c9c9-42fe-a420-8c9211c461e7","twitninfuser1010","2026-07-22T03:02:04.213Z","100","like_raid_coordonne|account_farm_creation_massive","5","3370","3370","3369"
"5eb2b0cf-6eb5-466e-a53f-c3c53d18d5d2","twitninfuser1011","2026-07-22T03:02:04.213Z","100","like_raid_coordonne|account_farm_creation_massive","5","3370","3370","3369"
"dd0f564c-99cd-48ec-96a9-e8e57054ead4","twitninfuser1012","2026-07-22T03:02:04.213Z","100","like_raid_coordonne|account_farm_creation_massive","5","3370","3370","3369"
"c3fcf12f-9566-406b-af5e-dd24b8f77c7a","twitninfuser1013","2026-07-22T03:02:04.213Z","100","like_raid_coordonne|account_farm_creation_massive","5","3370","3370","3369"
"47f00e42-6df3-4264-8656-6fc68a9485d7","twitninfuser1014","2026-07-22T03:02:04.213Z","100","like_raid_coordonne|account_farm_creation_massive","5","3370","3370","3369"
"3192720f-9230-4dbc-b28d-563cdd11c540","twitninfuser1015","2026-07-22T03:02:04.213Z","100","like_raid_coordonne|account_farm_creation_massive","5","3370","3370","3369"
"8918b0a7-3135-4e58-86b0-c9fa23a877cf","twitninfuser1016","2026-07-22T03:02:04.213Z","100","like_raid_coordonne|account_farm_creation_massive","5","3370","3370","3369"
"7283dcb5-0431-4557-a574-3c966ed08b1c","twitninfuser1017","2026-07-22T03:02:04.213Z","100","like_raid_coordonne|account_farm_creation_massive","5","3370","3370","3369"
"99eaf3f7-83c3-40cc-bd3a-3298f435d262","twitninfuser1018","2026-07-22T03:02:04.213Z","100","like_raid_coordonne|account_farm_creation_massive","5","3370","3370","3369"
"6d34aed3-ffcb-443e-86ef-0d40df4b9075","twitninfuser1019","2026-07-22T03:02:04.213Z","100","like_raid_coordonne|account_farm_creation_massive","5","3370","3370","3369"
"25aa9a64-1bc7-4da0-947a-52b98253cb5f","twitninfuser1020","2026-07-22T03:02:04.213Z","100","like_raid_coordonne|account_farm_creation_massive","5","3370","3370","3369"
"7fcf6043-4b19-475c-bac1-48731c63e55f","twitninfuser1021","2026-07-22T03:02:04.213Z","100","like_raid_coordonne|account_farm_creation_massive","5","3370","3370","3369"
"75262256-360c-4be5-9f3f-a01bfbac1e79","twitninfuser1022","2026-07-22T03:02:04.213Z","100","like_raid_coordonne|account_farm_creation_massive","5","3370","3370","3369"
"b15875d3-3665-4fc9-8824-80dfa9338f0e","twitninfuser1023","2026-07-22T03:02:04.213Z","100","like_raid_coordonne|account_farm_creation_massive","5","3370","3370","3369"
"10340986-c31f-431b-bc8a-896407e687a8","twitninfuser1024","2026-07-22T03:02:04.213Z","100","like_raid_coordonne|account_farm_creation_massive","5","3370","3370","3369"
"b3bf6447-bf33-4c77-bc77-1b54c83be728","twitninfuser1025","2026-07-22T03:02:04.213Z","100","like_raid_coordonne|account_farm_creation_massive","5","3370","3370","3369"
"5449d63c-bd25-4e83-8014-b13321ea3071","twitninfuser1026","2026-07-22T03:02:04.213Z","100","like_raid_coordonne|account_farm_creation_massive","5","3370","3370","3369"
"498f1a0b-b220-4ccd-b9e6-337a9517c5aa","twitninfuser1027","2026-07-22T03:02:04.213Z","100","like_raid_coordonne|account_farm_creation_massive","5","3370","3370","3369"
"ebd65fd7-8aba-45a6-9bd4-d8bab6abf704","twitninfuser1028","2026-07-22T03:02:04.213Z","100","like_raid_coordonne|account_farm_creation_massive","5","3370","3370","3369"
"9a0e9dea-2332-4cc8-891f-28f470b1583b","twitninfuser1029","2026-07-22T03:02:04.213Z","100","like_raid_coordonne|account_farm_creation_massive","5","3370","3370","3369"
"b81cf8f1-5c91-4d0e-8d17-363308894f28","twitninfuser1030","2026-07-22T03:02:04.213Z","100","like_raid_coordonne|account_farm_creation_massive","5","3370","3370","3369"
"64827677-c5d4-4884-91fc-403ed7a88566","twitninfuser1031","2026-07-22T03:02:04.213Z","100","like_raid_coordonne|account_farm_creation_massive","5","3370","3370","3369"
"968e5745-41ab-4a93-82e8-be0c33f90190","twitninfuser1032","2026-07-22T03:02:04.213Z","100","like_raid_coordonne|account_farm_creation_massive","5","3370","3370","3369"
"52abf413-458b-45dd-8924-d00c00d79851","twitninfuser1033","2026-07-22T03:02:04.213Z","100","like_raid_coordonne|account_farm_creation_massive","5","3370","3370","3369"
"acda9f12-ff15-4240-9f15-41e21e126ed3","twitninfuser1034","2026-07-22T03:02:04.213Z","100","like_raid_coordonne|account_farm_creation_massive","5","3370","3370","3369"
"bec8ccb3-c89f-422c-a74d-655f3b0e8374","twitninfuser1035","2026-07-22T03:02:04.213Z","100","like_raid_coordonne|account_farm_creation_massive","5","3370","3370","3369"
"741d404a-abbd-4680-bfdb-45fb500a7b4a","twitninfuser1036","2026-07-22T03:02:04.213Z","100","like_raid_coordonne|account_farm_creation_massive","5","3370","3370","3369"
"d4e828e0-008e-4968-807c-a422469394fa","twitninfuser1037","2026-07-22T03:02:04.213Z","100","like_raid_coordonne|account_farm_creation_massive","5","3370","3370","3369"
"df62870b-8d55-4c17-9b91-18d54f6bb0df","twitninfuser1038","2026-07-22T03:02:04.213Z","100","like_raid_coordonne|account_farm_creation_massive","5","3370","3370","3369"
"913106c9-9d7c-4d24-a8cf-4490ff84091d","twitninfuser1039","2026-07-22T03:02:04.213Z","100","like_raid_coordonne|account_farm_creation_massive","5","3370","3370","3369"
"793333d8-bb8e-44c5-8a1d-f7cb9e18970d","twitninfuser1040","2026-07-22T03:02:04.213Z","100","like_raid_coordonne|account_farm_creation_massive","5","3370","3370","3369"
"c1dcd54e-f111-45ce-9e08-1ed76248a07c","twitninfuser1041","2026-07-22T03:02:04.213Z","100","like_raid_coordonne|account_farm_creation_massive","5","3370","3370","3369"
"03d818e0-04f2-4128-8ff1-044af52570c2","twitninfuser1042","2026-07-22T03:02:04.213Z","100","like_raid_coordonne|account_farm_creation_massive","5","3370","3370","3369"
"d26ff2d6-86f2-408e-a3b6-2efc9b0fd950","twitninfuser1043","2026-07-22T03:02:04.213Z","100","like_raid_coordonne|account_farm_creation_massive","5","3370","3370","3369"
"5273eb12-e789-4689-974d-0461b5c23d5d","twitninfuser1044","2026-07-22T03:02:04.213Z","100","like_raid_coordonne|account_farm_creation_massive","5","3370","3370","3369"
"82f1bb85-18e2-4f10-bd02-b0be1cb8aeaa","twitninfuser1045","2026-07-22T03:02:04.213Z","100","like_raid_coordonne|account_farm_creation_massive","5","3370","3370","3369"
"903a7174-2087-4dfa-946d-bb173e424552","twitninfuser1046","2026-07-22T03:02:04.213Z","100","like_raid_coordonne|account_farm_creation_massive","5","3370","3370","3369"
"e267fd06-f4c8-4ea2-a45d-aa6566618e21","twitninfuser1047","2026-07-22T03:02:04.213Z","100","like_raid_coordonne|account_farm_creation_massive","5","3370","3370","3369"
"b87a1a4a-2510-4f78-9f06-1f251c53178f","twitninfuser1048","2026-07-22T03:02:04.213Z","100","like_raid_coordonne|account_farm_creation_massive","5","3370","3370","3369"
"88832d45-2d7b-49a8-a1d9-05b595535aa2","twitninfuser1049","2026-07-22T03:02:04.213Z","100","like_raid_coordonne|account_farm_creation_massive","5","3370","3370","3369"
"1b81dbf0-f213-43d3-bbdf-1b8a4f2083c9","twitninfuser1050","2026-07-22T03:02:04.213Z","100","like_raid_coordonne|account_farm_creation_massive","5","3370","3370","3369"
"da7c8475-131a-4189-85a4-0cea3f4fd792","twitninfuser1051","2026-07-22T03:02:04.213Z","100","like_raid_coordonne|account_farm_creation_massive","5","3370","3370","3369"
"336257dc-7003-431d-bc26-993251d8a0a8","twitninfuser1052","2026-07-22T03:02:04.213Z","100","like_raid_coordonne|account_farm_creation_massive","5","3370","3370","3369"
"733dca6c-ee76-4471-89ef-152acf1f832a","twitninfuser1053","2026-07-22T03:02:04.213Z","100","like_raid_coordonne|account_farm_creation_massive","5","3370","3370","3369"
"833fd6e1-6f2b-4095-a1ce-703ace1d2915","twitninfuser1054","2026-07-22T03:02:04.213Z","100","like_raid_coordonne|account_farm_creation_massive","5","3370","3370","3369"
"b4b7fefe-108c-4964-b24d-0b9e52b64f41","twitninfuser1055","2026-07-22T03:02:04.213Z","100","like_raid_coordonne|account_farm_creation_massive","5","3370","3370","3369"
"0e2640c6-b8cb-4652-af15-a9998808a977","twitninfuser1056","2026-07-22T03:02:04.213Z","100","like_raid_coordonne|account_farm_creation_massive","5","3370","3370","3369"
"88de99d5-da2c-408e-a9b6-654f78efa574","twitninfuser1057","2026-07-22T03:02:04.213Z","100","like_raid_coordonne|account_farm_creation_massive","5","3370","3370","3369"
"d40c538b-35ae-4db1-b275-57d9067ea6c2","twitninfuser1058","2026-07-22T03:02:04.213Z","100","like_raid_coordonne|account_farm_creation_massive","5","3370","3370","3369"
"96d84362-828a-4ad5-809f-c921cb619fe8","twitninfuser1059","2026-07-22T03:02:04.213Z","100","like_raid_coordonne|account_farm_creation_massive","5","3370","3370","3369"
"ea4a5e04-5166-4d37-8757-5e936e790670","twitninfuser1060","2026-07-22T03:02:04.213Z","100","like_raid_coordonne|account_farm_creation_massive","5","3370","3370","3369"
"d6c289c9-3be2-42c6-85bc-2d184161370f","twitninfuser1061","2026-07-22T03:02:04.213Z","100","like_raid_coordonne|account_farm_creation_massive","5","3370","3370","3369"
"d319b4bd-5001-4642-b770-54d07aaf43fc","twitninfuser1062","2026-07-22T03:02:04.213Z","100","like_raid_coordonne|account_farm_creation_massive","5","3370","3370","3369"
"4d59a6e6-e1c1-4efa-8d87-e192d64ace05","twitninfuser1063","2026-07-22T03:02:04.213Z","100","like_raid_coordonne|account_farm_creation_massive","5","3370","3370","3369"
"833202d0-9e33-4588-bb06-9cfbd07b0852","twitninfuser1064","2026-07-22T03:02:04.213Z","100","like_raid_coordonne|account_farm_creation_massive","5","3370","3370","3369"
"dceba792-1405-4653-a6c5-faa97fe6cf0a","twitninfuser1065","2026-07-22T03:02:04.213Z","100","like_raid_coordonne|account_farm_creation_massive","5","3370","3370","3369"
"3d1a0a80-7399-44f3-b710-59071300cba5","twitninfuser1066","2026-07-22T03:02:04.213Z","100","like_raid_coordonne|account_farm_creation_massive","5","3370","3370","3369"
"44aa6ad6-126b-47eb-8d09-d8f78b5fcb8c","twitninfuser1067","2026-07-22T03:02:04.213Z","100","like_raid_coordonne|account_farm_creation_massive","5","3370","3370","3369"
"482bcb79-05af-44bd-b262-10ee286881a5","twitninfuser1068","2026-07-22T03:02:04.213Z","100","like_raid_coordonne|account_farm_creation_massive","5","3370","3370","3369"
"dac9980c-1865-43f2-afe9-fa1d2af86783","twitninfuser1069","2026-07-22T03:02:04.213Z","100","like_raid_coordonne|account_farm_creation_massive","5","3370","3370","3369"
"bca845d3-8f45-4311-8e11-5f1968788d7d","twitninfuser1070","2026-07-22T03:02:04.213Z","100","like_raid_coordonne|account_farm_creation_massive","5","3370","3370","3369"
"87077c4a-ba89-4676-85fc-ba2663bfc0c7","twitninfuser1071","2026-07-22T03:02:04.213Z","100","like_raid_coordonne|account_farm_creation_massive","5","3370","3370","3369"
"82ff9d3e-ec34-49f4-bbd9-fc0f2a4d558f","twitninfuser1072","2026-07-22T03:02:04.213Z","100","like_raid_coordonne|account_farm_creation_massive","5","3370","3370","3369"
"52823e26-15f0-4ada-960a-8ca70bf74e6a","twitninfuser1073","2026-07-22T03:02:04.213Z","100","like_raid_coordonne|account_farm_creation_massive","5","3370","3370","3369"
"cda6069e-8c8c-43ec-a3f8-80dbb0551c73","twitninfuser1074","2026-07-22T03:02:04.213Z","100","like_raid_coordonne|account_farm_creation_massive","5","3370","3370","3369"
"00d93773-6ca3-472b-a221-3a87588ab54d","twitninfuser1075","2026-07-22T03:02:04.213Z","100","like_raid_coordonne|account_farm_creation_massive","5","3370","3370","3369"
"f1ce084d-f732-4b18-905e-92dcbcb8a681","twitninfuser1076","2026-07-22T03:02:04.213Z","100","like_raid_coordonne|account_farm_creation_massive","5","3370","3370","3369"
"9e60eea2-2a3f-43b4-baac-212f236fd516","twitninfuser1077","2026-07-22T03:02:04.213Z","100","like_raid_coordonne|account_farm_creation_massive","5","3370","3370","3369"
"a795b507-9800-4107-9bf0-139fed832e7f","twitninfuser1078","2026-07-22T03:02:04.213Z","100","like_raid_coordonne|account_farm_creation_massive","5","3370","3370","3369"
"94be263f-15d3-4dad-873d-a98b3ef341a0","twitninfuser1079","2026-07-22T03:02:04.213Z","100","like_raid_coordonne|account_farm_creation_massive","5","3370","3370","3369"
"b36959d9-1550-4d59-a53d-323b584f276f","twitninfuser1080","2026-07-22T03:02:04.213Z","100","like_raid_coordonne|account_farm_creation_massive","5","3370","3370","3369"
"c0eea5d0-12af-4030-9d63-61db23c89725","twitninfuser1081","2026-07-22T03:02:04.213Z","100","like_raid_coordonne|account_farm_creation_massive","5","3370","3370","3369"
"9b603bf1-95ff-4735-8850-a93572aa90ff","twitninfuser1082","2026-07-22T03:02:04.213Z","100","like_raid_coordonne|account_farm_creation_massive","5","3370","3370","3369"
"7c6abb3d-3003-46da-b527-d0686ebdb73f","twitninfuser1083","2026-07-22T03:02:04.213Z","100","like_raid_coordonne|account_farm_creation_massive","5","3370","3370","3369"
"6f1ac82b-e7c0-45ed-b4f0-45d30b6a65b3","twitninfuser1084","2026-07-22T03:02:04.213Z","100","like_raid_coordonne|account_farm_creation_massive","5","3370","3370","3369"
"f9f8188e-7904-4fab-8cb5-847830364852","twitninfuser1085","2026-07-22T03:02:04.213Z","100","like_raid_coordonne|account_farm_creation_massive","5","3370","3370","3369"
"f258cd66-7a40-4fde-8a49-f58bf946a70f","twitninfuser1086","2026-07-22T03:02:04.213Z","100","like_raid_coordonne|account_farm_creation_massive","5","3370","3370","3369"
"f31f9862-85b5-4a7c-9034-154419fbf88c","twitninfuser1087","2026-07-22T03:02:04.213Z","100","like_raid_coordonne|account_farm_creation_massive","5","3370","3370","3369"
"f5930330-330b-4003-8aec-6d98a98c17c1","twitninfuser1088","2026-07-22T03:02:04.213Z","100","like_raid_coordonne|account_farm_creation_massive","5","3370","3370","3369"
"a49d9f9e-7e4c-4ba9-b8a5-d80bc13d7f17","twitninfuser1089","2026-07-22T03:02:04.213Z","100","like_raid_coordonne|account_farm_creation_massive","5","3370","3370","3369"
"d4f2d3e3-7353-4049-adb5-1748dfb92c82","twitninfuser1090","2026-07-22T03:02:04.213Z","100","like_raid_coordonne|account_farm_creation_massive","5","3370","3370","3369"
"38be3edd-1d96-4b65-bdf2-1ca5898af066","twitninfuser1091","2026-07-22T03:02:04.213Z","100","like_raid_coordonne|account_farm_creation_massive","5","3370","3370","3369"
"1170d350-7761-4d54-bfcf-8200dce3693c","twitninfuser1092","2026-07-22T03:02:04.213Z","100","like_raid_coordonne|account_farm_creation_massive","5","3370","3370","3369"
"0379d54b-ed44-4b2a-8577-6a559a2b2820","twitninfuser1093","2026-07-22T03:02:04.213Z","100","like_raid_coordonne|account_farm_creation_massive","5","3370","3370","3369"
"b0d98b92-1eea-41a7-891a-85cca4fbce66","twitninfuser1094","2026-07-22T03:02:04.213Z","100","like_raid_coordonne|account_farm_creation_massive","5","3370","3370","3369"
"974a77c7-894c-494e-99cb-2c1b6972980e","twitninfuser1095","2026-07-22T03:02:04.213Z","100","like_raid_coordonne|account_farm_creation_massive","5","3370","3370","3369"
"aa99cc2f-a3db-44d8-88e7-7aeff39d14c5","twitninfuser1096","2026-07-22T03:02:04.213Z","100","like_raid_coordonne|account_farm_creation_massive","5","3370","3370","3369"
"7ae3e0ed-8b69-424c-a20e-a9ec7bd44456","twitninfuser1097","2026-07-22T03:02:04.213Z","100","like_raid_coordonne|account_farm_creation_massive","5","3370","3370","3369"
"bd97f6ea-b45e-4b38-adf2-4935d05c9487","twitninfuser1098","2026-07-22T03:02:04.213Z","100","like_raid_coordonne|account_farm_creation_massive","5","3370","3370","3369"
"beeabfaf-831c-44e9-9bbf-702a5024ab78","twitninfuser1099","2026-07-22T03:02:04.213Z","100","like_raid_coordonne|account_farm_creation_massive","5","3370","3370","3369"
"eb0b1a15-6920-44bd-a277-deb963d5c5a7","twitninfuser1100","2026-07-22T03:02:04.213Z","100","like_raid_coordonne|account_farm_creation_massive","5","3370","3370","3369"
"35e99362-af66-4777-b07c-e2f41e5479ad","twitninfuser1101","2026-07-22T03:02:04.213Z","100","like_raid_coordonne|account_farm_creation_massive","5","3370","3370","3369"
"bb5ea7e5-c772-48c4-87e0-3d933a76ea4b","twitninfuser1102","2026-07-22T03:02:04.213Z","100","like_raid_coordonne|account_farm_creation_massive","5","3370","3370","3369"
"9665c51f-4879-4b14-8dfa-10383b1888ae","twitninfuser1103","2026-07-22T03:02:04.213Z","100","like_raid_coordonne|account_farm_creation_massive","5","3370","3370","3369"
"d7908753-ede4-4d02-8e13-1bb823e5efa0","twitninfuser1104","2026-07-22T03:02:04.213Z","100","like_raid_coordonne|account_farm_creation_massive","5","3370","3370","3369"
"993d1c2a-5743-4dad-84df-ae89d3951496","twitninfuser1105","2026-07-22T03:02:04.213Z","100","like_raid_coordonne|account_farm_creation_massive","5","3370","3370","3369"
"3305aa51-747b-4c4f-868c-a2dcc4a66ad8","twitninfuser1106","2026-07-22T03:02:04.213Z","100","like_raid_coordonne|account_farm_creation_massive","5","3370","3370","3369"
"ebd8bb25-7090-48bb-b9ec-e0db58ac27ab","twitninfuser1107","2026-07-22T03:02:04.213Z","100","like_raid_coordonne|account_farm_creation_massive","5","3370","3370","3369"
"99fc30ad-74a6-40df-82b7-ab463cc1d34f","twitninfuser1108","2026-07-22T03:02:04.213Z","100","like_raid_coordonne|account_farm_creation_massive","5","3370","3370","3369"
"89a00d32-08c7-4dda-b2b5-2e6832fc44a9","twitninfuser1109","2026-07-22T03:02:04.213Z","100","like_raid_coordonne|account_farm_creation_massive","5","3370","3370","3369"
"f9e2fb8c-5749-4511-ace3-39896d4e43a2","twitninfuser1110","2026-07-22T03:02:04.213Z","100","like_raid_coordonne|account_farm_creation_massive","5","3370","3370","3369"
"7fa4c8fd-19fd-42d5-a55f-4bde7069389a","twitninfuser1111","2026-07-22T03:02:04.213Z","100","like_raid_coordonne|account_farm_creation_massive","5","3370","3370","3369"
"07914915-f09d-44b6-a535-1939c2b4fc47","twitninfuser1112","2026-07-22T03:02:04.213Z","100","like_raid_coordonne|account_farm_creation_massive","5","3370","3370","3369"
"95b964b3-a5ba-4203-aeac-5528a91ec8aa","twitninfuser1113","2026-07-22T03:02:04.213Z","100","like_raid_coordonne|account_farm_creation_massive","5","3370","3370","3369"
"eb1b499f-1b58-40a2-8c43-e00f08249181","twitninfuser1114","2026-07-22T03:02:04.213Z","100","like_raid_coordonne|account_farm_creation_massive","5","3370","3370","3369"
"19200722-de59-4953-aeb1-5265e7602966","twitninfuser1115","2026-07-22T03:02:04.213Z","100","like_raid_coordonne|account_farm_creation_massive","5","3370","3370","3369"
"072c36ef-d204-4926-9b9d-b90fb5ff903e","twitninfuser1116","2026-07-22T03:02:04.213Z","100","like_raid_coordonne|account_farm_creation_massive","5","3370","3370","3369"
"c46f5660-155f-463e-9921-ec0ce10b83c5","twitninfuser1117","2026-07-22T03:02:04.213Z","100","like_raid_coordonne|account_farm_creation_massive","5","3370","3370","3369"
"8608697e-3c9d-488b-9f00-7fc9400fb8a9","twitninfuser1118","2026-07-22T03:02:04.213Z","100","like_raid_coordonne|account_farm_creation_massive","5","3370","3370","3369"
"9bdee9ee-f97e-48c4-9a8a-c42479d6ccd7","twitninfuser1119","2026-07-22T03:02:04.213Z","100","like_raid_coordonne|account_farm_creation_massive","5","3370","3370","3369"
"68979a25-8eb2-42b4-b46e-4cc4375eef85","twitninfuser1120","2026-07-22T03:02:04.213Z","100","like_raid_coordonne|account_farm_creation_massive","5","3370","3370","3369"
"5d7af440-214f-487d-b70d-f111c7861bf7","twitninfuser1121","2026-07-22T03:02:04.213Z","100","like_raid_coordonne|account_farm_creation_massive","5","3370","3370","3369"
"ad49c769-563b-4653-b4b4-a7519b467cca","twitninfuser1122","2026-07-22T03:02:04.213Z","100","like_raid_coordonne|account_farm_creation_massive","5","3370","3370","3369"
"5dd4c321-4b0c-4f2e-953a-8fb1e8353e49","twitninfuser1123","2026-07-22T03:02:04.213Z","100","like_raid_coordonne|account_farm_creation_massive","5","3370","3370","3369"
"18957d1f-2417-4217-a88e-61fbb238d9ce","twitninfuser1124","2026-07-22T03:02:04.213Z","100","like_raid_coordonne|account_farm_creation_massive","5","3370","3370","3369"
"f68b3fd1-8daf-4f18-9bd6-a40286ef698a","twitninfuser1125","2026-07-22T03:02:04.213Z","100","like_raid_coordonne|account_farm_creation_massive","5","3370","3370","3369"
"1f201af7-988a-4644-9b30-2904da32ec98","twitninfuser1126","2026-07-22T03:02:04.213Z","100","like_raid_coordonne|account_farm_creation_massive","5","3370","3370","3369"
"28400c39-6b36-4efa-878a-21146531f4e0","twitninfuser1127","2026-07-22T03:02:04.213Z","100","like_raid_coordonne|account_farm_creation_massive","5","3370","3370","3369"
"142ca6f7-24c7-4f12-a04d-46feaf8dbe4d","twitninfuser1128","2026-07-22T03:02:04.213Z","100","like_raid_coordonne|account_farm_creation_massive","5","3370","3370","3369"
"b1e04ebc-6d37-4e2e-883a-c7b7d9b731fc","twitninfuser1129","2026-07-22T03:02:04.213Z","100","like_raid_coordonne|account_farm_creation_massive","5","3370","3370","3369"
"a7c0ed4c-6627-4f1e-bb23-c54cd90c53a9","twitninfuser1130","2026-07-22T03:02:04.213Z","100","like_raid_coordonne|account_farm_creation_massive","5","3370","3370","3369"
"48a0fe81-3468-43f4-bfe2-980d9cefac17","twitninfuser1131","2026-07-22T03:02:04.213Z","100","like_raid_coordonne|account_farm_creation_massive","5","3370","3370","3369"
"7a42cb15-8d3c-4f6f-8b90-9dcdda27304d","twitninfuser1132","2026-07-22T03:02:04.213Z","100","like_raid_coordonne|account_farm_creation_massive","5","3370","3370","3369"
"8733b4c8-5957-4348-80e0-e03189d3c55a","twitninfuser1133","2026-07-22T03:02:04.213Z","100","like_raid_coordonne|account_farm_creation_massive","5","3370","3370","3369"
"eebff2d0-deef-4abe-ada9-5e22d04bce39","twitninfuser1134","2026-07-22T03:02:04.213Z","100","like_raid_coordonne|account_farm_creation_massive","5","3370","3370","3369"
"ba5a5e27-ecbb-428b-954e-79b5d44868c2","twitninfuser1135","2026-07-22T03:02:04.213Z","100","like_raid_coordonne|account_farm_creation_massive","5","3370","3370","3369"
"89622535-068b-445a-a955-eeabc575cb2e","twitninfuser1136","2026-07-22T03:02:04.213Z","100","like_raid_coordonne|account_farm_creation_massive","5","3370","3370","3369"
"42179e0e-d074-4aef-a63c-996f8cb34a19","twitninfuser1137","2026-07-22T03:02:04.213Z","100","like_raid_coordonne|account_farm_creation_massive","5","3370","3370","3369"
"a59f6234-2c2f-4ab7-a39f-8e0d17957112","twitninfuser1138","2026-07-22T03:02:04.213Z","100","like_raid_coordonne|account_farm_creation_massive","5","3370","3370","3369"
"936fc41a-6018-4f0b-a482-817264d142e8","twitninfuser1139","2026-07-22T03:02:04.213Z","100","like_raid_coordonne|account_farm_creation_massive","5","3370","3370","3369"
"42c5bc0d-5823-47e0-bbf3-43a777c3a85e","twitninfuser1140","2026-07-22T03:02:04.213Z","100","like_raid_coordonne|account_farm_creation_massive","5","3370","3370","3369"
"4db765e2-852b-479d-a406-f7cc09e91ca1","twitninfuser1141","2026-07-22T03:02:04.213Z","100","like_raid_coordonne|account_farm_creation_massive","5","3370","3370","3369"
"2f6071d0-15d8-4111-9531-f80a291c6e4f","twitninfuser1142","2026-07-22T03:02:04.213Z","100","like_raid_coordonne|account_farm_creation_massive","5","3370","3370","3369"
"9091d7d3-4349-4f4e-bdd9-e9139ae6c1e9","twitninfuser1143","2026-07-22T03:02:04.213Z","100","like_raid_coordonne|account_farm_creation_massive","5","3370","3370","3369"
"c78cf756-a7ee-45ca-99a2-56de35a83bb7","twitninfuser1144","2026-07-22T03:02:04.213Z","100","like_raid_coordonne|account_farm_creation_massive","5","3370","3370","3369"
"d8d17c6f-34ec-42ae-aa05-516e01bca7e6","twitninfuser1145","2026-07-22T03:02:04.213Z","100","like_raid_coordonne|account_farm_creation_massive","5","3370","3370","3369"
"360fb497-092b-4e39-9cbc-1653bf6e265b","twitninfuser1146","2026-07-22T03:02:04.213Z","100","like_raid_coordonne|account_farm_creation_massive","5","3370","3370","3369"
"674fb7fb-4692-4cea-b7f3-a4de5a42deb5","twitninfuser1147","2026-07-22T03:02:04.213Z","100","like_raid_coordonne|account_farm_creation_massive","5","3370","3370","3369"
"694f45e8-35c6-4e2f-b2ae-3c10ddef3928","twitninfuser1148","2026-07-22T03:02:04.213Z","100","like_raid_coordonne|account_farm_creation_massive","5","3370","3370","3369"
"97484cf5-5c5d-4a42-81e9-b65abcf60641","twitninfuser1149","2026-07-22T03:02:04.213Z","100","like_raid_coordonne|account_farm_creation_massive","5","3370","3370","3369"
"8ba1954c-c49d-4f45-80d4-b7d15fc85cef","twitninfuser1150","2026-07-22T03:02:04.213Z","100","like_raid_coordonne|account_farm_creation_massive","5","3370","3370","3369"
"6b1a10b5-2e9e-4297-8005-5421ef1ab995","twitninfuser1151","2026-07-22T03:02:04.213Z","100","like_raid_coordonne|account_farm_creation_massive","5","3370","3370","3369"
"ad0a57a2-187b-4873-8bce-03473d73c060","twitninfuser1152","2026-07-22T03:02:04.213Z","100","like_raid_coordonne|account_farm_creation_massive","5","3370","3370","3369"
"2239443f-512a-4612-937d-85c4222a6920","twitninfuser1153","2026-07-22T03:02:04.213Z","100","like_raid_coordonne|account_farm_creation_massive","5","3370","3370","3369"
"7af57100-a51c-49b4-8708-5c4eb0688e66","twitninfuser1154","2026-07-22T03:02:04.213Z","100","like_raid_coordonne|account_farm_creation_massive","5","3370","3370","3369"
"c7fc8114-0193-41d8-bb0c-07ce1c60fbe2","twitninfuser1155","2026-07-22T03:02:04.213Z","100","like_raid_coordonne|account_farm_creation_massive","5","3370","3370","3369"
"f1820384-9ec1-47ce-a09c-4fa19751e9ca","twitninfuser1156","2026-07-22T03:02:04.213Z","100","like_raid_coordonne|account_farm_creation_massive","5","3370","3370","3369"
"39955304-fc44-47c0-bd9a-43d8761b4409","twitninfuser1157","2026-07-22T03:02:04.213Z","100","like_raid_coordonne|account_farm_creation_massive","5","3370","3370","3369"
"3639853a-3127-492c-b8c4-6672f9be1d4d","twitninfuser1158","2026-07-22T03:02:04.213Z","100","like_raid_coordonne|account_farm_creation_massive","5","3370","3370","3369"
"7926f4b5-05ae-45a9-ad97-dd31f1c52c66","twitninfuser1159","2026-07-22T03:02:04.213Z","100","like_raid_coordonne|account_farm_creation_massive","5","3370","3370","3369"
"f651ff07-ab4e-49d1-938e-b921598bf7c4","twitninfuser1160","2026-07-22T03:02:04.213Z","100","like_raid_coordonne|account_farm_creation_massive","5","3370","3370","3369"
"e418bf5f-1cb6-466c-9e06-d6330c5e4617","twitninfuser1161","2026-07-22T03:02:04.213Z","100","like_raid_coordonne|account_farm_creation_massive","5","3370","3370","3369"
"5008ace4-7c51-413a-b8b4-685b79d7c07d","twitninfuser1162","2026-07-22T03:02:04.213Z","100","like_raid_coordonne|account_farm_creation_massive","5","3370","3370","3369"
"3742b12a-c22d-49b6-9a29-4b1635b059dc","twitninfuser1163","2026-07-22T03:02:04.213Z","100","like_raid_coordonne|account_farm_creation_massive","5","3370","3370","3369"
"ebcadebd-0051-4394-b21e-4814e42a56c8","twitninfuser1164","2026-07-22T03:02:04.213Z","100","like_raid_coordonne|account_farm_creation_massive","5","3370","3370","3369"
"1d629477-e2b4-415d-aefe-416945d942aa","twitninfuser1165","2026-07-22T03:02:04.213Z","100","like_raid_coordonne|account_farm_creation_massive","5","3370","3370","3369"
"6e816fdf-2215-4024-b2b2-4b9d903aaf18","twitninfuser1166","2026-07-22T03:02:04.213Z","100","like_raid_coordonne|account_farm_creation_massive","5","3370","3370","3369"
"9ccf0456-0072-4b62-bd14-9c1d917221b6","twitninfuser1167","2026-07-22T03:02:04.213Z","100","like_raid_coordonne|account_farm_creation_massive","5","3370","3370","3369"
"80bb66fb-83c1-45c1-a3d7-f084c2176ad2","twitninfuser1168","2026-07-22T03:02:04.213Z","100","like_raid_coordonne|account_farm_creation_massive","5","3370","3370","3369"
"b9b01347-58ac-4424-a53e-828b4239d436","twitninfuser1169","2026-07-22T03:02:04.213Z","100","like_raid_coordonne|account_farm_creation_massive","5","3370","3370","3369"
"08e03a81-3607-4a99-b75e-f96f61ea1550","twitninfuser1170","2026-07-22T03:02:04.213Z","100","like_raid_coordonne|account_farm_creation_massive","5","3370","3370","3369"
"71f95e0e-d0ca-4bdc-88d1-c64cc42eb880","twitninfuser1171","2026-07-22T03:02:04.213Z","100","like_raid_coordonne|account_farm_creation_massive","5","3370","3370","3369"
"49f33bed-8480-4317-9daa-6bd187b089ea","twitninfuser1172","2026-07-22T03:02:04.213Z","100","like_raid_coordonne|account_farm_creation_massive","5","3370","3370","3369"
"9d25fa08-64d0-4d31-838b-4aed45f8fc9d","twitninfuser1173","2026-07-22T03:02:04.213Z","100","like_raid_coordonne|account_farm_creation_massive","5","3370","3370","3369"
"f68cb163-2846-46b8-ae46-b01627bc0b60","twitninfuser1174","2026-07-22T03:02:04.213Z","100","like_raid_coordonne|account_farm_creation_massive","5","3370","3370","3369"
"9433401f-514a-48d6-bc22-4c18eb4e0b56","twitninfuser1175","2026-07-22T03:02:04.213Z","100","like_raid_coordonne|account_farm_creation_massive","5","3370","3370","3369"
"92476440-f715-4c40-b301-605db0792db9","twitninfuser1176","2026-07-22T03:02:04.213Z","100","like_raid_coordonne|account_farm_creation_massive","5","3370","3370","3369"
"6fe8e8f0-d87a-4dab-9366-77e7965e24d4","twitninfuser1177","2026-07-22T03:02:04.213Z","100","like_raid_coordonne|account_farm_creation_massive","5","3370","3370","3369"
"d4496ab2-4592-4161-a3ae-00185d8d393c","twitninfuser1178","2026-07-22T03:02:04.213Z","100","like_raid_coordonne|account_farm_creation_massive","5","3370","3370","3369"
"e25230d5-5c0f-4a3e-a62f-fe55eb98232d","twitninfuser1179","2026-07-22T03:02:04.213Z","100","like_raid_coordonne|account_farm_creation_massive","5","3370","3370","3369"
"14692aa1-6688-4a89-b97e-8ef4bbb1becd","twitninfuser1180","2026-07-22T03:02:04.213Z","100","like_raid_coordonne|account_farm_creation_massive","5","3370","3370","3369"
"f63b53cb-4aee-48b6-a662-fbd36b1521de","twitninfuser1181","2026-07-22T03:02:04.213Z","100","like_raid_coordonne|account_farm_creation_massive","5","3370","3370","3369"
"9eecc8e9-9b1a-4aa6-aeb1-5355335255bd","twitninfuser1182","2026-07-22T03:02:04.213Z","100","like_raid_coordonne|account_farm_creation_massive","5","3370","3370","3369"
"370d5425-dd3c-4d98-a6a7-3b4a3f1cf1f4","twitninfuser1183","2026-07-22T03:02:04.213Z","100","like_raid_coordonne|account_farm_creation_massive","5","3370","3370","3369"
"29fb60c8-ea20-432c-a40e-7288f580bbe3","twitninfuser1184","2026-07-22T03:02:04.213Z","100","like_raid_coordonne|account_farm_creation_massive","5","3370","3370","3369"
"e0b72f38-85e6-457e-8f79-685a586e6ec3","twitninfuser1185","2026-07-22T03:02:04.213Z","100","like_raid_coordonne|account_farm_creation_massive","5","3370","3370","3369"
"f89d74b0-f676-489a-bea7-47406bd33d49","twitninfuser1186","2026-07-22T03:02:04.213Z","100","like_raid_coordonne|account_farm_creation_massive","5","3370","3370","3369"
"a04c56d8-700a-4a41-9644-3ec8344b8dbd","twitninfuser1187","2026-07-22T03:02:04.213Z","100","like_raid_coordonne|account_farm_creation_massive","5","3370","3370","3369"
"cb7c1fc9-bdc9-4fef-94be-0bcf03b0ceeb","twitninfuser1188","2026-07-22T03:02:04.213Z","100","like_raid_coordonne|account_farm_creation_massive","5","3370","3370","3369"
"b9d00cb1-5ee6-41f4-989d-6f01eb85458d","twitninfuser1189","2026-07-22T03:02:04.213Z","100","like_raid_coordonne|account_farm_creation_massive","5","3370","3370","3369"
"6591bce2-e2b1-4c75-90fd-d140f7cd998b","twitninfuser1190","2026-07-22T03:02:04.213Z","100","like_raid_coordonne|account_farm_creation_massive","5","3370","3370","3369"
"c88976f9-4a0f-46b1-8b82-cbc2192067e8","twitninfuser1191","2026-07-22T03:02:04.213Z","100","like_raid_coordonne|account_farm_creation_massive","5","3370","3370","3369"
"f15b6f21-abc2-415f-83d5-5f1fb5627dfd","twitninfuser1192","2026-07-22T03:02:04.213Z","100","like_raid_coordonne|account_farm_creation_massive","5","3370","3370","3369"
"e0d7d768-7571-4cdf-a6c2-0e64379133ac","twitninfuser1193","2026-07-22T03:02:04.213Z","100","like_raid_coordonne|account_farm_creation_massive","5","3370","3370","3369"
"484e9e18-9077-4dcc-a046-ac0f45e99e6f","twitninfuser1194","2026-07-22T03:02:04.213Z","100","like_raid_coordonne|account_farm_creation_massive","5","3370","3370","3369"
"af7d5c09-ed00-4965-ade3-c22b96245722","twitninfuser1195","2026-07-22T03:02:04.213Z","100","like_raid_coordonne|account_farm_creation_massive","5","3370","3370","3369"
"96dd8f9a-65b4-4bd8-a2d8-41aa584bd53c","twitninfuser1196","2026-07-22T03:02:04.213Z","100","like_raid_coordonne|account_farm_creation_massive","5","3370","3370","3369"
"b746cea3-1511-4aa9-ba4a-9f7b7972e36d","twitninfuser1197","2026-07-22T03:02:04.213Z","100","like_raid_coordonne|account_farm_creation_massive","5","3370","3370","3369"
"907da635-3661-4513-a937-7e0500acecf6","twitninfuser1198","2026-07-22T03:02:04.213Z","100","like_raid_coordonne|account_farm_creation_massive","5","3370","3370","3369"
"4cf739c3-e7c0-48de-818c-d04560287268","twitninfuser1199","2026-07-22T03:02:04.213Z","100","like_raid_coordonne|account_farm_creation_massive","5","3370","3370","3369"
"e73c245a-188f-4b11-a83f-b4f8839ca0f1","twitninfuser1200","2026-07-22T03:02:04.213Z","100","like_raid_coordonne|account_farm_creation_massive","5","3370","3370","3369"
"3166803e-9fea-4682-ae12-15c3933c3fba","twitninfuser1201","2026-07-22T03:02:04.213Z","100","like_raid_coordonne|account_farm_creation_massive","5","3370","3370","3369"
"9b7a85c2-2058-4a2f-8879-63511b4bc386","twitninfuser1202","2026-07-22T03:02:04.213Z","100","like_raid_coordonne|account_farm_creation_massive","5","3370","3370","3369"
"2a12e215-6afa-46c2-bb51-2e6147923e57","twitninfuser1203","2026-07-22T03:02:04.213Z","100","like_raid_coordonne|account_farm_creation_massive","5","3370","3370","3369"
"da3bf578-a321-4b4b-a235-4516dcb48d92","twitninfuser1204","2026-07-22T03:02:04.213Z","100","like_raid_coordonne|account_farm_creation_massive","5","3370","3370","3369"
"7674f032-3baa-45a0-92c6-900448a375eb","twitninfuser1205","2026-07-22T03:02:04.213Z","100","like_raid_coordonne|account_farm_creation_massive","5","3370","3370","3369"
"5528207e-f928-4367-9d57-92364d8e95b3","twitninfuser1206","2026-07-22T03:02:04.213Z","100","like_raid_coordonne|account_farm_creation_massive","5","3370","3370","3369"
"2edaad50-f216-4eca-b3fe-6df2f355ba1b","twitninfuser1207","2026-07-22T03:02:04.213Z","100","like_raid_coordonne|account_farm_creation_massive","5","3370","3370","3369"
"c1956a3f-59b0-4b0b-af1b-2fdab24a2fed","twitninfuser1208","2026-07-22T03:02:04.213Z","100","like_raid_coordonne|account_farm_creation_massive","5","3370","3370","3369"
"841a1250-32cf-48a7-a2dd-7b88e62eaecc","twitninfuser1209","2026-07-22T03:02:04.213Z","100","like_raid_coordonne|account_farm_creation_massive","5","3370","3370","3369"
"dbf6d976-6e1c-42aa-a951-cd29b692205f","twitninfuser1210","2026-07-22T03:02:04.213Z","100","like_raid_coordonne|account_farm_creation_massive","5","3370","3370","3369"
"7e4aa261-9a75-4ff5-ba7e-487f61b0885d","twitninfuser1211","2026-07-22T03:02:04.213Z","100","like_raid_coordonne|account_farm_creation_massive","5","3370","3370","3369"
"302c780b-16c4-491d-b110-311be1f5fcee","twitninfuser1212","2026-07-22T03:02:04.213Z","100","like_raid_coordonne|account_farm_creation_massive","5","3370","3370","3369"
"2681a6c9-5dbf-4e58-a3b3-49d135e6065e","twitninfuser1213","2026-07-22T03:02:04.213Z","100","like_raid_coordonne|account_farm_creation_massive","5","3370","3370","3369"
"2615d071-db8b-4e01-a2b2-325c70830886","twitninfuser1214","2026-07-22T03:02:04.213Z","100","like_raid_coordonne|account_farm_creation_massive","5","3370","3370","3369"
"abc8fe1a-311d-45a1-9379-d300793f4543","twitninfuser1215","2026-07-22T03:02:04.213Z","100","like_raid_coordonne|account_farm_creation_massive","5","3370","3370","3369"
"d856e011-5129-406f-9e98-1f783eb14112","twitninfuser1216","2026-07-22T03:02:04.213Z","100","like_raid_coordonne|account_farm_creation_massive","5","3370","3370","3369"
"3ce85aad-6fb3-4efd-8d66-af90fe9f632a","twitninfuser1217","2026-07-22T03:02:04.213Z","100","like_raid_coordonne|account_farm_creation_massive","5","3370","3370","3369"
"25a19b15-cd7c-4978-a90e-e329439bdce7","twitninfuser1218","2026-07-22T03:02:04.213Z","100","like_raid_coordonne|account_farm_creation_massive","5","3370","3370","3369"
"c2bb75e3-30e7-423b-9728-7901cfa5be28","twitninfuser1219","2026-07-22T03:02:04.213Z","100","like_raid_coordonne|account_farm_creation_massive","5","3370","3370","3369"
"c18dcdbe-a7c8-4c94-994a-c71e70aa57c1","twitninfuser1220","2026-07-22T03:02:04.213Z","100","like_raid_coordonne|account_farm_creation_massive","5","3370","3370","3369"
"936686d3-566f-41b3-a4ab-93c47d5e21f5","twitninfuser1221","2026-07-22T03:02:04.213Z","100","like_raid_coordonne|account_farm_creation_massive","5","3370","3370","3369"
"c30f528c-13bf-46a6-865b-a5ea0fa4d052","twitninfuser1222","2026-07-22T03:02:04.213Z","100","like_raid_coordonne|account_farm_creation_massive","5","3370","3370","3369"
"60408d38-f485-45ec-bfa7-0c9913dae645","twitninfuser1223","2026-07-22T03:02:04.213Z","100","like_raid_coordonne|account_farm_creation_massive","5","3370","3370","3369"
"4bd94a46-684c-40d7-8544-336a555bccf7","twitninfuser1224","2026-07-22T03:02:04.213Z","100","like_raid_coordonne|account_farm_creation_massive","5","3370","3370","3369"
"e3bc88ab-d2b0-4e68-8fb5-2caad2b5aef9","twitninfuser1225","2026-07-22T03:02:04.213Z","100","like_raid_coordonne|account_farm_creation_massive","5","3370","3370","3369"
"4e5dfc2e-1fbc-4013-82d0-417be9e52b53","twitninfuser1226","2026-07-22T03:02:04.213Z","100","like_raid_coordonne|account_farm_creation_massive","5","3370","3370","3369"
"194f34ba-9c6f-4a83-95a9-0fa28fc2579c","twitninfuser1227","2026-07-22T03:02:04.213Z","100","like_raid_coordonne|account_farm_creation_massive","5","3370","3370","3369"
"c92349c7-02b4-4713-a6f3-21c20b1548e2","twitninfuser1228","2026-07-22T03:02:04.213Z","100","like_raid_coordonne|account_farm_creation_massive","5","3370","3370","3369"
"0643497f-8421-4112-ad15-7513202c632d","twitninfuser1229","2026-07-22T03:02:04.213Z","100","like_raid_coordonne|account_farm_creation_massive","5","3370","3370","3369"
"8927ed5c-685f-48e8-9b71-585c7cc777a9","twitninfuser1230","2026-07-22T03:02:04.213Z","100","like_raid_coordonne|account_farm_creation_massive","5","3370","3370","3369"
"9acb6027-8756-4056-bb41-9b74efe4f27f","twitninfuser1231","2026-07-22T03:02:04.213Z","100","like_raid_coordonne|account_farm_creation_massive","5","3370","3370","3369"
"0bb94f83-926d-48c0-9ca8-171b139d4733","twitninfuser1232","2026-07-22T03:02:04.213Z","100","like_raid_coordonne|account_farm_creation_massive","5","3370","3370","3369"
"c297e04c-6f22-461f-a702-ab08b009a2fb","twitninfuser1233","2026-07-22T03:02:04.213Z","100","like_raid_coordonne|account_farm_creation_massive","5","3370","3370","3369"
"6cacb1da-cdb6-47c1-8a5a-b44ab52345f3","twitninfuser1234","2026-07-22T03:02:04.213Z","100","like_raid_coordonne|account_farm_creation_massive","5","3370","3370","3369"
"43aee7b9-59dd-4460-9b92-562c0f2b9537","twitninfuser1235","2026-07-22T03:02:04.213Z","100","like_raid_coordonne|account_farm_creation_massive","5","3370","3370","3369"
"9288f130-e9a3-41ad-a4ef-01ac70a0fe51","twitninfuser1236","2026-07-22T03:02:04.213Z","100","like_raid_coordonne|account_farm_creation_massive","5","3370","3370","3369"
"c52735c7-bc14-4258-ae85-35d2c84229d8","twitninfuser1237","2026-07-22T03:02:04.213Z","100","like_raid_coordonne|account_farm_creation_massive","5","3370","3370","3369"
"1c61cbdf-a256-4e10-bcf4-c114e343f895","twitninfuser1238","2026-07-22T03:02:04.213Z","100","like_raid_coordonne|account_farm_creation_massive","5","3370","3370","3369"
"594db7ae-a821-47f9-a679-ca243cf16d59","twitninfuser1239","2026-07-22T03:02:04.213Z","100","like_raid_coordonne|account_farm_creation_massive","5","3370","3370","3369"
"f7c57794-eaf9-4e34-9d7c-f40b5f013563","twitninfuser1240","2026-07-22T03:02:04.213Z","100","like_raid_coordonne|account_farm_creation_massive","5","3370","3370","3369"
"befe4879-ac1e-46f3-9d54-5b1795d6b725","twitninfuser1241","2026-07-22T03:02:04.213Z","100","like_raid_coordonne|account_farm_creation_massive","5","3370","3370","3369"
"6b8843f9-ca35-4da4-a6ac-22f62a4b5583","twitninfuser1242","2026-07-22T03:02:04.213Z","100","like_raid_coordonne|account_farm_creation_massive","5","3370","3370","3369"
"40c63aac-8fe6-4a60-9e4f-12b2cd96a450","twitninfuser1243","2026-07-22T03:02:04.213Z","100","like_raid_coordonne|account_farm_creation_massive","5","3370","3370","3369"
"b222ab19-f730-4ff7-95fe-027f2a7a1234","twitninfuser1244","2026-07-22T03:02:04.213Z","100","like_raid_coordonne|account_farm_creation_massive","5","3370","3370","3369"
"f9df6e78-76a5-460a-843f-39b9833803bf","twitninfuser1245","2026-07-22T03:02:04.213Z","100","like_raid_coordonne|account_farm_creation_massive","5","3370","3370","3369"
"0b8b0089-5b59-4335-a548-1c085085e732","twitninfuser1246","2026-07-22T03:02:04.213Z","100","like_raid_coordonne|account_farm_creation_massive","5","3370","3370","3369"
"b60c96b1-4b34-4788-842b-b0e220323769","twitninfuser1247","2026-07-22T03:02:04.213Z","100","like_raid_coordonne|account_farm_creation_massive","5","3370","3370","3369"
"78fbc456-8da4-4e54-ba61-4477f545077f","twitninfuser1248","2026-07-22T03:02:04.213Z","100","like_raid_coordonne|account_farm_creation_massive","5","3370","3370","3369"
"3940004a-7d16-42c4-9ff1-9446fff27c32","twitninfuser1249","2026-07-22T03:02:04.213Z","100","like_raid_coordonne|account_farm_creation_massive","5","3370","3370","3369"
"dbdef34c-8f7e-4549-93e5-13a2a85a786f","twitninfuser1250","2026-07-22T03:02:04.213Z","100","like_raid_coordonne|account_farm_creation_massive","5","3370","3370","3369"
"c80ddcc5-392d-477e-8e47-f6a89f411330","twitninfuser1251","2026-07-22T03:02:04.213Z","100","like_raid_coordonne|account_farm_creation_massive","5","3370","3370","3369"
"06ab2426-f531-4003-bb09-e324a4c52265","twitninfuser1252","2026-07-22T03:02:04.213Z","100","like_raid_coordonne|account_farm_creation_massive","5","3370","3370","3369"
"8d2e1b30-9d01-4598-b9f7-cb5f785b0394","twitninfuser1253","2026-07-22T03:02:04.213Z","100","like_raid_coordonne|account_farm_creation_massive","5","3370","3370","3369"
"6abbc0b5-135c-4d8a-8ee2-6f3832f1022c","twitninfuser1254","2026-07-22T03:02:04.213Z","100","like_raid_coordonne|account_farm_creation_massive","5","3370","3370","3369"
"556c9d41-ead8-4592-ba48-3b3fbf7de2a1","twitninfuser1255","2026-07-22T03:02:04.213Z","100","like_raid_coordonne|account_farm_creation_massive","5","3370","3370","3369"
"869f1cec-fb7a-460e-8ab9-9f64432a93b4","twitninfuser1256","2026-07-22T03:02:04.213Z","100","like_raid_coordonne|account_farm_creation_massive","5","3370","3370","3369"
"1bbd44a9-c175-4849-bbe1-dbd6489743ed","twitninfuser1257","2026-07-22T03:02:04.213Z","100","like_raid_coordonne|account_farm_creation_massive","5","3370","3370","3369"
"40090f12-14c3-4eb5-a79a-544b9ca58bf7","twitninfuser1258","2026-07-22T03:02:04.213Z","100","like_raid_coordonne|account_farm_creation_massive","5","3370","3370","3369"
"204a2567-1dd2-4ba3-9dd6-f6b921ab0b39","twitninfuser1259","2026-07-22T03:02:04.213Z","100","like_raid_coordonne|account_farm_creation_massive","5","3370","3370","3369"
"1f8bb19d-d85b-4922-a38f-08a401469dba","twitninfuser1260","2026-07-22T03:02:04.213Z","100","like_raid_coordonne|account_farm_creation_massive","5","3370","3370","3369"
"8de63324-6dad-4b98-a2af-aff6ef5af323","twitninfuser1261","2026-07-22T03:02:04.213Z","100","like_raid_coordonne|account_farm_creation_massive","5","3370","3370","3369"
"d78e4200-555a-45d6-bc5d-e614e722a0b0","twitninfuser1262","2026-07-22T03:02:04.213Z","100","like_raid_coordonne|account_farm_creation_massive","5","3370","3370","3369"
"38b63d92-6d73-4af3-beb8-7a457d84014e","twitninfuser1263","2026-07-22T03:02:04.213Z","100","like_raid_coordonne|account_farm_creation_massive","5","3370","3370","3369"
"b6cab463-833f-4ddb-9db7-67d6f7b170db","twitninfuser1264","2026-07-22T03:02:04.213Z","100","like_raid_coordonne|account_farm_creation_massive","5","3370","3370","3369"
"5023ce6c-6c71-4650-aa23-9641ef7c5e99","twitninfuser1265","2026-07-22T03:02:04.213Z","100","like_raid_coordonne|account_farm_creation_massive","5","3370","3370","3369"
"71de36c9-79b9-47db-8f0b-bb31052708ec","twitninfuser1266","2026-07-22T03:02:04.213Z","100","like_raid_coordonne|account_farm_creation_massive","5","3370","3370","3369"
"55b0ec69-c4e9-43b7-a66d-86d2213e9e0f","twitninfuser1267","2026-07-22T03:02:04.213Z","100","like_raid_coordonne|account_farm_creation_massive","5","3370","3370","3369"
"b8058c3b-4caf-456a-9590-ce25111d6207","twitninfuser1268","2026-07-22T03:02:04.213Z","100","like_raid_coordonne|account_farm_creation_massive","5","3370","3370","3369"
"354dfdf1-0e6d-4d66-9075-93400ca30b3c","twitninfuser1269","2026-07-22T03:02:04.213Z","100","like_raid_coordonne|account_farm_creation_massive","5","3370","3370","3369"
"711eb305-c192-4b70-a2fb-d3cd36bc7097","twitninfuser1270","2026-07-22T03:02:04.213Z","100","like_raid_coordonne|account_farm_creation_massive","5","3370","3370","3369"
"65a3604e-3fd3-47dd-a992-03ecdd4b7e3f","twitninfuser1271","2026-07-22T03:02:04.213Z","100","like_raid_coordonne|account_farm_creation_massive","5","3370","3370","3369"
"8b8b4655-e937-464a-961f-fd1f7636b891","twitninfuser1272","2026-07-22T03:02:04.213Z","100","like_raid_coordonne|account_farm_creation_massive","5","3370","3370","3369"
"5457dc3d-de84-44d2-a5da-0ed07a8e3286","twitninfuser1273","2026-07-22T03:02:04.213Z","100","like_raid_coordonne|account_farm_creation_massive","5","3370","3370","3369"
"ead17206-a982-4630-9260-e6f849626dac","twitninfuser1274","2026-07-22T03:02:04.213Z","100","like_raid_coordonne|account_farm_creation_massive","5","3370","3370","3369"
"64463436-e1da-4026-9ab3-40d7244330e6","twitninfuser1275","2026-07-22T03:02:04.213Z","100","like_raid_coordonne|account_farm_creation_massive","5","3370","3370","3369"
"486fa584-f1cc-4550-8a99-66806c699480","twitninfuser1276","2026-07-22T03:02:04.213Z","100","like_raid_coordonne|account_farm_creation_massive","5","3370","3370","3369"
"22600df3-a544-4428-9916-8214a75abf39","twitninfuser1277","2026-07-22T03:02:04.213Z","100","like_raid_coordonne|account_farm_creation_massive","5","3370","3370","3369"
"80ea16ce-4b36-4139-90f0-5603bb098e5c","twitninfuser1278","2026-07-22T03:02:04.213Z","100","like_raid_coordonne|account_farm_creation_massive","5","3370","3370","3369"
"41462b54-5da8-49ad-a16f-a39d1fca7773","twitninfuser1279","2026-07-22T03:02:04.213Z","100","like_raid_coordonne|account_farm_creation_massive","5","3370","3370","3369"
"f6ee1791-8f56-479c-bc86-09dd8f38d9a3","twitninfuser1280","2026-07-22T03:02:04.213Z","100","like_raid_coordonne|account_farm_creation_massive","5","3370","3370","3369"
"ece3ca86-6906-4dca-ba13-f5e9d2254b1c","twitninfuser1281","2026-07-22T03:02:04.213Z","100","like_raid_coordonne|account_farm_creation_massive","5","3370","3370","3369"
"1120fca5-d1d7-4758-bd12-2e0cfeee32fa","twitninfuser1282","2026-07-22T03:02:04.213Z","100","like_raid_coordonne|account_farm_creation_massive","5","3370","3370","3369"
"60243ee5-70c0-4ece-a4fd-9428be00ddc5","twitninfuser1283","2026-07-22T03:02:04.213Z","100","like_raid_coordonne|account_farm_creation_massive","5","3370","3370","3369"
"2dbe3dc3-e7d5-4c62-beeb-04579c4a1340","twitninfuser1284","2026-07-22T03:02:04.213Z","100","like_raid_coordonne|account_farm_creation_massive","5","3370","3370","3369"
"43b72994-25ab-4246-8878-8ab682b74474","twitninfuser1285","2026-07-22T03:02:04.213Z","100","like_raid_coordonne|account_farm_creation_massive","5","3370","3370","3369"
"6b324508-287d-41bd-8606-f67cd0d57363","twitninfuser1286","2026-07-22T03:02:04.213Z","100","like_raid_coordonne|account_farm_creation_massive","5","3370","3370","3369"
"78d6803b-0312-404f-bb39-ab9b6557a610","twitninfuser1287","2026-07-22T03:02:04.214Z","100","like_raid_coordonne|account_farm_creation_massive","5","3370","3370","3369"
"1ac0841c-26c0-4ec4-b295-a2e9a4ed0c2f","twitninfuser1288","2026-07-22T03:02:04.214Z","100","like_raid_coordonne|account_farm_creation_massive","5","3370","3370","3369"
"1e8ab646-6a03-4176-9e8f-0fb8592f4029","twitninfuser1289","2026-07-22T03:02:04.214Z","100","like_raid_coordonne|account_farm_creation_massive","5","3370","3370","3369"
"9bdbb8ed-6bf6-4b54-b6b8-f3e756fc623c","twitninfuser1290","2026-07-22T03:02:04.214Z","100","like_raid_coordonne|account_farm_creation_massive","5","3370","3370","3369"
"fc3bf152-6091-4261-abed-8946f6b883bc","twitninfuser1291","2026-07-22T03:02:04.214Z","100","like_raid_coordonne|account_farm_creation_massive","5","3370","3370","3369"
"5dc5587f-8751-4b3e-9393-36c25c6075b9","twitninfuser1292","2026-07-22T03:02:04.214Z","100","like_raid_coordonne|account_farm_creation_massive","5","3370","3370","3369"
"5ec01139-eb7a-4667-ab58-1c7e38b36f5f","twitninfuser1293","2026-07-22T03:02:04.214Z","100","like_raid_coordonne|account_farm_creation_massive","5","3370","3370","3369"
"21c48f07-7bd6-4b80-a18c-46c42e8561f7","twitninfuser1294","2026-07-22T03:02:04.214Z","100","like_raid_coordonne|account_farm_creation_massive","5","3370","3370","3369"
"2b47ce43-dda9-4ffc-8b4d-e3a6c76b5203","twitninfuser1295","2026-07-22T03:02:04.214Z","100","like_raid_coordonne|account_farm_creation_massive","5","3370","3370","3369"
"0838e0f1-d070-4335-8db4-374ad0f48e5f","twitninfuser1296","2026-07-22T03:02:04.214Z","100","like_raid_coordonne|account_farm_creation_massive","5","3370","3370","3369"
"5c08fc5e-e7dd-46bb-99ad-bdb5b215f05a","twitninfuser1297","2026-07-22T03:02:04.214Z","100","like_raid_coordonne|account_farm_creation_massive","5","3370","3370","3369"
"e03618b5-9c47-4892-b158-6374cb2501d1","twitninfuser1298","2026-07-22T03:02:04.214Z","100","like_raid_coordonne|account_farm_creation_massive","5","3370","3370","3369"
"b645b1b6-b047-4a1a-8d3d-3954df96d173","twitninfuser1299","2026-07-22T03:02:04.214Z","100","like_raid_coordonne|account_farm_creation_massive","5","3370","3370","3369"
"a5fd9b44-3363-4b99-9c78-0a01a164cc7d","twitninfuser1300","2026-07-22T03:02:04.214Z","100","like_raid_coordonne|account_farm_creation_massive","5","3370","3370","3369"
"5016b17a-1eb2-4e38-813f-8c1e298b389b","twitninfuser1301","2026-07-22T03:02:04.214Z","100","like_raid_coordonne|account_farm_creation_massive","5","3370","3370","3369"
"f309d0f3-6cc8-4b60-8574-e0c53797345c","twitninfuser1302","2026-07-22T03:02:04.214Z","100","like_raid_coordonne|account_farm_creation_massive","5","3370","3370","3369"
"53d5fa3a-6669-4d41-89a2-f4251153a6bd","twitninfuser1303","2026-07-22T03:02:04.214Z","100","like_raid_coordonne|account_farm_creation_massive","5","3370","3370","3369"
"e95163fb-82e9-4f8b-9d1c-97c9142073d7","twitninfuser1304","2026-07-22T03:02:04.214Z","100","like_raid_coordonne|account_farm_creation_massive","5","3370","3370","3369"
"56935bb0-97ee-4d44-9af4-b5a30b3dfc4b","twitninfuser1305","2026-07-22T03:02:04.214Z","100","like_raid_coordonne|account_farm_creation_massive","5","3370","3370","3369"
"a9d6b4cc-7df6-4dde-8882-afb415c189e4","twitninfuser1306","2026-07-22T03:02:04.214Z","100","like_raid_coordonne|account_farm_creation_massive","5","3370","3370","3369"
"25cf666c-d914-4409-9063-6b362dd8c25d","twitninfuser1307","2026-07-22T03:02:04.214Z","100","like_raid_coordonne|account_farm_creation_massive","5","3370","3370","3369"
"112cf442-aba1-4b9f-8a48-a8419e2c9cc8","twitninfuser1308","2026-07-22T03:02:04.214Z","100","like_raid_coordonne|account_farm_creation_massive","5","3370","3370","3369"
"5f74334d-06f6-4963-8a5f-818730cb4eda","twitninfuser1309","2026-07-22T03:02:04.214Z","100","like_raid_coordonne|account_farm_creation_massive","5","3370","3370","3369"
"59155cce-27c3-4569-94b8-943cfc48a484","twitninfuser1310","2026-07-22T03:02:04.214Z","100","like_raid_coordonne|account_farm_creation_massive","5","3370","3370","3369"
"62dbb549-3495-4b1c-8873-8f64cd211bdf","twitninfuser1311","2026-07-22T03:02:04.214Z","100","like_raid_coordonne|account_farm_creation_massive","5","3370","3370","3369"
"34781816-c595-42da-9a00-b9f107548675","twitninfuser1312","2026-07-22T03:02:04.214Z","100","like_raid_coordonne|account_farm_creation_massive","5","3370","3370","3369"
"828db329-9422-4b6c-ab3c-4c3eaff69d75","twitninfuser1313","2026-07-22T03:02:04.214Z","100","like_raid_coordonne|account_farm_creation_massive","5","3370","3370","3369"
"7e11106c-6db0-4bed-b56c-d0829ac21d5c","twitninfuser1314","2026-07-22T03:02:04.214Z","100","like_raid_coordonne|account_farm_creation_massive","5","3370","3370","3369"
"7fa5d60d-b12e-4aa9-ab35-23a726365ca7","twitninfuser1315","2026-07-22T03:02:04.214Z","100","like_raid_coordonne|account_farm_creation_massive","5","3370","3370","3369"
"852e30ca-df4e-403d-8f58-7b79b39ac7c6","twitninfuser1316","2026-07-22T03:02:04.214Z","100","like_raid_coordonne|account_farm_creation_massive","5","3370","3370","3369"
"35587d06-4eda-432c-acb2-65584938b78f","twitninfuser1317","2026-07-22T03:02:04.214Z","100","like_raid_coordonne|account_farm_creation_massive","5","3370","3370","3369"
"b298668e-129d-4048-8e04-b576fb5a1663","twitninfuser1318","2026-07-22T03:02:04.214Z","100","like_raid_coordonne|account_farm_creation_massive","5","3370","3370","3369"
"4ec9f0ef-74ba-4703-86a5-544fed3497e7","twitninfuser1319","2026-07-22T03:02:04.214Z","100","like_raid_coordonne|account_farm_creation_massive","5","3370","3370","3369"
"74a384d0-9ce7-4a3b-9088-f35256755c47","twitninfuser1320","2026-07-22T03:02:04.214Z","100","like_raid_coordonne|account_farm_creation_massive","5","3370","3370","3369"
"fac4d6a6-6aa2-48c9-b6d4-dfe2664cec28","twitninfuser1321","2026-07-22T03:02:04.214Z","100","like_raid_coordonne|account_farm_creation_massive","5","3370","3370","3369"
"1e237b41-6555-4593-a0ca-06507ce0051a","twitninfuser1322","2026-07-22T03:02:04.214Z","100","like_raid_coordonne|account_farm_creation_massive","5","3370","3370","3369"
"c26ef4f5-cbb1-45c9-89bf-8b0c0adb5f0d","twitninfuser1323","2026-07-22T03:02:04.214Z","100","like_raid_coordonne|account_farm_creation_massive","5","3370","3370","3369"
"a939f33d-41b3-4245-9817-a785d1f20049","twitninfuser1324","2026-07-22T03:02:04.214Z","100","like_raid_coordonne|account_farm_creation_massive","5","3370","3370","3369"
"a3a9edaf-d964-4228-9ac5-f318ca820350","twitninfuser1325","2026-07-22T03:02:04.214Z","100","like_raid_coordonne|account_farm_creation_massive","5","3370","3370","3369"
"7d940212-269b-4bcf-af83-2aeea7bea1f1","twitninfuser1326","2026-07-22T03:02:04.214Z","100","like_raid_coordonne|account_farm_creation_massive","5","3370","3370","3369"
"685b22f8-58de-40e2-a6f3-1a311cdc7f5e","twitninfuser1327","2026-07-22T03:02:04.214Z","100","like_raid_coordonne|account_farm_creation_massive","5","3370","3370","3369"
"53d73f69-aff5-4b3f-9a84-e0a479e2e045","twitninfuser1328","2026-07-22T03:02:04.214Z","100","like_raid_coordonne|account_farm_creation_massive","5","3370","3370","3369"
"da9fb1b5-55c1-4914-9168-3563e4a4a3e8","twitninfuser1329","2026-07-22T03:02:04.214Z","100","like_raid_coordonne|account_farm_creation_massive","5","3370","3370","3369"
"aa7528a2-2896-4953-b823-5606a26d90f5","twitninfuser1330","2026-07-22T03:02:04.214Z","100","like_raid_coordonne|account_farm_creation_massive","5","3370","3370","3369"
"805dba4a-ac13-4c29-93a3-e8623179c0dd","twitninfuser1331","2026-07-22T03:02:04.214Z","100","like_raid_coordonne|account_farm_creation_massive","5","3370","3370","3369"
"6dc98697-04cd-45ca-9f4a-be2484d0cada","twitninfuser1332","2026-07-22T03:02:04.214Z","100","like_raid_coordonne|account_farm_creation_massive","5","3370","3370","3369"
"8a97f185-1385-4d36-9b38-36cc6b2957e6","twitninfuser1333","2026-07-22T03:02:04.214Z","100","like_raid_coordonne|account_farm_creation_massive","5","3370","3370","3369"
"0b533789-1e22-47ec-8928-4b96dc2b91fc","twitninfuser1334","2026-07-22T03:02:04.214Z","100","like_raid_coordonne|account_farm_creation_massive","5","3370","3370","3369"
"f28fd849-5808-404e-b8e8-10d62fb9870b","twitninfuser1335","2026-07-22T03:02:04.214Z","100","like_raid_coordonne|account_farm_creation_massive","5","3370","3370","3369"
"b730e3a1-245f-47b6-aee5-430b250ada2e","twitninfuser1336","2026-07-22T03:02:04.214Z","100","like_raid_coordonne|account_farm_creation_massive","5","3370","3370","3369"
"3b047f62-de4c-4bf2-8078-6a112e00d2b9","twitninfuser1337","2026-07-22T03:02:04.214Z","100","like_raid_coordonne|account_farm_creation_massive","5","3370","3370","3369"
"2324356b-3313-4ac6-9515-3a5e58e1cbc9","twitninfuser1338","2026-07-22T03:02:04.214Z","100","like_raid_coordonne|account_farm_creation_massive","5","3370","3370","3369"
"8ce659e0-0994-4663-a39e-f4e9dfb2798e","twitninfuser1339","2026-07-22T03:02:04.214Z","100","like_raid_coordonne|account_farm_creation_massive","5","3370","3370","3369"
"153ada6a-3924-4b98-a87c-f9046a01ac79","twitninfuser1340","2026-07-22T03:02:04.214Z","100","like_raid_coordonne|account_farm_creation_massive","5","3370","3370","3369"
"889de763-4e5f-455a-9cc1-183bb5948b17","twitninfuser1341","2026-07-22T03:02:04.214Z","100","like_raid_coordonne|account_farm_creation_massive","5","3370","3370","3369"
"588ff199-3a6d-4158-813b-0454def728c3","twitninfuser1342","2026-07-22T03:02:04.214Z","100","like_raid_coordonne|account_farm_creation_massive","5","3370","3370","3369"
"558761a7-5f52-4d67-a02a-6f51caf9c5e7","twitninfuser1343","2026-07-22T03:02:04.214Z","100","like_raid_coordonne|account_farm_creation_massive","5","3370","3370","3369"
"e0af6a69-30c1-4775-8c7f-1ec4e4d29d46","twitninfuser1344","2026-07-22T03:02:04.214Z","100","like_raid_coordonne|account_farm_creation_massive","5","3370","3370","3369"
"564bed78-3e6f-4d34-86ea-50333d793302","twitninfuser1345","2026-07-22T03:02:04.214Z","100","like_raid_coordonne|account_farm_creation_massive","5","3370","3370","3369"
"9c7e2491-9baa-4823-b02f-b200daf19f54","twitninfuser1346","2026-07-22T03:02:04.214Z","100","like_raid_coordonne|account_farm_creation_massive","5","3370","3370","3369"
"250921c3-bef0-4edd-8c57-d3adcb37b14d","twitninfuser1347","2026-07-22T03:02:04.214Z","100","like_raid_coordonne|account_farm_creation_massive","5","3370","3370","3369"
"3e54fd85-4c5c-4da6-aef8-f8d96afabdaa","twitninfuser1348","2026-07-22T03:02:04.214Z","100","like_raid_coordonne|account_farm_creation_massive","5","3370","3370","3369"
"101f1f67-0fdc-4113-bf28-f30a7e6df512","twitninfuser1349","2026-07-22T03:02:04.214Z","100","like_raid_coordonne|account_farm_creation_massive","5","3370","3370","3369"
"83dd462b-af87-4475-aa9d-c4fa83030016","twitninfuser1350","2026-07-22T03:02:04.214Z","100","like_raid_coordonne|account_farm_creation_massive","5","3370","3370","3369"
"58f587ee-a598-45aa-b0a5-aecba8b46cbf","twitninfuser1351","2026-07-22T03:02:04.214Z","100","like_raid_coordonne|account_farm_creation_massive","5","3370","3370","3369"
"e51c47b7-198d-435a-9d36-96a00db358cf","twitninfuser1352","2026-07-22T03:02:04.214Z","100","like_raid_coordonne|account_farm_creation_massive","5","3370","3370","3369"
"b82fab78-2930-4cb0-ac59-796e68303b87","twitninfuser1353","2026-07-22T03:02:04.214Z","100","like_raid_coordonne|account_farm_creation_massive","5","3370","3370","3369"
"343e635d-6955-4a95-9439-9be0e7debadf","twitninfuser1354","2026-07-22T03:02:04.214Z","100","like_raid_coordonne|account_farm_creation_massive","5","3370","3370","3369"
"f3eef934-66d2-4a4a-aae9-7b73131f94be","twitninfuser1355","2026-07-22T03:02:04.214Z","100","like_raid_coordonne|account_farm_creation_massive","5","3370","3370","3369"
"7880f75c-aca8-42a1-ab39-ef6f8b1e6c65","twitninfuser1356","2026-07-22T03:02:04.214Z","100","like_raid_coordonne|account_farm_creation_massive","5","3370","3370","3369"
"09459005-4ef1-4e15-a750-a7b6f1b6dc96","twitninfuser1357","2026-07-22T03:02:04.214Z","100","like_raid_coordonne|account_farm_creation_massive","5","3370","3370","3369"
"2b2beeee-3b98-4557-95cb-7063b4bb95c1","twitninfuser1358","2026-07-22T03:02:04.214Z","100","like_raid_coordonne|account_farm_creation_massive","5","3370","3370","3369"
"ba32d15e-24b9-4caa-8738-9428a0ed8317","twitninfuser1359","2026-07-22T03:02:04.214Z","100","like_raid_coordonne|account_farm_creation_massive","5","3370","3370","3369"
"c369fa0d-16b7-4678-a32e-7ebafb40d26b","twitninfuser1360","2026-07-22T03:02:04.214Z","100","like_raid_coordonne|account_farm_creation_massive","5","3370","3370","3369"
"16107f57-300e-489f-b0cd-73c961d843db","twitninfuser1361","2026-07-22T03:02:04.214Z","100","like_raid_coordonne|account_farm_creation_massive","5","3370","3370","3369"
"e76a83ed-679b-4d67-8e8f-2d913bfd4292","twitninfuser1362","2026-07-22T03:02:04.214Z","100","like_raid_coordonne|account_farm_creation_massive","5","3370","3370","3369"
"e9c89e55-350f-4330-8cde-ff88ad385a0b","twitninfuser1363","2026-07-22T03:02:04.214Z","100","like_raid_coordonne|account_farm_creation_massive","5","3370","3370","3369"
"76d69efa-2491-4679-8070-ad206dd3577a","twitninfuser1364","2026-07-22T03:02:04.214Z","100","like_raid_coordonne|account_farm_creation_massive","5","3370","3370","3369"
"7a672d81-3537-43d3-8e96-d826d12321da","twitninfuser1365","2026-07-22T03:02:04.214Z","100","like_raid_coordonne|account_farm_creation_massive","5","3370","3370","3369"
"74af3865-c932-4a5f-b821-0d348d04edd5","twitninfuser1366","2026-07-22T03:02:04.214Z","100","like_raid_coordonne|account_farm_creation_massive","5","3370","3370","3369"
"0cdc3968-b5e0-4bdc-b88f-ca5998a40018","twitninfuser1367","2026-07-22T03:02:04.214Z","100","like_raid_coordonne|account_farm_creation_massive","5","3370","3370","3369"
"e78f93fb-68e4-4004-ac25-01c91e9f5567","twitninfuser1368","2026-07-22T03:02:04.214Z","100","like_raid_coordonne|account_farm_creation_massive","5","3370","3370","3369"
"78553abc-60ae-4ab4-8b87-941b365e0c22","twitninfuser1369","2026-07-22T03:02:04.214Z","100","like_raid_coordonne|account_farm_creation_massive","5","3370","3370","3369"
"97088163-5176-4389-981e-cf8136e5a6fc","twitninfuser1370","2026-07-22T03:02:04.214Z","100","like_raid_coordonne|account_farm_creation_massive","5","3370","3370","3369"
"0704ad20-c296-487b-9a0a-b3c69964a206","twitninfuser1371","2026-07-22T03:02:04.214Z","100","like_raid_coordonne|account_farm_creation_massive","5","3370","3370","3369"
"251d30ad-fc47-47ee-8e51-5fb3d6c4b3fd","twitninfuser1372","2026-07-22T03:02:04.214Z","100","like_raid_coordonne|account_farm_creation_massive","5","3370","3370","3369"
"326195ca-309f-475c-b29b-317fa4e9e2e1","twitninfuser1373","2026-07-22T03:02:04.214Z","100","like_raid_coordonne|account_farm_creation_massive","5","3370","3370","3369"
"b05db71b-06c1-4b2c-ab63-9bab996cbc9f","twitninfuser1374","2026-07-22T03:02:04.214Z","100","like_raid_coordonne|account_farm_creation_massive","5","3370","3370","3369"
"e6f1b891-64de-4106-831a-30b0f430eb76","twitninfuser1375","2026-07-22T03:02:04.214Z","100","like_raid_coordonne|account_farm_creation_massive","5","3370","3370","3369"
"bc1e4351-cad6-4790-a4bc-be2cee6eaaad","twitninfuser1376","2026-07-22T03:02:04.214Z","100","like_raid_coordonne|account_farm_creation_massive","5","3370","3370","3369"
"0306fdc9-25a9-4eb3-9de6-1af0551309ae","twitninfuser1377","2026-07-22T03:02:04.214Z","100","like_raid_coordonne|account_farm_creation_massive","5","3370","3370","3369"
"80ddc08b-2d26-4eaa-9744-6a522bf5892e","twitninfuser1378","2026-07-22T03:02:04.214Z","100","like_raid_coordonne|account_farm_creation_massive","5","3370","3370","3369"
"bbb5d53c-50d4-45f9-9c77-431542664ad4","twitninfuser1379","2026-07-22T03:02:04.214Z","100","like_raid_coordonne|account_farm_creation_massive","5","3370","3370","3369"
"a600e61c-ab46-4092-847f-0db9d4ee607b","twitninfuser1380","2026-07-22T03:02:04.214Z","100","like_raid_coordonne|account_farm_creation_massive","5","3370","3370","3369"
"ce7182d6-9529-44b4-9e38-33ad69476a83","twitninfuser1381","2026-07-22T03:02:04.214Z","100","like_raid_coordonne|account_farm_creation_massive","5","3370","3370","3369"
"ee8ddd6b-b153-4516-b6e8-248bdcfee8df","twitninfuser1382","2026-07-22T03:02:04.214Z","100","like_raid_coordonne|account_farm_creation_massive","5","3370","3370","3369"
"ab57d924-fb0f-43a8-b65b-817f565ed7ba","twitninfuser1383","2026-07-22T03:02:04.214Z","100","like_raid_coordonne|account_farm_creation_massive","5","3370","3370","3369"
"19c25fca-71cd-466b-b0ae-0ca98ec64b7a","twitninfuser1384","2026-07-22T03:02:04.214Z","100","like_raid_coordonne|account_farm_creation_massive","5","3370","3370","3369"
"e073bd0d-761e-4c6a-8a82-014359b17688","twitninfuser1385","2026-07-22T03:02:04.214Z","100","like_raid_coordonne|account_farm_creation_massive","5","3370","3370","3369"
"196789a8-fa78-4a7f-82e9-1340a6c8d713","twitninfuser1386","2026-07-22T03:02:04.214Z","100","like_raid_coordonne|account_farm_creation_massive","5","3370","3370","3369"
"c463671a-139f-4cc6-9c37-542ae99eceeb","twitninfuser1387","2026-07-22T03:02:04.214Z","100","like_raid_coordonne|account_farm_creation_massive","5","3370","3370","3369"
"cae3a21f-81a3-470d-802b-6cdab099eb0e","twitninfuser1388","2026-07-22T03:02:04.214Z","100","like_raid_coordonne|account_farm_creation_massive","5","3370","3370","3369"
"f3ae95c4-f212-4af5-9d35-a000a8c5738e","twitninfuser1389","2026-07-22T03:02:04.214Z","100","like_raid_coordonne|account_farm_creation_massive","5","3370","3370","3369"
"974a2cb3-35bc-4b27-83da-365fe6202453","twitninfuser1390","2026-07-22T03:02:04.214Z","100","like_raid_coordonne|account_farm_creation_massive","5","3370","3370","3369"
"75b7afe6-7e25-4d74-8099-45a6deeb6be9","twitninfuser1391","2026-07-22T03:02:04.214Z","100","like_raid_coordonne|account_farm_creation_massive","5","3370","3370","3369"
"6fe16355-c1bf-46c9-bdd4-bc3ed334c0fc","twitninfuser1392","2026-07-22T03:02:04.214Z","100","like_raid_coordonne|account_farm_creation_massive","5","3370","3370","3369"
"5a259e65-d2db-4916-aa82-de750f5b00b8","twitninfuser1393","2026-07-22T03:02:04.214Z","100","like_raid_coordonne|account_farm_creation_massive","5","3370","3370","3369"
"7b16d4e2-1558-420c-865a-382af6e2fcd0","twitninfuser1394","2026-07-22T03:02:04.214Z","100","like_raid_coordonne|account_farm_creation_massive","5","3370","3370","3369"
"1594b201-d5e9-4cc9-99cd-03430a9467aa","twitninfuser1395","2026-07-22T03:02:04.214Z","100","like_raid_coordonne|account_farm_creation_massive","5","3370","3370","3369"
"6e0961d3-e013-46bc-bcba-2ccf0f8085e2","twitninfuser1396","2026-07-22T03:02:04.214Z","100","like_raid_coordonne|account_farm_creation_massive","5","3370","3370","3369"
"8f1b7abb-5244-494f-819a-1241fdd006c9","twitninfuser1397","2026-07-22T03:02:04.214Z","100","like_raid_coordonne|account_farm_creation_massive","5","3370","3370","3369"
"c43f0304-beaf-4fb4-9931-d35f8cd8ec1e","twitninfuser1398","2026-07-22T03:02:04.214Z","100","like_raid_coordonne|account_farm_creation_massive","5","3370","3370","3369"
"640ac5a2-da89-4a6c-884c-d11309289cf2","twitninfuser1399","2026-07-22T03:02:04.214Z","100","like_raid_coordonne|account_farm_creation_massive","5","3370","3370","3369"
"202160e8-9f03-4c99-b07f-faf058e85518","twitninfuser1400","2026-07-22T03:02:04.214Z","100","like_raid_coordonne|account_farm_creation_massive","5","3370","3370","3369"
"1702e73f-4c50-43cc-8052-e656110175b3","twitninfuser1401","2026-07-22T03:02:04.214Z","100","like_raid_coordonne|account_farm_creation_massive","5","3370","3370","3369"
"baf51f32-02f7-46e3-96cc-5bf6dda22ed4","twitninfuser1402","2026-07-22T03:02:04.214Z","100","like_raid_coordonne|account_farm_creation_massive","5","3370","3370","3369"
"ed48d635-7baa-4922-a32e-9641c4361bf2","twitninfuser1403","2026-07-22T03:02:04.214Z","100","like_raid_coordonne|account_farm_creation_massive","5","3370","3370","3369"
"292a005c-f5c3-4676-84b4-db246cd7243b","twitninfuser1404","2026-07-22T03:02:04.214Z","100","like_raid_coordonne|account_farm_creation_massive","5","3370","3370","3369"
"fe168501-f725-4aef-b3f5-c744fb4d55cd","twitninfuser1405","2026-07-22T03:02:04.214Z","100","like_raid_coordonne|account_farm_creation_massive","5","3370","3370","3369"
"2951e748-3f3b-44dc-b19e-33e7db5a7182","twitninfuser1406","2026-07-22T03:02:04.214Z","100","like_raid_coordonne|account_farm_creation_massive","4","3370","3370","3369"
"f4307d42-58aa-4d41-9301-906060808119","twitninfuser1407","2026-07-22T03:02:04.214Z","100","like_raid_coordonne|account_farm_creation_massive","4","3370","3370","3369"
"cad77594-82a1-4bdc-bce4-7ab638bd3b40","twitninfuser1408","2026-07-22T03:02:04.214Z","100","like_raid_coordonne|account_farm_creation_massive","4","3370","3370","3369"
"51703deb-c39e-4e1b-a2f7-e15d5d510267","twitninfuser1409","2026-07-22T03:02:04.214Z","100","like_raid_coordonne|account_farm_creation_massive","4","3370","3370","3369"
"d4c6fcfc-300b-4b95-b87b-c97e526fdcbb","twitninfuser1410","2026-07-22T03:02:04.214Z","100","like_raid_coordonne|account_farm_creation_massive","4","3370","3370","3369"
"c448c3f9-8d58-4669-a596-97462d1d02eb","twitninfuser1411","2026-07-22T03:02:04.214Z","100","like_raid_coordonne|account_farm_creation_massive","4","3370","3370","3369"
"82971474-670f-4861-b48e-30d14430526b","twitninfuser1412","2026-07-22T03:02:04.214Z","100","like_raid_coordonne|account_farm_creation_massive","4","3370","3370","3369"
"c7de2f53-7a8d-475f-921f-889a044df986","twitninfuser1413","2026-07-22T03:02:04.214Z","100","like_raid_coordonne|account_farm_creation_massive","4","3370","3370","3369"
"f88d7b36-e9b2-4aa7-88ba-ecfcf9cc3d88","twitninfuser1414","2026-07-22T03:02:04.214Z","100","like_raid_coordonne|account_farm_creation_massive","4","3370","3370","3369"
"6df9aab4-5539-48c6-977e-04a687e7eeef","twitninfuser1415","2026-07-22T03:02:04.214Z","100","like_raid_coordonne|account_farm_creation_massive","4","3370","3370","3369"
"ec039900-0def-41f9-9116-5a213cd268f9","twitninfuser1416","2026-07-22T03:02:04.214Z","100","like_raid_coordonne|account_farm_creation_massive","4","3370","3370","3369"
"e1b34ccc-01e6-437a-8181-b2dbf3583933","twitninfuser1417","2026-07-22T03:02:04.214Z","100","like_raid_coordonne|account_farm_creation_massive","4","3370","3370","3369"
"8a8376f0-08b5-4e62-8ce1-928e1859c538","twitninfuser1418","2026-07-22T03:02:04.214Z","100","like_raid_coordonne|account_farm_creation_massive","4","3370","3370","3369"
"de6a5b56-d817-4bac-8436-5c144b2027cd","twitninfuser1419","2026-07-22T03:02:04.214Z","100","like_raid_coordonne|account_farm_creation_massive","4","3370","3370","3369"
"8a8a1d57-59a7-4a92-b1bb-92e861139f5a","twitninfuser1420","2026-07-22T03:02:04.214Z","100","like_raid_coordonne|account_farm_creation_massive","4","3370","3370","3369"
"29a1816b-af24-4dbe-8b3c-7b58ac0f7e1d","twitninfuser1421","2026-07-22T03:02:04.214Z","100","like_raid_coordonne|account_farm_creation_massive","4","3370","3370","3369"
"8c8a6a81-b027-4f8e-ae1c-280279c7ac34","twitninfuser1422","2026-07-22T03:02:04.214Z","100","like_raid_coordonne|account_farm_creation_massive","4","3370","3370","3369"
"39738b26-3161-4050-8a30-20ad70ae2295","twitninfuser1423","2026-07-22T03:02:04.214Z","100","like_raid_coordonne|account_farm_creation_massive","4","3370","3370","3369"
"7aefbe22-6de5-4091-9353-9475ab5cc361","twitninfuser1424","2026-07-22T03:02:04.214Z","100","like_raid_coordonne|account_farm_creation_massive","4","3370","3370","3369"
"d57203d4-c3b0-4ca7-8533-4b4a9ac8fd9b","twitninfuser1425","2026-07-22T03:02:04.214Z","100","like_raid_coordonne|account_farm_creation_massive","4","3370","3370","3369"
"f5f3d3aa-5dc5-4f42-8b6f-5ad360a56637","twitninfuser1426","2026-07-22T03:02:04.214Z","100","like_raid_coordonne|account_farm_creation_massive","4","3370","3370","3369"
"a6a802eb-f59f-4877-9ac3-25d0e3733b56","twitninfuser1427","2026-07-22T03:02:04.214Z","100","like_raid_coordonne|account_farm_creation_massive","4","3370","3370","3369"
"984a42c0-5d4f-431f-b990-f5eeed995827","twitninfuser1428","2026-07-22T03:02:04.214Z","100","like_raid_coordonne|account_farm_creation_massive","4","3370","3370","3369"
"a8339d95-b98e-49bd-ba78-27f3a6bf3ca4","twitninfuser1429","2026-07-22T03:02:04.214Z","100","like_raid_coordonne|account_farm_creation_massive","4","3370","3370","3369"
"6657f669-c75b-415f-b0c3-01fc21caa6f9","twitninfuser1430","2026-07-22T03:02:04.214Z","100","like_raid_coordonne|account_farm_creation_massive","4","3370","3370","3369"
"3818f208-7648-46d7-87a2-e93590c3d5f8","twitninfuser1431","2026-07-22T03:02:04.214Z","100","like_raid_coordonne|account_farm_creation_massive","4","3370","3370","3369"
"59263453-0a9d-47ed-8934-d1e520bbf812","twitninfuser1432","2026-07-22T03:02:04.214Z","100","like_raid_coordonne|account_farm_creation_massive","4","3370","3370","3369"
"239aa390-f0f6-44bc-9eb9-448ca5f4df49","twitninfuser1433","2026-07-22T03:02:04.214Z","100","like_raid_coordonne|account_farm_creation_massive","4","3370","3370","3369"
"042b1713-f920-46ea-b5a0-2feab82cbeab","twitninfuser1434","2026-07-22T03:02:04.214Z","100","like_raid_coordonne|account_farm_creation_massive","4","3370","3370","3369"
"7305d1a9-8d35-480a-94fe-d5ba17a8f72c","twitninfuser1435","2026-07-22T03:02:04.214Z","100","like_raid_coordonne|account_farm_creation_massive","4","3370","3370","3369"
"824f0791-30dd-48ef-84cd-aed3d1ec4e4b","twitninfuser1436","2026-07-22T03:02:04.214Z","100","like_raid_coordonne|account_farm_creation_massive","4","3370","3370","3369"
"df9c7a5f-fddd-4979-86c5-44bb3f2f9c43","twitninfuser1437","2026-07-22T03:02:04.214Z","100","like_raid_coordonne|account_farm_creation_massive","4","3370","3370","3369"
"96ab2487-8103-4cf5-b268-49feb0de3e83","twitninfuser1438","2026-07-22T03:02:04.214Z","100","like_raid_coordonne|account_farm_creation_massive","4","3370","3370","3369"
"7755b5d4-ef43-4e9f-a63b-0ffc1fed3e16","twitninfuser1439","2026-07-22T03:02:04.214Z","100","like_raid_coordonne|account_farm_creation_massive","4","3370","3370","3369"
"7efe08fa-17dd-441d-9ce7-a3d9091d3621","twitninfuser1440","2026-07-22T03:02:04.214Z","100","like_raid_coordonne|account_farm_creation_massive","4","3370","3370","3369"
"0eb60d59-64fd-4635-8b3c-617859101998","twitninfuser1441","2026-07-22T03:02:04.214Z","100","like_raid_coordonne|account_farm_creation_massive","4","3370","3370","3369"
"4b24add3-1a98-4725-9d67-325aa600dc5b","twitninfuser1442","2026-07-22T03:02:04.214Z","100","like_raid_coordonne|account_farm_creation_massive","4","3370","3370","3369"
"4fea843c-268f-4163-a610-e47e99a55bda","twitninfuser1443","2026-07-22T03:02:04.214Z","100","like_raid_coordonne|account_farm_creation_massive","4","3370","3370","3369"
"9a77acfd-daf8-4f62-8f52-6c33f0033582","twitninfuser1444","2026-07-22T03:02:04.214Z","100","like_raid_coordonne|account_farm_creation_massive","4","3370","3370","3369"
"3b8a80be-aefa-437b-8ebb-844aab61ccf7","twitninfuser1445","2026-07-22T03:02:04.214Z","100","like_raid_coordonne|account_farm_creation_massive","4","3370","3370","3369"
"c78f0935-4828-4ca1-86a5-d71ea856f256","twitninfuser1446","2026-07-22T03:02:04.214Z","100","like_raid_coordonne|account_farm_creation_massive","4","3370","3370","3369"
"ee6bf7e4-93d6-450d-911c-c04b298cf40c","twitninfuser1447","2026-07-22T03:02:04.214Z","100","like_raid_coordonne|account_farm_creation_massive","4","3370","3370","3369"
"0fdc44fb-c300-4703-9f45-fabc52fbca45","twitninfuser1448","2026-07-22T03:02:04.214Z","100","like_raid_coordonne|account_farm_creation_massive","4","3370","3370","3369"
"7b50dc0b-0789-4478-8bb0-d0d76e22b59a","twitninfuser1449","2026-07-22T03:02:04.214Z","100","like_raid_coordonne|account_farm_creation_massive","4","3370","3370","3369"
"e648afbf-6445-47f8-9586-fd2a7ef60bbd","twitninfuser1450","2026-07-22T03:02:04.214Z","100","like_raid_coordonne|account_farm_creation_massive","4","3370","3370","3369"
"deb1a787-99f5-4b88-bb95-52e7819b9d33","twitninfuser1451","2026-07-22T03:02:04.214Z","100","like_raid_coordonne|account_farm_creation_massive","4","3370","3370","3369"
"4b2c6c0f-83f1-45be-b75b-5a1fa80dfa7c","twitninfuser1452","2026-07-22T03:02:04.214Z","100","like_raid_coordonne|account_farm_creation_massive","4","3370","3370","3369"
"aa32f0af-2a85-4bb4-aa5d-6b4b1f52eefe","twitninfuser1453","2026-07-22T03:02:04.214Z","100","like_raid_coordonne|account_farm_creation_massive","4","3370","3370","3369"
"626491c4-5678-459a-9acc-e2f1e2ef0c58","twitninfuser1454","2026-07-22T03:02:04.214Z","100","like_raid_coordonne|account_farm_creation_massive","4","3370","3370","3369"
"0f396a67-871f-4769-9920-7397b5cb0e81","twitninfuser1455","2026-07-22T03:02:04.214Z","100","like_raid_coordonne|account_farm_creation_massive","4","3370","3370","3369"
"f058ab39-412c-4e0a-8da5-b0754cf8a7d5","twitninfuser1456","2026-07-22T03:02:04.214Z","100","like_raid_coordonne|account_farm_creation_massive","4","3370","3370","3369"
"7f9a90f5-d246-42dc-927d-f57619a14dac","twitninfuser1457","2026-07-22T03:02:04.214Z","100","like_raid_coordonne|account_farm_creation_massive","4","3370","3370","3369"
"e5fdaa66-a39f-44cd-854a-e362282b5d50","twitninfuser1458","2026-07-22T03:02:04.214Z","100","like_raid_coordonne|account_farm_creation_massive","4","3370","3370","3369"
"fe5bde52-8588-4a1a-aded-4eb702fd3877","twitninfuser1459","2026-07-22T03:02:04.214Z","100","like_raid_coordonne|account_farm_creation_massive","4","3370","3370","3369"
"2b3566bf-843c-4c6f-ae83-a16d212776df","twitninfuser1460","2026-07-22T03:02:04.214Z","100","like_raid_coordonne|account_farm_creation_massive","4","3370","3370","3369"
"ebbb768d-bf37-41bf-ae1a-46a4aea0def5","twitninfuser1461","2026-07-22T03:02:04.214Z","100","like_raid_coordonne|account_farm_creation_massive","4","3370","3370","3369"
"d3acd9b4-41cc-4eff-a95f-6f5dc80edf07","twitninfuser1462","2026-07-22T03:02:04.214Z","100","like_raid_coordonne|account_farm_creation_massive","4","3370","3370","3369"
"54e5c0bd-d268-4192-aa07-18048c04d34e","twitninfuser1463","2026-07-22T03:02:04.214Z","100","like_raid_coordonne|account_farm_creation_massive","4","3370","3370","3369"
"c2a79d78-e5af-475a-8b3e-a6750504e09c","twitninfuser1464","2026-07-22T03:02:04.214Z","100","like_raid_coordonne|account_farm_creation_massive","4","3370","3370","3369"
"24ffa750-7fff-44cb-9b6d-b9e7032f55cf","twitninfuser1465","2026-07-22T03:02:04.214Z","100","like_raid_coordonne|account_farm_creation_massive","4","3370","3370","3369"
"b697bcd8-92e6-4758-8363-146cd181cf26","twitninfuser1466","2026-07-22T03:02:04.214Z","100","like_raid_coordonne|account_farm_creation_massive","4","3370","3370","3369"
"e0ec05aa-666f-4209-b4cf-7f7480f6ef65","twitninfuser1467","2026-07-22T03:02:04.214Z","100","like_raid_coordonne|account_farm_creation_massive","4","3370","3370","3369"
"9cfbccbb-197a-4e64-b69f-1b7f279dc7f2","twitninfuser1468","2026-07-22T03:02:04.214Z","100","like_raid_coordonne|account_farm_creation_massive","4","3370","3370","3369"
"3c4a90a8-a567-4906-84f7-25cf6283b885","twitninfuser1469","2026-07-22T03:02:04.214Z","100","like_raid_coordonne|account_farm_creation_massive","4","3370","3370","3369"
"afcd9627-4350-4fdf-8a8a-18b906fc3ac7","twitninfuser1470","2026-07-22T03:02:04.214Z","100","like_raid_coordonne|account_farm_creation_massive","4","3370","3370","3369"
"c8d6b5a7-dbbd-4f94-9607-3fd47e31711f","twitninfuser1471","2026-07-22T03:02:04.214Z","100","like_raid_coordonne|account_farm_creation_massive","4","3370","3370","3369"
"08387c80-d642-4f63-abda-dd1c957dbf17","twitninfuser1472","2026-07-22T03:02:04.214Z","100","like_raid_coordonne|account_farm_creation_massive","4","3370","3370","3369"
"35279f91-d740-44a4-b4e1-447935f59ad3","twitninfuser1473","2026-07-22T03:02:04.214Z","100","like_raid_coordonne|account_farm_creation_massive","4","3370","3370","3369"
"2f6760e7-af1d-4d2b-8048-ae10b8970e99","twitninfuser1474","2026-07-22T03:02:04.214Z","100","like_raid_coordonne|account_farm_creation_massive","4","3370","3370","3369"
"3f3ef963-83c4-453b-ba6e-4656b44f30ed","twitninfuser1475","2026-07-22T03:02:04.214Z","100","like_raid_coordonne|account_farm_creation_massive","4","3370","3370","3369"
"92bfd55f-9528-4f37-977c-f5befe669709","twitninfuser1476","2026-07-22T03:02:04.214Z","100","like_raid_coordonne|account_farm_creation_massive","4","3370","3370","3369"
"722c2352-e4b1-4615-afd9-0728e2412529","twitninfuser1477","2026-07-22T03:02:04.214Z","100","like_raid_coordonne|account_farm_creation_massive","4","3370","3370","3369"
"8a4c81f1-1e58-4aab-92e2-07456e3b58c8","twitninfuser1478","2026-07-22T03:02:04.214Z","100","like_raid_coordonne|account_farm_creation_massive","4","3370","3370","3369"
"78282f13-1a04-4c67-ad67-106926971355","twitninfuser1479","2026-07-22T03:02:04.214Z","100","like_raid_coordonne|account_farm_creation_massive","4","3370","3370","3369"
"00c65861-ea75-415d-b5bc-31a9cc9e4ab4","twitninfuser1480","2026-07-22T03:02:04.214Z","100","like_raid_coordonne|account_farm_creation_massive","4","3370","3370","3369"
"1316df0c-decd-459e-8056-49f04b9ffac3","twitninfuser1481","2026-07-22T03:02:04.214Z","100","like_raid_coordonne|account_farm_creation_massive","4","3370","3370","3369"
"a41c4c5e-f940-4377-bf2b-76501a2fd459","twitninfuser1482","2026-07-22T03:02:04.214Z","100","like_raid_coordonne|account_farm_creation_massive","4","3370","3370","3369"
"0d31dfc8-1b54-479c-b073-ec6bc06249f4","twitninfuser1483","2026-07-22T03:02:04.214Z","100","like_raid_coordonne|account_farm_creation_massive","4","3370","3370","3369"
"604bd803-15a2-4ef6-9f8f-9c9d57448388","twitninfuser1484","2026-07-22T03:02:04.214Z","100","like_raid_coordonne|account_farm_creation_massive","4","3370","3370","3369"
"02ca759a-6cf8-4d46-b171-9f6f834e73fd","twitninfuser1485","2026-07-22T03:02:04.214Z","100","like_raid_coordonne|account_farm_creation_massive","4","3370","3370","3369"
"f6b9b678-74a2-4cc9-9568-bd5c979176aa","twitninfuser1486","2026-07-22T03:02:04.214Z","100","like_raid_coordonne|account_farm_creation_massive","4","3370","3370","3369"
"f73b1082-4f27-4bf7-9d2e-b2676ebd6f07","twitninfuser1487","2026-07-22T03:02:04.214Z","100","like_raid_coordonne|account_farm_creation_massive","4","3370","3370","3369"
"a7c148cb-dda4-48b0-877f-477ef4c15a27","twitninfuser1488","2026-07-22T03:02:04.214Z","100","like_raid_coordonne|account_farm_creation_massive","4","3370","3370","3369"
"a0882bcd-1acd-4f04-b78d-22dd8fa15e21","twitninfuser1489","2026-07-22T03:02:04.214Z","100","like_raid_coordonne|account_farm_creation_massive","4","3370","3370","3369"
"8b0d5708-dce7-46da-b087-551ea9a2c699","twitninfuser1490","2026-07-22T03:02:04.214Z","100","like_raid_coordonne|account_farm_creation_massive","4","3370","3370","3369"
"66794b10-433a-4360-8cc7-da50f9e0c5b6","twitninfuser1491","2026-07-22T03:02:04.214Z","100","like_raid_coordonne|account_farm_creation_massive","4","3370","3370","3369"
"d3b8872b-d1d6-423e-a51e-749e96c15dd7","twitninfuser1492","2026-07-22T03:02:04.214Z","100","like_raid_coordonne|account_farm_creation_massive","4","3370","3370","3369"
"eb126d7b-4b09-4be7-8595-fe87ab84a0b5","twitninfuser1493","2026-07-22T03:02:04.214Z","100","like_raid_coordonne|account_farm_creation_massive","4","3370","3370","3369"
"6faba6a5-3276-41d7-9a02-923cbbb12569","twitninfuser1494","2026-07-22T03:02:04.214Z","100","like_raid_coordonne|account_farm_creation_massive","4","3370","3370","3369"
"41205c07-653f-4778-b6f6-954412302239","twitninfuser1495","2026-07-22T03:02:04.214Z","100","like_raid_coordonne|account_farm_creation_massive","4","3370","3370","3369"
"e72b29dc-272a-4992-98c4-db4b87c6ae2a","twitninfuser1496","2026-07-22T03:02:04.214Z","100","like_raid_coordonne|account_farm_creation_massive","4","3370","3370","3369"
"4d790359-f667-4c8e-9c43-59486063bde6","twitninfuser1497","2026-07-22T03:02:04.214Z","100","like_raid_coordonne|account_farm_creation_massive","4","3370","3370","3369"
"399d782c-cd5c-4c53-9939-52ae271dcf4c","twitninfuser1498","2026-07-22T03:02:04.214Z","100","like_raid_coordonne|account_farm_creation_massive","4","3370","3370","3369"
"cb46a7fc-a9eb-401c-838e-6a439378bd4e","twitninfuser1499","2026-07-22T03:02:04.214Z","100","like_raid_coordonne|account_farm_creation_massive","4","3370","3370","3369"
"b1845cb5-534a-4425-b646-6cf59a6e4980","twitninfuser1500","2026-07-22T03:02:04.214Z","100","like_raid_coordonne|account_farm_creation_massive","4","3370","3370","3369"
"1617b8f2-838b-4920-8098-f20d83fc34a1","twitninfuser1501","2026-07-22T03:02:04.214Z","100","like_raid_coordonne|account_farm_creation_massive","4","3370","3370","3369"
"850eb254-eba7-457b-ad3a-521a295a3a99","twitninfuser1502","2026-07-22T03:02:04.214Z","100","like_raid_coordonne|account_farm_creation_massive","4","3370","3370","3369"
"ea52b1c4-e648-4334-b73a-a736392d9b28","twitninfuser1503","2026-07-22T03:02:04.214Z","100","like_raid_coordonne|account_farm_creation_massive","4","3370","3370","3369"
"bce7d55a-7a7e-4901-9984-84291c81f4cd","twitninfuser1504","2026-07-22T03:02:04.214Z","100","like_raid_coordonne|account_farm_creation_massive","4","3370","3370","3369"
"b4f51267-2261-4e7e-83a2-0f4ab7615d79","twitninfuser1505","2026-07-22T03:02:04.214Z","100","like_raid_coordonne|account_farm_creation_massive","4","3370","3370","3369"
"381e25a7-2e47-4f23-a21a-002bd64278d8","twitninfuser1506","2026-07-22T03:02:04.214Z","100","like_raid_coordonne|account_farm_creation_massive","4","3370","3370","3369"
"39d3fe8e-fd95-41a7-8d05-8143002a4baa","twitninfuser1507","2026-07-22T03:02:04.214Z","100","like_raid_coordonne|account_farm_creation_massive","4","3370","3370","3369"
"037145f5-793d-4096-9c93-854986c26aca","twitninfuser1508","2026-07-22T03:02:04.214Z","100","like_raid_coordonne|account_farm_creation_massive","4","3370","3370","3369"
"39de78a3-6c59-4521-a851-f4ca94bde24b","twitninfuser1509","2026-07-22T03:02:04.214Z","100","like_raid_coordonne|account_farm_creation_massive","4","3370","3370","3369"
"c4d406f7-f966-40d7-8d51-36e0abe25da4","twitninfuser1510","2026-07-22T03:02:04.214Z","100","like_raid_coordonne|account_farm_creation_massive","4","3370","3370","3369"
"94d56665-145c-46ac-bcbd-19c66f2bb497","twitninfuser1511","2026-07-22T03:02:04.214Z","100","like_raid_coordonne|account_farm_creation_massive","4","3370","3370","3369"
"8b4bf57c-3565-4425-a794-ddc237ed33f5","twitninfuser1512","2026-07-22T03:02:04.214Z","100","like_raid_coordonne|account_farm_creation_massive","4","3370","3370","3369"
"5d5bbd07-c12d-4420-bd03-e95d95309a69","twitninfuser1513","2026-07-22T03:02:04.214Z","100","like_raid_coordonne|account_farm_creation_massive","4","3370","3370","3369"
"0e5a6722-46b2-4842-b4f3-939e439af142","twitninfuser1514","2026-07-22T03:02:04.214Z","100","like_raid_coordonne|account_farm_creation_massive","4","3370","3370","3369"
"62a5b3e0-08df-4445-a2c1-1dff59d082d8","twitninfuser1515","2026-07-22T03:02:04.214Z","100","like_raid_coordonne|account_farm_creation_massive","4","3370","3370","3369"
"c6e1db34-1e09-4954-914d-20a5fe418fcb","twitninfuser1516","2026-07-22T03:02:04.214Z","100","like_raid_coordonne|account_farm_creation_massive","4","3370","3370","3369"
"30459d5a-9db5-4563-a584-6056bacb15d3","twitninfuser1517","2026-07-22T03:02:04.214Z","100","like_raid_coordonne|account_farm_creation_massive","4","3370","3370","3369"
"c68a36a3-8001-48a6-b49e-9fcea60df7bf","twitninfuser1518","2026-07-22T03:02:04.214Z","100","like_raid_coordonne|account_farm_creation_massive","4","3370","3370","3369"
"d72a637b-e4b5-414e-af6e-6ad3d18166f1","twitninfuser1519","2026-07-22T03:02:04.214Z","100","like_raid_coordonne|account_farm_creation_massive","4","3370","3370","3369"
"30f2b549-7758-4065-a9ae-11b2eece30a0","twitninfuser1520","2026-07-22T03:02:04.214Z","100","like_raid_coordonne|account_farm_creation_massive","4","3370","3370","3369"
"921ef26f-e374-4a94-8578-895b041920cb","twitninfuser1521","2026-07-22T03:02:04.214Z","100","like_raid_coordonne|account_farm_creation_massive","4","3370","3370","3369"
"2188d8f5-6bce-4e83-a955-aeb6fbb0f2a2","twitninfuser1522","2026-07-22T03:02:04.214Z","100","like_raid_coordonne|account_farm_creation_massive","4","3370","3370","3369"
"312b353c-f599-4907-bc55-d062553e0d9c","twitninfuser1523","2026-07-22T03:02:04.214Z","100","like_raid_coordonne|account_farm_creation_massive","4","3370","3370","3369"
"1847b651-8c78-4582-863d-b7b198c1e128","twitninfuser1524","2026-07-22T03:02:04.214Z","100","like_raid_coordonne|account_farm_creation_massive","4","3370","3370","3369"
"f3c6a1f1-5727-4aaa-bbbe-62659371bac5","twitninfuser1525","2026-07-22T03:02:04.214Z","100","like_raid_coordonne|account_farm_creation_massive","4","3370","3370","3369"
"12de4359-1a05-4391-9b62-0c916cade701","twitninfuser1526","2026-07-22T03:02:04.214Z","100","like_raid_coordonne|account_farm_creation_massive","4","3370","3370","3369"
"d57ec2ac-e2ba-4fc1-91b0-7039d3ec68c7","twitninfuser1527","2026-07-22T03:02:04.214Z","100","like_raid_coordonne|account_farm_creation_massive","4","3370","3370","3369"
"d15d71bf-0aa0-44f3-b761-b8102a9c9c70","twitninfuser1528","2026-07-22T03:02:04.214Z","100","like_raid_coordonne|account_farm_creation_massive","4","3370","3370","3369"
"372ad525-6837-4580-8c87-cb9bd35e4161","twitninfuser1529","2026-07-22T03:02:04.214Z","100","like_raid_coordonne|account_farm_creation_massive","4","3370","3370","3369"
"26b60472-1574-43e5-ae12-21f888e3ee0d","twitninfuser1530","2026-07-22T03:02:04.214Z","100","like_raid_coordonne|account_farm_creation_massive","4","3370","3370","3369"
"976b570e-1485-4658-add5-327ff779ffdf","twitninfuser1531","2026-07-22T03:02:04.214Z","100","like_raid_coordonne|account_farm_creation_massive","4","3370","3370","3369"
"8affa7e8-35aa-471c-a326-ec7e865e9b49","twitninfuser1532","2026-07-22T03:02:04.214Z","100","like_raid_coordonne|account_farm_creation_massive","4","3370","3370","3369"
"20ec8354-6ac8-4038-b5d1-94e910ef83f5","twitninfuser1533","2026-07-22T03:02:04.214Z","100","like_raid_coordonne|account_farm_creation_massive","4","3370","3370","3369"
"6ffd903f-d8fc-4912-9877-b3dac4f290d5","twitninfuser1534","2026-07-22T03:02:04.214Z","100","like_raid_coordonne|account_farm_creation_massive","4","3370","3370","3369"
"92f6bbf9-a7d6-4351-965a-23abafb863bb","twitninfuser1535","2026-07-22T03:02:04.214Z","100","like_raid_coordonne|account_farm_creation_massive","4","3370","3370","3369"
"4f60e12b-17df-4883-abf1-a74561dfd910","twitninfuser1536","2026-07-22T03:02:04.214Z","100","like_raid_coordonne|account_farm_creation_massive","4","3370","3370","3369"
"8e8c8577-2fe0-431a-bc82-5f0d35b257d7","twitninfuser1537","2026-07-22T03:02:04.214Z","100","like_raid_coordonne|account_farm_creation_massive","4","3370","3370","3369"
"f9b6b58b-17ae-4d9b-b36a-14c47a1ade79","twitninfuser1538","2026-07-22T03:02:04.214Z","100","like_raid_coordonne|account_farm_creation_massive","4","3370","3370","3369"
"3580c8d6-7460-4780-b03e-5bb19376ce76","twitninfuser1539","2026-07-22T03:02:04.214Z","100","like_raid_coordonne|account_farm_creation_massive","4","3370","3370","3369"
"cae5026e-13af-415b-b0a9-f39dca14faf8","twitninfuser1540","2026-07-22T03:02:04.214Z","100","like_raid_coordonne|account_farm_creation_massive","4","3370","3370","3369"
"6d3aa9e7-446f-408d-8418-891d7cd3221d","twitninfuser1541","2026-07-22T03:02:04.214Z","100","like_raid_coordonne|account_farm_creation_massive","4","3370","3370","3369"
"7313083e-a536-472f-bb56-a046a8c23cf0","twitninfuser1542","2026-07-22T03:02:04.214Z","100","like_raid_coordonne|account_farm_creation_massive","4","3370","3370","3369"
"c0e29923-bc96-4e7d-a3fc-5d88a1cb4543","twitninfuser1543","2026-07-22T03:02:04.214Z","100","like_raid_coordonne|account_farm_creation_massive","4","3370","3370","3369"
"0f461e42-6e61-4652-9ada-5e9ed8e45597","twitninfuser1544","2026-07-22T03:02:04.214Z","100","like_raid_coordonne|account_farm_creation_massive","4","3370","3370","3369"
"2faf77c6-841b-4dd6-8b17-64ded1d48ab3","twitninfuser1545","2026-07-22T03:02:04.214Z","100","like_raid_coordonne|account_farm_creation_massive","4","3370","3370","3369"
"45f79c1f-df5f-4e72-85f7-4427f9ff170e","twitninfuser1546","2026-07-22T03:02:04.214Z","100","like_raid_coordonne|account_farm_creation_massive","4","3370","3370","3369"
"86844642-e37c-4639-8625-3d81d1ed4566","twitninfuser1547","2026-07-22T03:02:04.214Z","100","like_raid_coordonne|account_farm_creation_massive","4","3370","3370","3369"
"f8a23dfb-d74a-452b-ae29-549bf1785859","twitninfuser1548","2026-07-22T03:02:04.214Z","100","like_raid_coordonne|account_farm_creation_massive","4","3370","3370","3369"
"fef81d6d-0456-42bc-a7c6-a9db009d7f0a","twitninfuser1549","2026-07-22T03:02:04.214Z","100","like_raid_coordonne|account_farm_creation_massive","4","3370","3370","3369"
"fd3c0f01-1658-4c5b-98f8-66e1e56f870b","twitninfuser1550","2026-07-22T03:02:04.214Z","100","like_raid_coordonne|account_farm_creation_massive","4","3370","3370","3369"
"1b786262-54b5-4db1-958f-69d1fe5621b8","twitninfuser1551","2026-07-22T03:02:04.214Z","100","like_raid_coordonne|account_farm_creation_massive","4","3370","3370","3369"
"5eac7aaa-57d3-49ba-8a38-11b9b126d867","twitninfuser1552","2026-07-22T03:02:04.214Z","100","like_raid_coordonne|account_farm_creation_massive","4","3370","3370","3369"
"6727713c-aaa4-4abc-bc60-9fcfd2eadc5c","twitninfuser1553","2026-07-22T03:02:04.214Z","100","like_raid_coordonne|account_farm_creation_massive","4","3370","3370","3369"
"b5228e9c-5731-4840-80d3-2861fa5ec5a8","twitninfuser1554","2026-07-22T03:02:04.214Z","100","like_raid_coordonne|account_farm_creation_massive","4","3370","3370","3369"
"57204321-482f-44b9-8a45-0ca0ad08b11f","twitninfuser1555","2026-07-22T03:02:04.214Z","100","like_raid_coordonne|account_farm_creation_massive","4","3370","3370","3369"
"91451d9e-25b8-479f-bf92-7ba0028fa89c","twitninfuser1556","2026-07-22T03:02:04.214Z","100","like_raid_coordonne|account_farm_creation_massive","4","3370","3370","3369"
"8f8b238d-8707-4d0d-8edb-e205ebcd5c57","twitninfuser1557","2026-07-22T03:02:04.214Z","100","like_raid_coordonne|account_farm_creation_massive","4","3370","3370","3369"
"83006db9-4a68-40ee-a0d1-29014312d687","twitninfuser1558","2026-07-22T03:02:04.214Z","100","like_raid_coordonne|account_farm_creation_massive","4","3370","3370","3369"
"71ce29a5-c8de-4b72-9661-63f877313c78","twitninfuser1559","2026-07-22T03:02:04.214Z","100","like_raid_coordonne|account_farm_creation_massive","4","3370","3370","3369"
"553e3502-2905-47b8-b60d-aba877d80bde","twitninfuser1560","2026-07-22T03:02:04.214Z","100","like_raid_coordonne|account_farm_creation_massive","4","3370","3370","3369"
"02df8943-7c3f-48bb-8d09-4a5ebdfa0d7a","twitninfuser1561","2026-07-22T03:02:04.214Z","100","like_raid_coordonne|account_farm_creation_massive","4","3370","3370","3369"
"a54c06d6-0985-46ab-a581-e0af4f8e1587","twitninfuser1562","2026-07-22T03:02:04.214Z","100","like_raid_coordonne|account_farm_creation_massive","4","3370","3370","3369"
"f638b817-c4ce-435d-aeb0-a6185f9bae01","twitninfuser1563","2026-07-22T03:02:04.214Z","100","like_raid_coordonne|account_farm_creation_massive","4","3370","3370","3369"
"5534d768-f3d3-498d-badc-2b4062f9457b","twitninfuser1564","2026-07-22T03:02:04.214Z","100","like_raid_coordonne|account_farm_creation_massive","4","3370","3370","3369"
"8c9123b2-a4fe-49e9-a165-333efc3a0670","twitninfuser1565","2026-07-22T03:02:04.214Z","100","like_raid_coordonne|account_farm_creation_massive","4","3370","3370","3369"
"e65a6da5-7cee-4f0b-9b31-37bc90f4512c","twitninfuser1566","2026-07-22T03:02:04.214Z","100","like_raid_coordonne|account_farm_creation_massive","4","3370","3370","3369"
"5a680b40-b7b5-47f2-bc3b-785402b75a57","twitninfuser1567","2026-07-22T03:02:04.214Z","100","like_raid_coordonne|account_farm_creation_massive","4","3370","3370","3369"
"37f632eb-3cba-4190-b0e7-7061805e43e2","twitninfuser1568","2026-07-22T03:02:04.214Z","100","like_raid_coordonne|account_farm_creation_massive","4","3370","3370","3369"
"03582970-d1a8-4400-b3f2-080ea4f753f1","twitninfuser1569","2026-07-22T03:02:04.214Z","100","like_raid_coordonne|account_farm_creation_massive","4","3370","3370","3369"
"44b6fd3f-0dfd-48a9-a2f6-e3a61f0ae6bf","twitninfuser1570","2026-07-22T03:02:04.214Z","100","like_raid_coordonne|account_farm_creation_massive","4","3370","3370","3369"
"93db1088-1345-4ef9-8b95-d910d92a4474","twitninfuser1571","2026-07-22T03:02:04.214Z","100","like_raid_coordonne|account_farm_creation_massive","4","3370","3370","3369"
"e3460448-c4a0-4a0e-aea2-50bd8f56c18b","twitninfuser1572","2026-07-22T03:02:04.214Z","100","like_raid_coordonne|account_farm_creation_massive","4","3370","3370","3369"
"5313bcdd-4531-4d4c-91c7-750b91d8c8fb","twitninfuser1573","2026-07-22T03:02:04.214Z","100","like_raid_coordonne|account_farm_creation_massive","4","3370","3370","3369"
"6b9424a1-9552-4165-82fa-4ced935c66b1","twitninfuser1574","2026-07-22T03:02:04.214Z","100","like_raid_coordonne|account_farm_creation_massive","4","3370","3370","3369"
"7d09a9c3-9d99-407a-b702-f510af1d6405","twitninfuser1575","2026-07-22T03:02:04.214Z","100","like_raid_coordonne|account_farm_creation_massive","4","3370","3370","3369"
"0f6c7d22-e61c-4f13-a768-55844e68b305","twitninfuser1576","2026-07-22T03:02:04.214Z","100","like_raid_coordonne|account_farm_creation_massive","4","3370","3370","3369"
"83dc4b6b-8273-47cf-89d9-64df5042fc66","twitninfuser1577","2026-07-22T03:02:04.214Z","100","like_raid_coordonne|account_farm_creation_massive","4","3370","3370","3369"
"ca38ee3f-7225-4efa-bdd1-2b5bf3068974","twitninfuser1578","2026-07-22T03:02:04.214Z","100","like_raid_coordonne|account_farm_creation_massive","4","3370","3370","3369"
"0fc5ed27-34f4-46b1-a23a-38b1ecc1b5c1","twitninfuser1579","2026-07-22T03:02:04.214Z","100","like_raid_coordonne|account_farm_creation_massive","4","3370","3370","3369"
"c32a8eac-687d-49c6-a1b0-01b519deeec4","twitninfuser1580","2026-07-22T03:02:04.214Z","100","like_raid_coordonne|account_farm_creation_massive","4","3370","3370","3369"
"ce6af5ce-e578-4d09-8609-b766401d6d4b","twitninfuser1581","2026-07-22T03:02:04.214Z","100","like_raid_coordonne|account_farm_creation_massive","4","3370","3370","3369"
"690e3214-3ed1-4769-971c-c280592c0291","twitninfuser1582","2026-07-22T03:02:04.214Z","100","like_raid_coordonne|account_farm_creation_massive","4","3370","3370","3369"
"c5d45145-0ae1-4e58-ac85-cba0d32f8af8","twitninfuser1583","2026-07-22T03:02:04.214Z","100","like_raid_coordonne|account_farm_creation_massive","4","3370","3370","3369"
"1a981eee-9e45-4d71-826d-d0fda6e4c3b0","twitninfuser1584","2026-07-22T03:02:04.214Z","100","like_raid_coordonne|account_farm_creation_massive","4","3370","3370","3369"
"38fcae8e-5e9e-4c9f-8f6d-68a6047b09b0","twitninfuser1585","2026-07-22T03:02:04.214Z","100","like_raid_coordonne|account_farm_creation_massive","4","3370","3370","3369"
"59b70d31-3859-444d-953e-ef4d0e5db816","twitninfuser1586","2026-07-22T03:02:04.214Z","100","like_raid_coordonne|account_farm_creation_massive","4","3370","3370","3369"
"83aaa6fb-86ac-484c-8f5a-5437c9720db7","twitninfuser1587","2026-07-22T03:02:04.214Z","100","like_raid_coordonne|account_farm_creation_massive","4","3370","3370","3369"
"129b69e2-be73-4582-92bd-6c52bb145e50","twitninfuser1588","2026-07-22T03:02:04.214Z","100","like_raid_coordonne|account_farm_creation_massive","4","3370","3370","3369"
"574f1ced-85cb-4248-bb17-1a2ff37b7706","twitninfuser1589","2026-07-22T03:02:04.214Z","100","like_raid_coordonne|account_farm_creation_massive","4","3370","3370","3369"
"acff703c-436d-4c50-88ba-71f6fb4441aa","twitninfuser1590","2026-07-22T03:02:04.214Z","100","like_raid_coordonne|account_farm_creation_massive","4","3370","3370","3369"
"2b28a20e-8816-483b-b202-eb056a6610a1","twitninfuser1591","2026-07-22T03:02:04.214Z","100","like_raid_coordonne|account_farm_creation_massive","4","3370","3370","3369"
"47c416f7-e902-46e6-b112-1a4a738f74b2","twitninfuser1592","2026-07-22T03:02:04.214Z","100","like_raid_coordonne|account_farm_creation_massive","4","3370","3370","3369"
"5b0e01f0-d2ff-4d9f-9701-2804f090b169","twitninfuser1593","2026-07-22T03:02:04.214Z","100","like_raid_coordonne|account_farm_creation_massive","4","3370","3370","3369"
"28112008-1ac9-4906-89e6-ee10a18707e2","twitninfuser1594","2026-07-22T03:02:04.214Z","100","like_raid_coordonne|account_farm_creation_massive","4","3370","3370","3369"
"0f32e195-44e0-4d6c-9327-c09149219a85","twitninfuser1595","2026-07-22T03:02:04.214Z","100","like_raid_coordonne|account_farm_creation_massive","4","3370","3370","3369"
"98536778-5d6b-45b4-bdc7-767de0a7d485","twitninfuser1596","2026-07-22T03:02:04.214Z","100","like_raid_coordonne|account_farm_creation_massive","4","3370","3370","3369"
"f05091dc-a9b8-40d9-b7be-1418f04fe21a","twitninfuser1597","2026-07-22T03:02:04.214Z","100","like_raid_coordonne|account_farm_creation_massive","4","3370","3370","3369"
"91044a35-f632-4561-b701-3f6c2470ef18","twitninfuser1598","2026-07-22T03:02:04.214Z","100","like_raid_coordonne|account_farm_creation_massive","4","3370","3370","3369"
"7ac01c8d-e21b-41fb-9372-75de38a00b4a","twitninfuser1599","2026-07-22T03:02:04.214Z","100","like_raid_coordonne|account_farm_creation_massive","4","3370","3370","3369"
"addce6d8-8968-4861-b83e-43fb5e7be7ad","twitninfuser1600","2026-07-22T03:02:04.214Z","100","like_raid_coordonne|account_farm_creation_massive","4","3370","3370","3369"
"50f1e7da-60b2-4d00-a1c0-23f81b5d7465","twitninfuser1601","2026-07-22T03:02:04.214Z","100","like_raid_coordonne|account_farm_creation_massive","4","3370","3370","3369"
"117f61d1-f88b-4ff6-9499-ea7c7db2bfdd","twitninfuser1602","2026-07-22T03:02:04.214Z","100","like_raid_coordonne|account_farm_creation_massive","4","3370","3370","3369"
"8c2a4da1-51a8-4007-9db9-4539a6d5a86f","twitninfuser1603","2026-07-22T03:02:04.214Z","100","like_raid_coordonne|account_farm_creation_massive","4","3370","3370","3369"
"f6b12ee2-109e-45d4-80a0-8e9f3b0b6bf8","twitninfuser1604","2026-07-22T03:02:04.214Z","100","like_raid_coordonne|account_farm_creation_massive","4","3370","3370","3369"
"4b32ec7f-ba5f-42d4-ae4e-ed746d4b2b86","twitninfuser1605","2026-07-22T03:02:04.214Z","100","like_raid_coordonne|account_farm_creation_massive","4","3370","3370","3369"
"940ca062-ede4-4d51-8b97-11db4a02cf42","twitninfuser1606","2026-07-22T03:02:04.214Z","100","like_raid_coordonne|account_farm_creation_massive","4","3370","3370","3369"
"4dbf8052-48c3-4e03-9eb6-dfd8beafba2b","twitninfuser1607","2026-07-22T03:02:04.214Z","100","like_raid_coordonne|account_farm_creation_massive","4","3370","3370","3369"
"c37d634b-7d2a-44a5-9c06-ab1b71931396","twitninfuser1608","2026-07-22T03:02:04.214Z","100","like_raid_coordonne|account_farm_creation_massive","4","3370","3370","3369"
"04f78ca0-cae3-447e-81c2-b72103743193","twitninfuser1609","2026-07-22T03:02:04.214Z","100","like_raid_coordonne|account_farm_creation_massive","4","3370","3370","3369"
"0d65f417-d622-4786-a4a9-a3a85bc3ff70","twitninfuser1610","2026-07-22T03:02:04.214Z","100","like_raid_coordonne|account_farm_creation_massive","4","3370","3370","3369"
"b9cded20-858c-41c8-9bdd-2071ced7ed55","twitninfuser1611","2026-07-22T03:02:04.214Z","100","like_raid_coordonne|account_farm_creation_massive","4","3370","3370","3369"
"6dada32c-267d-40de-a4b4-d6361301e5fb","twitninfuser1612","2026-07-22T03:02:04.214Z","100","like_raid_coordonne|account_farm_creation_massive","4","3370","3370","3369"
"c0e8a3d5-2d13-40db-9e6f-35cc824b8b43","twitninfuser1613","2026-07-22T03:02:04.214Z","100","like_raid_coordonne|account_farm_creation_massive","4","3370","3370","3369"
"a882c944-45ed-4205-8543-da49cd235688","twitninfuser1614","2026-07-22T03:02:04.214Z","100","like_raid_coordonne|account_farm_creation_massive","4","3370","3370","3369"
"e4078b3e-4158-4cd8-a48a-d85210e46eeb","twitninfuser1615","2026-07-22T03:02:04.214Z","100","like_raid_coordonne|account_farm_creation_massive","4","3370","3370","3369"
"1f83f05a-39fc-402a-8c1f-63952e581762","twitninfuser1616","2026-07-22T03:02:04.214Z","100","like_raid_coordonne|account_farm_creation_massive","4","3370","3370","3369"
"e2670460-8343-447b-b3c8-13fb4ef94381","twitninfuser1617","2026-07-22T03:02:04.214Z","100","like_raid_coordonne|account_farm_creation_massive","4","3370","3370","3369"
"cdcf73a4-b9da-43af-8e3b-ffd63d92ed26","twitninfuser1618","2026-07-22T03:02:04.214Z","100","like_raid_coordonne|account_farm_creation_massive","4","3370","3370","3369"
"538eb8b6-bf51-4036-ad6e-c383c9fc9e26","twitninfuser1619","2026-07-22T03:02:04.214Z","100","like_raid_coordonne|account_farm_creation_massive","4","3370","3370","3369"
"adf3c2d5-2069-4e05-a944-bae437066a8f","twitninfuser1620","2026-07-22T03:02:04.214Z","100","like_raid_coordonne|account_farm_creation_massive","4","3370","3370","3369"
"fdd29df4-be47-42fe-ad0e-1b3a77afbe62","twitninfuser1621","2026-07-22T03:02:04.214Z","100","like_raid_coordonne|account_farm_creation_massive","4","3370","3370","3369"
"a2267c00-194f-40c6-8743-81b9c5e7b31b","twitninfuser1622","2026-07-22T03:02:04.214Z","100","like_raid_coordonne|account_farm_creation_massive","4","3370","3370","3369"
"ecde8724-3c92-486a-bce6-becd540385de","twitninfuser1623","2026-07-22T03:02:04.214Z","100","like_raid_coordonne|account_farm_creation_massive","4","3370","3370","3369"
"0fdfbf10-dda5-45b3-90b8-b94adad1aefb","twitninfuser1624","2026-07-22T03:02:04.214Z","100","like_raid_coordonne|account_farm_creation_massive","4","3370","3370","3369"
"54ddd40a-3622-4a90-acdf-4740b52b12ac","twitninfuser1625","2026-07-22T03:02:04.214Z","100","like_raid_coordonne|account_farm_creation_massive","4","3370","3370","3369"
"a5782170-18f9-48d4-9bc0-d4fbf9d9594b","twitninfuser1626","2026-07-22T03:02:04.214Z","100","like_raid_coordonne|account_farm_creation_massive","4","3370","3370","3369"
"6f3e4159-5e48-404b-b7f4-49fa924854f5","twitninfuser1627","2026-07-22T03:02:04.214Z","100","like_raid_coordonne|account_farm_creation_massive","4","3370","3370","3369"
"57ceb235-642e-4fdf-8f99-c8259dec0226","twitninfuser1628","2026-07-22T03:02:04.214Z","100","like_raid_coordonne|account_farm_creation_massive","4","3370","3370","3369"
"40d08a0e-170f-47c3-878e-352ffa6250bc","twitninfuser1629","2026-07-22T03:02:04.214Z","100","like_raid_coordonne|account_farm_creation_massive","4","3370","3370","3369"
"d1bfaea9-5fca-40b9-b7d7-da9f8095b212","twitninfuser1630","2026-07-22T03:02:04.214Z","100","like_raid_coordonne|account_farm_creation_massive","4","3370","3370","3369"
"218c4bc1-9e61-4a5b-9b9d-6d24f76e3b71","twitninfuser1631","2026-07-22T03:02:04.215Z","100","like_raid_coordonne|account_farm_creation_massive","4","3370","3370","3369"
"1263d5ed-d0de-442a-8505-dae6911a9e5e","twitninfuser1632","2026-07-22T03:02:04.215Z","100","like_raid_coordonne|account_farm_creation_massive","4","3370","3370","3369"
"8670cd78-b8eb-476d-bc09-fca9fe52df5b","twitninfuser1633","2026-07-22T03:02:04.215Z","100","like_raid_coordonne|account_farm_creation_massive","4","3370","3370","3369"
"66624eea-98b7-4b16-8784-62ac51755b71","twitninfuser1634","2026-07-22T03:02:04.215Z","100","like_raid_coordonne|account_farm_creation_massive","4","3370","3370","3369"
"ad11150d-c319-49cd-a452-064e0105aa9c","twitninfuser1635","2026-07-22T03:02:04.215Z","100","like_raid_coordonne|account_farm_creation_massive","4","3370","3370","3369"
"649caa35-4dba-44e0-aa45-e4182bd661c4","twitninfuser1636","2026-07-22T03:02:04.215Z","100","like_raid_coordonne|account_farm_creation_massive","4","3370","3370","3369"
"3ba8ae3b-716f-4997-9d2d-8aa66e6e84d2","twitninfuser1637","2026-07-22T03:02:04.215Z","100","like_raid_coordonne|account_farm_creation_massive","4","3370","3370","3369"
"165ec1c2-a8ec-4307-a1a7-f2dea91ffaa2","twitninfuser1638","2026-07-22T03:02:04.215Z","100","like_raid_coordonne|account_farm_creation_massive","4","3370","3370","3369"
"28066c5d-a522-4bb5-8f2b-1b5deda05fa1","twitninfuser1639","2026-07-22T03:02:04.215Z","100","like_raid_coordonne|account_farm_creation_massive","4","3370","3370","3369"
"6c62cb4a-c5a1-4938-958b-9ee6f860170b","twitninfuser1640","2026-07-22T03:02:04.215Z","100","like_raid_coordonne|account_farm_creation_massive","4","3370","3370","3369"
"c260e61a-d1fb-46c7-b62b-938905f2be67","twitninfuser1641","2026-07-22T03:02:04.215Z","100","like_raid_coordonne|account_farm_creation_massive","4","3370","3370","3369"
"ed885e72-d771-477b-a895-45fcb43fdb66","twitninfuser1642","2026-07-22T03:02:04.215Z","100","like_raid_coordonne|account_farm_creation_massive","4","3370","3370","3369"
"56534a65-3099-4c12-bcc9-83f9d7ac7e17","twitninfuser1643","2026-07-22T03:02:04.215Z","100","like_raid_coordonne|account_farm_creation_massive","4","3370","3370","3369"
"545a52fd-181b-49ce-9378-8d4214371f5d","twitninfuser1644","2026-07-22T03:02:04.215Z","100","like_raid_coordonne|account_farm_creation_massive","4","3370","3370","3369"
"fdf5bcaa-2209-4322-8a0f-479e494ff7c3","twitninfuser1645","2026-07-22T03:02:04.215Z","100","like_raid_coordonne|account_farm_creation_massive","4","3370","3370","3369"
"9f6fe394-ff80-47ac-b463-71b45abbd351","twitninfuser1646","2026-07-22T03:02:04.215Z","100","like_raid_coordonne|account_farm_creation_massive","4","3370","3370","3369"
"13f15660-e3f2-4b01-8f8e-dfe1d91353f1","twitninfuser1647","2026-07-22T03:02:04.215Z","100","like_raid_coordonne|account_farm_creation_massive","4","3370","3370","3369"
"c346df57-a043-42fc-b131-7a523579016d","twitninfuser1648","2026-07-22T03:02:04.215Z","100","like_raid_coordonne|account_farm_creation_massive","4","3370","3370","3369"
"91e96d60-0a23-4553-b39a-e89adb79a5ee","twitninfuser1649","2026-07-22T03:02:04.215Z","100","like_raid_coordonne|account_farm_creation_massive","4","3370","3370","3369"
"d8ea0b4e-29cd-4c3f-b265-bd22ed7f6f2f","twitninfuser1650","2026-07-22T03:02:04.215Z","100","like_raid_coordonne|account_farm_creation_massive","4","3370","3370","3369"
"bb9003bf-5b7c-4fac-9746-8c7ea7384c46","twitninfuser1651","2026-07-22T03:02:04.215Z","100","like_raid_coordonne|account_farm_creation_massive","4","3370","3370","3369"
"c40e8db4-d47e-4423-a58e-4cc1ddcd0e06","twitninfuser1652","2026-07-22T03:02:04.215Z","100","like_raid_coordonne|account_farm_creation_massive","4","3370","3370","3369"
"e41daa55-dd5a-4c11-9c58-5f512ea956bc","twitninfuser1653","2026-07-22T03:02:04.215Z","100","like_raid_coordonne|account_farm_creation_massive","4","3370","3370","3369"
"085c3531-9fcf-4d2f-a9f9-c7cedbde4cf3","twitninfuser1654","2026-07-22T03:02:04.215Z","100","like_raid_coordonne|account_farm_creation_massive","4","3370","3370","3369"
"7b8f1679-9128-43c2-8af8-871cd043e9e0","twitninfuser1655","2026-07-22T03:02:04.215Z","100","like_raid_coordonne|account_farm_creation_massive","4","3370","3370","3369"
"ffafd14a-ecd9-4899-a727-ff8356467fff","twitninfuser1656","2026-07-22T03:02:04.215Z","100","like_raid_coordonne|account_farm_creation_massive","4","3370","3370","3369"
"173a221e-5f75-492d-bb42-6886af522f2b","twitninfuser1657","2026-07-22T03:02:04.215Z","100","like_raid_coordonne|account_farm_creation_massive","4","3370","3370","3369"
"82ef8fd9-4a7f-46b4-bcdb-9ab8db44934d","twitninfuser1658","2026-07-22T03:02:04.215Z","100","like_raid_coordonne|account_farm_creation_massive","4","3370","3370","3369"
"93636b39-8090-4917-9ff8-aa53ffb7150d","twitninfuser1659","2026-07-22T03:02:04.215Z","100","like_raid_coordonne|account_farm_creation_massive","4","3370","3370","3369"
"367fa851-aeda-43f9-9e9a-69749991da09","twitninfuser1660","2026-07-22T03:02:04.215Z","100","like_raid_coordonne|account_farm_creation_massive","4","3370","3370","3369"
"1483a79e-37cc-4b30-879f-8d8a05cd6503","twitninfuser1661","2026-07-22T03:02:04.215Z","100","like_raid_coordonne|account_farm_creation_massive","4","3370","3370","3369"
"2ba02fe2-fb1b-4b0b-9a90-0f00567d184d","twitninfuser1662","2026-07-22T03:02:04.215Z","100","like_raid_coordonne|account_farm_creation_massive","4","3370","3370","3369"
"96de11df-2807-42f2-9cb7-a56df29f42fd","twitninfuser1663","2026-07-22T03:02:04.215Z","100","like_raid_coordonne|account_farm_creation_massive","4","3370","3370","3369"
"9b6b0a31-49d1-4430-98be-3cb049ecd96a","twitninfuser1664","2026-07-22T03:02:04.215Z","100","like_raid_coordonne|account_farm_creation_massive","4","3370","3370","3369"
"c49f3d0b-b426-4be0-af15-bab41573e3d8","twitninfuser1665","2026-07-22T03:02:04.215Z","100","like_raid_coordonne|account_farm_creation_massive","4","3370","3370","3369"
"3d7780d5-7558-4d06-aed6-0af59b6aeb75","twitninfuser1666","2026-07-22T03:02:04.215Z","100","like_raid_coordonne|account_farm_creation_massive","4","3370","3370","3369"
"968ec5e3-cf2a-4929-a1bb-11d76042b350","twitninfuser1667","2026-07-22T03:02:04.215Z","100","like_raid_coordonne|account_farm_creation_massive","4","3370","3370","3369"
"0d7ff7e8-9b0f-416b-83ca-599594e5c4d6","twitninfuser1668","2026-07-22T03:02:04.215Z","100","like_raid_coordonne|account_farm_creation_massive","4","3370","3370","3369"
"c45aace6-05c3-4736-95a2-1a6f415c3303","twitninfuser1669","2026-07-22T03:02:04.215Z","100","like_raid_coordonne|account_farm_creation_massive","4","3370","3370","3369"
"ac604c85-7df1-4493-be25-10f1534878ea","twitninfuser1670","2026-07-22T03:02:04.215Z","100","like_raid_coordonne|account_farm_creation_massive","4","3370","3370","3369"
"6f863f5c-fff2-4401-adc0-1650b7b2bd49","twitninfuser1671","2026-07-22T03:02:04.215Z","100","like_raid_coordonne|account_farm_creation_massive","4","3370","3370","3369"
"14eace90-d72b-4b42-856b-015c9961c1a4","twitninfuser1672","2026-07-22T03:02:04.215Z","100","like_raid_coordonne|account_farm_creation_massive","4","3370","3370","3369"
"251925a1-7a5e-47da-84be-2d4026ae4ac4","twitninfuser1673","2026-07-22T03:02:04.215Z","100","like_raid_coordonne|account_farm_creation_massive","4","3370","3370","3369"
"3aad0c7f-ab76-4b93-bd11-c604395bc62c","twitninfuser1674","2026-07-22T03:02:04.215Z","100","like_raid_coordonne|account_farm_creation_massive","4","3370","3370","3369"
"22ae4b42-1d52-4aaa-adec-66865ac232b6","twitninfuser1675","2026-07-22T03:02:04.215Z","100","like_raid_coordonne|account_farm_creation_massive","4","3370","3370","3369"
"ccae502c-7166-4ea1-8cd9-6886761dd062","twitninfuser1676","2026-07-22T03:02:04.215Z","100","like_raid_coordonne|account_farm_creation_massive","4","3370","3370","3369"
"f130a294-5d24-4b18-ae2f-212ebc1c1b5d","twitninfuser1677","2026-07-22T03:02:04.215Z","100","like_raid_coordonne|account_farm_creation_massive","4","3370","3370","3369"
"b1ea8efe-d654-4b16-b1ac-6a4e113d5168","twitninfuser1678","2026-07-22T03:02:04.215Z","100","like_raid_coordonne|account_farm_creation_massive","4","3370","3370","3369"
"678f2a01-90b0-4cba-bda9-02cb0bd01a56","twitninfuser1679","2026-07-22T03:02:04.215Z","100","like_raid_coordonne|account_farm_creation_massive","4","3370","3370","3369"
"8350350f-4997-4dc5-9b61-749de5eef72d","twitninfuser1680","2026-07-22T03:02:04.215Z","100","like_raid_coordonne|account_farm_creation_massive","4","3370","3370","3369"
"561a138c-2ef0-4705-bfc7-191264392558","twitninfuser1681","2026-07-22T03:02:04.215Z","100","like_raid_coordonne|account_farm_creation_massive","4","3370","3370","3369"
"e61f4f6d-94cd-4c92-8f2c-06bf2580a59e","twitninfuser1682","2026-07-22T03:02:04.215Z","100","like_raid_coordonne|account_farm_creation_massive","4","3370","3370","3369"
"bf78676c-053b-484f-9c56-39603e2db07c","twitninfuser1683","2026-07-22T03:02:04.215Z","100","like_raid_coordonne|account_farm_creation_massive","4","3370","3370","3369"
"74fbb33d-4e6c-4a14-8ab3-1d5bb199cb90","twitninfuser1684","2026-07-22T03:02:04.215Z","100","like_raid_coordonne|account_farm_creation_massive","4","3370","3370","3369"
"d16e5cb9-b849-44aa-86d6-37b3b9e1a8ef","twitninfuser1685","2026-07-22T03:02:04.215Z","100","like_raid_coordonne|account_farm_creation_massive","4","3370","3370","3369"
"22d04368-5554-4616-8e2f-6994717ad1b1","twitninfuser1686","2026-07-22T03:02:04.215Z","100","like_raid_coordonne|account_farm_creation_massive","4","3370","3370","3369"
"2eb7c881-e094-4903-b266-93e6f114efe5","twitninfuser1687","2026-07-22T03:02:04.215Z","100","like_raid_coordonne|account_farm_creation_massive","4","3370","3370","3369"
"1388f569-2e53-4d7a-9785-3312533ccce1","twitninfuser1688","2026-07-22T03:02:04.215Z","100","like_raid_coordonne|account_farm_creation_massive","4","3370","3370","3369"
"ae0f8cab-7e52-487a-8a83-5b2bf15a4909","twitninfuser1689","2026-07-22T03:02:04.215Z","100","like_raid_coordonne|account_farm_creation_massive","4","3370","3370","3369"
"3ff7f59f-590d-48d9-b842-f08352b7c916","twitninfuser1690","2026-07-22T03:02:04.215Z","100","like_raid_coordonne|account_farm_creation_massive","4","3370","3370","3369"
"9e0d2880-a04b-40b4-937c-f63098b24fa4","twitninfuser1691","2026-07-22T03:02:04.215Z","100","like_raid_coordonne|account_farm_creation_massive","4","3370","3370","3369"
"877b1f20-baab-4dcc-9917-1fb00ef2f8df","twitninfuser1692","2026-07-22T03:02:04.215Z","100","like_raid_coordonne|account_farm_creation_massive","4","3370","3370","3369"
"f1ca906d-66d7-4a8c-86fd-662f8c626263","twitninfuser1693","2026-07-22T03:02:04.215Z","100","like_raid_coordonne|account_farm_creation_massive","4","3370","3370","3369"
"d83275e2-cd6a-429f-b5b5-34716db66484","twitninfuser1694","2026-07-22T03:02:04.215Z","100","like_raid_coordonne|account_farm_creation_massive","4","3370","3370","3369"
"bf560ce0-d23d-4a79-b9fd-215c75a4f2e6","twitninfuser1695","2026-07-22T03:02:04.215Z","100","like_raid_coordonne|account_farm_creation_massive","4","3370","3370","3369"
"f4f4e97e-d652-4695-b899-f93be806b523","twitninfuser1696","2026-07-22T03:02:04.215Z","100","like_raid_coordonne|account_farm_creation_massive","4","3370","3370","3369"
"c4c5d0d1-9c46-43b1-a5c5-d3db4216bb1a","twitninfuser1697","2026-07-22T03:02:04.215Z","100","like_raid_coordonne|account_farm_creation_massive","4","3370","3370","3369"
"2baaa670-44b5-4ad4-8171-1f66694d57c5","twitninfuser1698","2026-07-22T03:02:04.215Z","100","like_raid_coordonne|account_farm_creation_massive","4","3370","3370","3369"
"53355ee5-7f22-4963-a3e9-a384b23ac282","twitninfuser1699","2026-07-22T03:02:04.215Z","100","like_raid_coordonne|account_farm_creation_massive","4","3370","3370","3369"
"72e99f0b-1d42-4a28-a215-55ff8cca82a1","twitninfuser1700","2026-07-22T03:02:04.215Z","100","like_raid_coordonne|account_farm_creation_massive","4","3370","3370","3369"
"6ba5b0da-7985-41d8-9f02-032f0636157f","twitninfuser1701","2026-07-22T03:02:04.215Z","100","like_raid_coordonne|account_farm_creation_massive","4","3370","3370","3369"
"ce1896f8-3769-4404-8e07-d2fc4a55ba6c","twitninfuser1702","2026-07-22T03:02:04.215Z","100","like_raid_coordonne|account_farm_creation_massive","4","3370","3370","3369"
"6d6cbce6-e788-4e5c-a6c3-26279fd9e3c3","twitninfuser1703","2026-07-22T03:02:04.215Z","100","like_raid_coordonne|account_farm_creation_massive","4","3370","3370","3369"
"cea5ebd1-dcdd-4826-adc0-93f1d9100fdc","twitninfuser1704","2026-07-22T03:02:04.215Z","100","like_raid_coordonne|account_farm_creation_massive","4","3370","3370","3369"
"4f267d8e-ee7a-4c52-82c2-9ece958bedbd","twitninfuser1705","2026-07-22T03:02:04.215Z","100","like_raid_coordonne|account_farm_creation_massive","4","3370","3370","3369"
"243d8c26-6011-4f40-a109-04ca105a57b6","twitninfuser1706","2026-07-22T03:02:04.215Z","100","like_raid_coordonne|account_farm_creation_massive","4","3370","3370","3369"
"67e76f5e-f675-48f2-8b49-28bdcef694cc","twitninfuser1707","2026-07-22T03:02:04.215Z","100","like_raid_coordonne|account_farm_creation_massive","4","3370","3370","3369"
"f6bb2ff1-0aa8-4301-bcb5-ccdfede7d4d2","twitninfuser1708","2026-07-22T03:02:04.215Z","100","like_raid_coordonne|account_farm_creation_massive","4","3370","3370","3369"
"c0a4d075-6c8d-4c27-9ed2-99c03daa1158","twitninfuser1709","2026-07-22T03:02:04.215Z","100","like_raid_coordonne|account_farm_creation_massive","4","3370","3370","3369"
"b999024e-c5f2-468f-b000-9badcc5d1536","twitninfuser1710","2026-07-22T03:02:04.215Z","100","like_raid_coordonne|account_farm_creation_massive","4","3370","3370","3369"
"bc8564dd-0e44-4799-9bb3-8de2b23b13ff","twitninfuser1711","2026-07-22T03:02:04.215Z","100","like_raid_coordonne|account_farm_creation_massive","4","3370","3370","3369"
"a29fe677-feb7-49bc-a8a6-121dd23e5dba","twitninfuser1712","2026-07-22T03:02:04.215Z","100","like_raid_coordonne|account_farm_creation_massive","4","3370","3370","3369"
"6c919cbe-acf7-46b9-a6f9-8fda61fab7e4","twitninfuser1713","2026-07-22T03:02:04.215Z","100","like_raid_coordonne|account_farm_creation_massive","4","3370","3370","3369"
"bcd912ca-898d-4443-a23f-36a967d34ef8","twitninfuser1714","2026-07-22T03:02:04.215Z","100","like_raid_coordonne|account_farm_creation_massive","4","3370","3370","3369"
"0e4ec152-8d45-483f-b3b4-5dbd2b5578a2","twitninfuser1715","2026-07-22T03:02:04.215Z","100","like_raid_coordonne|account_farm_creation_massive","4","3370","3370","3369"
"25ca5767-cf74-436d-83eb-03f469b00190","twitninfuser1716","2026-07-22T03:02:04.215Z","100","like_raid_coordonne|account_farm_creation_massive","4","3370","3370","3369"
"c52c2493-f6c3-4e34-9d78-76e6a53e69fd","twitninfuser1717","2026-07-22T03:02:04.215Z","100","like_raid_coordonne|account_farm_creation_massive","4","3370","3370","3369"
"0fdb7ca9-c389-4c56-bcf2-94fab6f99c31","twitninfuser1718","2026-07-22T03:02:04.215Z","100","like_raid_coordonne|account_farm_creation_massive","4","3370","3370","3369"
"d3782d73-9690-46cb-b7ec-8a0558101b6c","twitninfuser1719","2026-07-22T03:02:04.215Z","100","like_raid_coordonne|account_farm_creation_massive","4","3370","3370","3369"
"c1b72fd1-0f89-4be2-a4f5-2fac16d52183","twitninfuser1720","2026-07-22T03:02:04.215Z","100","like_raid_coordonne|account_farm_creation_massive","4","3370","3370","3369"
"0307c919-1091-4656-ae97-c95c19d2aed0","twitninfuser1721","2026-07-22T03:02:04.215Z","100","like_raid_coordonne|account_farm_creation_massive","4","3370","3370","3369"
"1a765ffe-376b-470b-b2ff-92eea37c8ebd","twitninfuser1722","2026-07-22T03:02:04.215Z","100","like_raid_coordonne|account_farm_creation_massive","4","3370","3370","3369"
"d66051e9-1044-4142-881b-a38430aa26d7","twitninfuser1723","2026-07-22T03:02:04.215Z","100","like_raid_coordonne|account_farm_creation_massive","4","3370","3370","3369"
"57b0a520-a272-405b-8ceb-4ccca1c59931","twitninfuser1724","2026-07-22T03:02:04.215Z","100","like_raid_coordonne|account_farm_creation_massive","4","3370","3370","3369"
"aeebc7f2-15de-4507-8173-dca1e493c5a2","twitninfuser1725","2026-07-22T03:02:04.215Z","100","like_raid_coordonne|account_farm_creation_massive","4","3370","3370","3369"
"2393e011-5ebf-4653-a4cb-b9d5f14a6331","twitninfuser1726","2026-07-22T03:02:04.215Z","100","like_raid_coordonne|account_farm_creation_massive","4","3370","3370","3369"
"a1f0d5ce-5710-4d94-85af-fe3aa5ba69cf","twitninfuser1727","2026-07-22T03:02:04.215Z","100","like_raid_coordonne|account_farm_creation_massive","4","3370","3370","3369"
"6715e63e-a9e6-4fed-9c4b-51f89ba321a6","twitninfuser1728","2026-07-22T03:02:04.215Z","100","like_raid_coordonne|account_farm_creation_massive","4","3370","3370","3369"
"e10b76bc-3d5d-4965-afa4-67b14293d92c","twitninfuser1729","2026-07-22T03:02:04.215Z","100","like_raid_coordonne|account_farm_creation_massive","4","3370","3370","3369"
"ef8dfb41-a55b-4286-a7cc-d26ab8431624","twitninfuser1730","2026-07-22T03:02:04.215Z","100","like_raid_coordonne|account_farm_creation_massive","4","3370","3370","3369"
"61c49400-41a7-4a08-a44b-7ca3bf8532f9","twitninfuser1731","2026-07-22T03:02:04.215Z","100","like_raid_coordonne|account_farm_creation_massive","4","3370","3370","3369"
"9d5add9a-8f55-4fe3-9d73-70b2459cc291","twitninfuser1732","2026-07-22T03:02:04.215Z","100","like_raid_coordonne|account_farm_creation_massive","4","3370","3370","3369"
"28e918bb-7741-4632-91c4-b2ae8b55f50b","twitninfuser1733","2026-07-22T03:02:04.215Z","100","like_raid_coordonne|account_farm_creation_massive","4","3370","3370","3369"
"4ef9dda0-8992-4cda-8a58-42e84036eda7","twitninfuser1734","2026-07-22T03:02:04.215Z","100","like_raid_coordonne|account_farm_creation_massive","4","3370","3370","3369"
"a9b36278-4892-4aac-a5bb-a10c7e4b2120","twitninfuser1735","2026-07-22T03:02:04.215Z","100","like_raid_coordonne|account_farm_creation_massive","4","3370","3370","3369"
"0489dc16-5527-4c4f-be12-82646b061243","twitninfuser1736","2026-07-22T03:02:04.215Z","100","like_raid_coordonne|account_farm_creation_massive","4","3370","3370","3369"
"a7db461f-fec3-482e-851e-ea7dc1f4b83a","twitninfuser1737","2026-07-22T03:02:04.215Z","100","like_raid_coordonne|account_farm_creation_massive","4","3370","3370","3369"
"f7dd6841-6ec2-4197-9b57-6001ae1a0e46","twitninfuser1738","2026-07-22T03:02:04.215Z","100","like_raid_coordonne|account_farm_creation_massive","4","3370","3370","3369"
"f3273b07-1609-47ff-81c7-6fb4a98446ab","twitninfuser1739","2026-07-22T03:02:04.215Z","100","like_raid_coordonne|account_farm_creation_massive","4","3370","3370","3369"
"fb19361e-b1d1-4f28-9574-096aa1f300f1","twitninfuser1740","2026-07-22T03:02:04.215Z","100","like_raid_coordonne|account_farm_creation_massive","4","3370","3370","3369"
"8b0fb5bf-7b8d-4dff-a293-c68ca71fc96d","twitninfuser1741","2026-07-22T03:02:04.215Z","100","like_raid_coordonne|account_farm_creation_massive","4","3370","3370","3369"
"a41ccf76-887d-420b-a5f9-5a36d4f26d4a","twitninfuser1742","2026-07-22T03:02:04.215Z","100","like_raid_coordonne|account_farm_creation_massive","4","3370","3370","3369"
"edf26004-046f-4df4-9f66-630180f289f0","twitninfuser1743","2026-07-22T03:02:04.215Z","100","like_raid_coordonne|account_farm_creation_massive","4","3370","3370","3369"
"19d8a92e-98d5-4d50-b9b6-accccfff99bf","twitninfuser1744","2026-07-22T03:02:04.215Z","100","like_raid_coordonne|account_farm_creation_massive","4","3370","3370","3369"
"b4e0be2f-b060-4f9e-9925-f27294c89526","twitninfuser1745","2026-07-22T03:02:04.215Z","100","like_raid_coordonne|account_farm_creation_massive","4","3370","3370","3369"
"c6a08956-4759-41ea-a775-bce35f6f19ce","twitninfuser1746","2026-07-22T03:02:04.215Z","100","like_raid_coordonne|account_farm_creation_massive","4","3370","3370","3369"
"844eac9c-79d5-4f60-a475-6cf88b0cf460","twitninfuser1747","2026-07-22T03:02:04.215Z","100","like_raid_coordonne|account_farm_creation_massive","4","3370","3370","3369"
"8137765f-3463-4245-acbd-13aff9449092","twitninfuser1748","2026-07-22T03:02:04.215Z","100","like_raid_coordonne|account_farm_creation_massive","4","3370","3370","3369"
"9e851590-f232-4772-9cc7-67786caeab15","twitninfuser1749","2026-07-22T03:02:04.215Z","100","like_raid_coordonne|account_farm_creation_massive","4","3370","3370","3369"
"5ef7d7cf-7d3b-43ea-a82e-dc47b2d30ba0","twitninfuser1750","2026-07-22T03:02:04.215Z","100","like_raid_coordonne|account_farm_creation_massive","4","3370","3370","3369"
"26f3a2d7-fa5b-4c1b-927d-1e2dd7f88d41","twitninfuser1751","2026-07-22T03:02:04.215Z","100","like_raid_coordonne|account_farm_creation_massive","4","3370","3370","3369"
"aa0f0b3b-8ebf-42b8-a728-c75cbd196ff7","twitninfuser1752","2026-07-22T03:02:04.215Z","100","like_raid_coordonne|account_farm_creation_massive","4","3370","3370","3369"
"9b92c6ca-e6de-4024-ba4f-f5116bf4ff69","twitninfuser1753","2026-07-22T03:02:04.215Z","100","like_raid_coordonne|account_farm_creation_massive","4","3370","3370","3369"
"98b29def-93b3-4513-aea2-edc7fec91b70","twitninfuser1754","2026-07-22T03:02:04.215Z","100","like_raid_coordonne|account_farm_creation_massive","4","3370","3370","3369"
"50ca777e-1f35-46d8-a7af-e13e8a31c8bc","twitninfuser1755","2026-07-22T03:02:04.215Z","100","like_raid_coordonne|account_farm_creation_massive","4","3370","3370","3369"
"fe40767b-5608-43eb-81c0-9aa5cdb60d99","twitninfuser1756","2026-07-22T03:02:04.215Z","100","like_raid_coordonne|account_farm_creation_massive","4","3370","3370","3369"
"051a0942-0768-4c0f-9c97-1cd5a88fb30c","twitninfuser1757","2026-07-22T03:02:04.215Z","100","like_raid_coordonne|account_farm_creation_massive","4","3370","3370","3369"
"320da2e8-e053-4be7-b9c3-819d4e1d9c80","twitninfuser1758","2026-07-22T03:02:04.215Z","100","like_raid_coordonne|account_farm_creation_massive","4","3370","3370","3369"
"54239494-0677-48e9-b352-325fada63e97","twitninfuser1759","2026-07-22T03:02:04.215Z","100","like_raid_coordonne|account_farm_creation_massive","4","3370","3370","3369"
"95899454-f1ce-47a3-b35b-c3772ca9a182","twitninfuser1760","2026-07-22T03:02:04.215Z","100","like_raid_coordonne|account_farm_creation_massive","4","3370","3370","3369"
"56c9ce4b-83fd-4bd2-a2e6-b76fc73d2d1d","twitninfuser1761","2026-07-22T03:02:04.215Z","100","like_raid_coordonne|account_farm_creation_massive","4","3370","3370","3369"
"28c76fd9-2a95-4e0c-991d-43348c6ea61f","twitninfuser1762","2026-07-22T03:02:04.215Z","100","like_raid_coordonne|account_farm_creation_massive","4","3370","3370","3369"
"efb67628-6a4c-49c1-8852-26418ec84323","twitninfuser1763","2026-07-22T03:02:04.215Z","100","like_raid_coordonne|account_farm_creation_massive","4","3370","3370","3369"
"53e86ad0-0c55-4641-a6ce-f73eba4937c1","twitninfuser1764","2026-07-22T03:02:04.215Z","100","like_raid_coordonne|account_farm_creation_massive","4","3370","3370","3369"
"5f27c04d-cd38-469f-8317-9f383da890db","twitninfuser1765","2026-07-22T03:02:04.215Z","100","like_raid_coordonne|account_farm_creation_massive","4","3370","3370","3369"
"5884358d-da11-4b57-af4b-b5bc63646fde","twitninfuser1766","2026-07-22T03:02:04.215Z","100","like_raid_coordonne|account_farm_creation_massive","4","3370","3370","3369"
"ba80eab8-d623-4fc5-925b-08332f7901d5","twitninfuser1767","2026-07-22T03:02:04.215Z","100","like_raid_coordonne|account_farm_creation_massive","4","3370","3370","3369"
"0052cbaa-ddb5-4c58-9d9a-a37d6cdb0c29","twitninfuser1768","2026-07-22T03:02:04.215Z","100","like_raid_coordonne|account_farm_creation_massive","4","3370","3370","3369"
"96cdbfa4-ac3c-4911-a44b-740d34677114","twitninfuser1769","2026-07-22T03:02:04.215Z","100","like_raid_coordonne|account_farm_creation_massive","4","3370","3370","3369"
"aa69db82-7813-41a6-baa7-493cc4311c00","twitninfuser1770","2026-07-22T03:02:04.215Z","100","like_raid_coordonne|account_farm_creation_massive","4","3370","3370","3369"
"c6e23c71-df97-49d4-bb56-18767d516e9f","twitninfuser1771","2026-07-22T03:02:04.215Z","100","like_raid_coordonne|account_farm_creation_massive","4","3370","3370","3369"
"a40a864f-7b81-4d70-a4f2-4a4d67b02e64","twitninfuser1772","2026-07-22T03:02:04.215Z","100","like_raid_coordonne|account_farm_creation_massive","4","3370","3370","3369"
"01b3277c-7d3a-44e0-9895-c696d39ad30a","twitninfuser1773","2026-07-22T03:02:04.215Z","100","like_raid_coordonne|account_farm_creation_massive","4","3370","3370","3369"
"d8706b97-6128-4785-a8ff-ab157fc61616","twitninfuser1774","2026-07-22T03:02:04.215Z","100","like_raid_coordonne|account_farm_creation_massive","4","3370","3370","3369"
"cb2e383b-979e-4950-b22f-7bfa70735547","twitninfuser1775","2026-07-22T03:02:04.215Z","100","like_raid_coordonne|account_farm_creation_massive","4","3370","3370","3369"
"a8b7b757-080e-4e74-92e8-c024891563e5","twitninfuser1776","2026-07-22T03:02:04.215Z","100","like_raid_coordonne|account_farm_creation_massive","4","3370","3370","3369"
"3b0a705b-ea13-4f90-9dcc-ec1c89bbf07e","twitninfuser1777","2026-07-22T03:02:04.215Z","100","like_raid_coordonne|account_farm_creation_massive","4","3370","3370","3369"
"a4ca05b3-08a5-48c9-b870-b62817d63128","twitninfuser1778","2026-07-22T03:02:04.215Z","100","like_raid_coordonne|account_farm_creation_massive","4","3370","3370","3369"
"db541110-1a0f-4fe7-9c7b-f28111a194f7","twitninfuser1779","2026-07-22T03:02:04.215Z","100","like_raid_coordonne|account_farm_creation_massive","4","3370","3370","3369"
"ebdcdc5f-c87f-41e8-acaa-8c1c082ad2ad","twitninfuser1780","2026-07-22T03:02:04.215Z","100","like_raid_coordonne|account_farm_creation_massive","4","3370","3370","3369"
"06e2f55a-8cf6-42f6-aa95-894ba24f88e7","twitninfuser1781","2026-07-22T03:02:04.215Z","100","like_raid_coordonne|account_farm_creation_massive","4","3370","3370","3369"
"91fe97df-a2f3-4c01-a1a1-abfa2068e2c7","twitninfuser1782","2026-07-22T03:02:04.215Z","100","like_raid_coordonne|account_farm_creation_massive","4","3370","3370","3369"
"4925f8b1-c17b-453d-99d2-07e0cc9fe814","twitninfuser1783","2026-07-22T03:02:04.215Z","100","like_raid_coordonne|account_farm_creation_massive","4","3370","3370","3369"
"00997035-2aac-430d-a9c7-7e24bb740b8a","twitninfuser1784","2026-07-22T03:02:04.215Z","100","like_raid_coordonne|account_farm_creation_massive","4","3370","3370","3369"
"24e6a8ae-7182-49e5-b388-919796c4f2f8","twitninfuser1785","2026-07-22T03:02:04.215Z","100","like_raid_coordonne|account_farm_creation_massive","4","3370","3370","3369"
"c85f5a29-543f-4b14-8e45-8b13b66c4870","twitninfuser1786","2026-07-22T03:02:04.215Z","100","like_raid_coordonne|account_farm_creation_massive","4","3370","3370","3369"
"d05978d5-9a5e-430d-872e-6280fb555d19","twitninfuser1787","2026-07-22T03:02:04.215Z","100","like_raid_coordonne|account_farm_creation_massive","4","3370","3370","3369"
"3ff6247d-0ff7-4694-ad7e-8383360d7ffb","twitninfuser1788","2026-07-22T03:02:04.215Z","100","like_raid_coordonne|account_farm_creation_massive","4","3370","3370","3369"
"e5ff11b1-4f5f-461d-abff-64037af134ca","twitninfuser1789","2026-07-22T03:02:04.215Z","100","like_raid_coordonne|account_farm_creation_massive","4","3370","3370","3369"
"ba32ef06-a82f-4c9d-9e9a-ed23810ada58","twitninfuser1790","2026-07-22T03:02:04.215Z","100","like_raid_coordonne|account_farm_creation_massive","4","3370","3370","3369"
"b1aa41c6-2c11-421d-8ad3-228d5226f1db","twitninfuser1791","2026-07-22T03:02:04.215Z","100","like_raid_coordonne|account_farm_creation_massive","4","3370","3370","3369"
"48253cdb-196b-4fc7-b574-83337152a2a4","twitninfuser1792","2026-07-22T03:02:04.215Z","100","like_raid_coordonne|account_farm_creation_massive","4","3370","3370","3369"
"1ad31aa8-cd0c-479c-8918-c893d9fd0338","twitninfuser1793","2026-07-22T03:02:04.215Z","100","like_raid_coordonne|account_farm_creation_massive","4","3370","3370","3369"
"516b43e7-92bb-4bdc-9a8e-4d4a872e2a6a","twitninfuser1794","2026-07-22T03:02:04.215Z","100","like_raid_coordonne|account_farm_creation_massive","4","3370","3370","3369"
"42138c90-d980-4704-b9ba-cc9f8f84e085","twitninfuser1795","2026-07-22T03:02:04.215Z","100","like_raid_coordonne|account_farm_creation_massive","4","3370","3370","3369"
"05e39107-250d-454f-bc83-e06c5cd8b04e","twitninfuser1796","2026-07-22T03:02:04.215Z","100","like_raid_coordonne|account_farm_creation_massive","4","3370","3370","3369"
"24f93c28-1150-45e6-a5cc-974896503c51","twitninfuser1797","2026-07-22T03:02:04.215Z","100","like_raid_coordonne|account_farm_creation_massive","4","3370","3370","3369"
"cd694b5a-4b92-4708-860a-9d0e7bd93b06","twitninfuser1798","2026-07-22T03:02:04.215Z","100","like_raid_coordonne|account_farm_creation_massive","4","3370","3370","3369"
"b51d2e7e-fcce-404b-ab8f-29993251a374","twitninfuser1799","2026-07-22T03:02:04.215Z","100","like_raid_coordonne|account_farm_creation_massive","4","3370","3370","3369"
"21984cff-87a8-4482-aabb-a5d5d3ec5528","twitninfuser1800","2026-07-22T03:02:04.215Z","100","like_raid_coordonne|account_farm_creation_massive","4","3370","3370","3369"
"5ef298eb-3733-42ad-b97e-3a17f5e59e48","twitninfuser1801","2026-07-22T03:02:04.215Z","100","like_raid_coordonne|account_farm_creation_massive","4","3370","3370","3369"
"bdcdf4e8-fb2a-41f1-9995-6077d4168b85","twitninfuser1802","2026-07-22T03:02:04.215Z","100","like_raid_coordonne|account_farm_creation_massive","4","3370","3370","3369"
"e85ffde7-12f7-46d8-b122-1f636c826321","twitninfuser1803","2026-07-22T03:02:04.215Z","100","like_raid_coordonne|account_farm_creation_massive","4","3370","3370","3369"
"bca930e1-a314-4c66-85c4-e4c1c7b231ca","twitninfuser1804","2026-07-22T03:02:04.215Z","100","like_raid_coordonne|account_farm_creation_massive","4","3370","3370","3369"
"73e04af6-6e06-4c03-afe3-c146d4d6a4f0","twitninfuser1805","2026-07-22T03:02:04.215Z","100","like_raid_coordonne|account_farm_creation_massive","4","3370","3370","3369"
"5c2b22ee-b220-4173-b1ac-4af054433773","twitninfuser1806","2026-07-22T03:02:04.215Z","100","like_raid_coordonne|account_farm_creation_massive","4","3370","3370","3369"
"eb002844-041a-4658-a470-2d3e9c7571ca","twitninfuser1807","2026-07-22T03:02:04.215Z","100","like_raid_coordonne|account_farm_creation_massive","4","3370","3370","3369"
"91ded575-9e2d-4592-b5a4-4e675e74bdfa","twitninfuser1808","2026-07-22T03:02:04.215Z","100","like_raid_coordonne|account_farm_creation_massive","4","3370","3370","3369"
"e463a103-acf5-4487-bce8-1b7a474edffb","twitninfuser1809","2026-07-22T03:02:04.215Z","100","like_raid_coordonne|account_farm_creation_massive","4","3370","3370","3369"
"e2267ec3-56b9-445c-acae-064d74c1d933","twitninfuser1810","2026-07-22T03:02:04.215Z","100","like_raid_coordonne|account_farm_creation_massive","4","3370","3370","3369"
"acd23862-f27d-403a-9f2f-0d5980ff069e","twitninfuser1811","2026-07-22T03:02:04.215Z","100","like_raid_coordonne|account_farm_creation_massive","4","3370","3370","3369"
"8e5bc144-baf6-4ce4-a93d-be2a95a2176d","twitninfuser1812","2026-07-22T03:02:04.215Z","100","like_raid_coordonne|account_farm_creation_massive","4","3370","3370","3369"
"5fd5e2db-9379-4db5-a64f-521f3724d671","twitninfuser1813","2026-07-22T03:02:04.215Z","100","like_raid_coordonne|account_farm_creation_massive","4","3370","3370","3369"
"a970dc13-242d-4ad7-9854-4d9236e9738c","twitninfuser1814","2026-07-22T03:02:04.215Z","100","like_raid_coordonne|account_farm_creation_massive","4","3370","3370","3369"
"b84a5818-d7f3-444d-9f31-00d2cb0facd2","twitninfuser1815","2026-07-22T03:02:04.215Z","100","like_raid_coordonne|account_farm_creation_massive","4","3370","3370","3369"
"9b158e1c-41ec-4e3c-b5bc-033fb9846dbd","twitninfuser1816","2026-07-22T03:02:04.215Z","100","like_raid_coordonne|account_farm_creation_massive","4","3370","3370","3369"
"f1e4c386-b8e9-4ed1-806a-d2a333abb43b","twitninfuser1817","2026-07-22T03:02:04.215Z","100","like_raid_coordonne|account_farm_creation_massive","4","3370","3370","3369"
"a307ce00-ab72-4956-a789-2599ac372cff","twitninfuser1818","2026-07-22T03:02:04.215Z","100","like_raid_coordonne|account_farm_creation_massive","4","3370","3370","3369"
"666552ea-a249-4f22-a433-c2be9fbe7362","twitninfuser1819","2026-07-22T03:02:04.215Z","100","like_raid_coordonne|account_farm_creation_massive","4","3370","3370","3369"
"ef24e555-f641-41ef-ab8d-abe2f5e392fd","twitninfuser1820","2026-07-22T03:02:04.215Z","100","like_raid_coordonne|account_farm_creation_massive","4","3370","3370","3369"
"8e6f1fb0-0ac6-4c52-9cd5-28324c32954f","twitninfuser1821","2026-07-22T03:02:04.215Z","100","like_raid_coordonne|account_farm_creation_massive","4","3370","3370","3369"
"814cfae6-bb31-41cd-a73a-13f18770f244","twitninfuser1822","2026-07-22T03:02:04.215Z","100","like_raid_coordonne|account_farm_creation_massive","4","3370","3370","3369"
"1152aaf1-cf63-419f-9203-8bd64cd8e892","twitninfuser1823","2026-07-22T03:02:04.215Z","100","like_raid_coordonne|account_farm_creation_massive","4","3370","3370","3369"
"fb2a5744-ce26-47d5-9d00-7be2d7e5eda3","twitninfuser1824","2026-07-22T03:02:04.215Z","100","like_raid_coordonne|account_farm_creation_massive","4","3370","3370","3369"
"89c714a6-309f-4b88-adcb-81ef584d0beb","twitninfuser1825","2026-07-22T03:02:04.215Z","100","like_raid_coordonne|account_farm_creation_massive","4","3370","3370","3369"
"ca2cabad-a227-4248-87af-e692a1192d06","twitninfuser1826","2026-07-22T03:02:04.215Z","100","like_raid_coordonne|account_farm_creation_massive","4","3370","3370","3369"
"ebbefe04-cda9-4a64-a5b7-f58875d983e4","twitninfuser1827","2026-07-22T03:02:04.215Z","100","like_raid_coordonne|account_farm_creation_massive","4","3370","3370","3369"
"5ff5cfbf-1b53-4f49-b6fc-e0498e8271fa","twitninfuser1828","2026-07-22T03:02:04.215Z","100","like_raid_coordonne|account_farm_creation_massive","4","3370","3370","3369"
"14ac8640-c804-4c62-ba82-5831387f376e","twitninfuser1829","2026-07-22T03:02:04.215Z","100","like_raid_coordonne|account_farm_creation_massive","4","3370","3370","3369"
"944ba9c1-2031-4a7f-925f-88e1d8571155","twitninfuser1830","2026-07-22T03:02:04.215Z","100","like_raid_coordonne|account_farm_creation_massive","4","3370","3370","3369"
"ab32596a-6b3a-40c0-812d-dbbbc718999f","twitninfuser1831","2026-07-22T03:02:04.215Z","100","like_raid_coordonne|account_farm_creation_massive","4","3370","3370","3369"
"b6c2c3de-9b50-4008-9d50-9b18b351a7c2","twitninfuser1832","2026-07-22T03:02:04.215Z","100","like_raid_coordonne|account_farm_creation_massive","4","3370","3370","3369"
"a6d0d14b-6ee9-43ef-b769-24a6dfabe5b3","twitninfuser1833","2026-07-22T03:02:04.215Z","100","like_raid_coordonne|account_farm_creation_massive","4","3370","3370","3369"
"74d8150e-8828-4f41-b5c4-6ba4eb024eac","twitninfuser1834","2026-07-22T03:02:04.215Z","100","like_raid_coordonne|account_farm_creation_massive","4","3370","3370","3369"
"55ca6a92-4f4e-4cfe-ae6d-453205938f84","twitninfuser1835","2026-07-22T03:02:04.215Z","100","like_raid_coordonne|account_farm_creation_massive","4","3370","3370","3369"
"479be500-fde1-48d9-8a7a-1ef0364f399b","twitninfuser1836","2026-07-22T03:02:04.215Z","100","like_raid_coordonne|account_farm_creation_massive","4","3370","3370","3369"
"5715b451-4050-4059-aab4-35d2a63909e7","twitninfuser1837","2026-07-22T03:02:04.215Z","100","like_raid_coordonne|account_farm_creation_massive","4","3370","3370","3369"
"e196b369-6a2b-42e0-a23b-7933359566c4","twitninfuser1838","2026-07-22T03:02:04.215Z","100","like_raid_coordonne|account_farm_creation_massive","4","3370","3370","3369"
"9b55979b-b765-40de-bfde-d12f818979e4","twitninfuser1839","2026-07-22T03:02:04.215Z","100","like_raid_coordonne|account_farm_creation_massive","4","3370","3370","3369"
"6754bc4e-d9e7-4329-ae0d-0258963e1301","twitninfuser1840","2026-07-22T03:02:04.215Z","100","like_raid_coordonne|account_farm_creation_massive","4","3370","3370","3369"
"ac9bc4b7-ca49-43ab-9748-ae94a35f0de0","twitninfuser1841","2026-07-22T03:02:04.215Z","100","like_raid_coordonne|account_farm_creation_massive","4","3370","3370","3369"
"739d8d38-0134-4209-a702-84275c7ae906","twitninfuser1842","2026-07-22T03:02:04.215Z","100","like_raid_coordonne|account_farm_creation_massive","4","3370","3370","3369"
"f2d95d29-30e4-482c-b5f9-c73949f43e14","twitninfuser1843","2026-07-22T03:02:04.215Z","100","like_raid_coordonne|account_farm_creation_massive","4","3370","3370","3369"
"cf022c46-4f12-42b0-9b3f-be9156be6c29","twitninfuser1844","2026-07-22T03:02:04.215Z","100","like_raid_coordonne|account_farm_creation_massive","4","3370","3370","3369"
"4514ef40-1b68-4dad-8249-d91efae93aed","twitninfuser1845","2026-07-22T03:02:04.215Z","100","like_raid_coordonne|account_farm_creation_massive","4","3370","3370","3369"
"f301a5bf-53b3-4318-8e31-57150127c225","twitninfuser1846","2026-07-22T03:02:04.215Z","100","like_raid_coordonne|account_farm_creation_massive","4","3370","3370","3369"
"9cecc9e3-c6a9-4ef2-aa23-a47282e6be26","twitninfuser1847","2026-07-22T03:02:04.215Z","100","like_raid_coordonne|account_farm_creation_massive","4","3370","3370","3369"
"9ca74f51-5dd8-4f8e-a60f-60c24c304347","twitninfuser1848","2026-07-22T03:02:04.215Z","100","like_raid_coordonne|account_farm_creation_massive","4","3370","3370","3369"
"80ebc631-6f19-4aed-923d-8aaa7d0f2ef2","twitninfuser1849","2026-07-22T03:02:04.215Z","100","like_raid_coordonne|account_farm_creation_massive","4","3370","3370","3369"
"9290ca7a-848e-4442-a71a-31ed0b7250cf","twitninfuser1850","2026-07-22T03:02:04.215Z","100","like_raid_coordonne|account_farm_creation_massive","4","3370","3370","3369"
"ec7f7362-fc7c-4446-aad5-3357bbbecedd","twitninfuser1851","2026-07-22T03:02:04.215Z","100","like_raid_coordonne|account_farm_creation_massive","4","3370","3370","3369"
"947f4ba8-e5ae-4e16-a8fa-a6adb9df5c17","twitninfuser1852","2026-07-22T03:02:04.215Z","100","like_raid_coordonne|account_farm_creation_massive","4","3370","3370","3369"
"c01c8a63-c3b8-4c6d-8317-13989a2d79cf","twitninfuser1853","2026-07-22T03:02:04.215Z","100","like_raid_coordonne|account_farm_creation_massive","4","3370","3370","3369"
"77fb343c-03c7-4358-beef-34986909146a","twitninfuser1854","2026-07-22T03:02:04.215Z","100","like_raid_coordonne|account_farm_creation_massive","4","3370","3370","3369"
"5104408d-d5dc-4e7a-adaf-51bad7525dd4","twitninfuser1855","2026-07-22T03:02:04.215Z","100","like_raid_coordonne|account_farm_creation_massive","4","3370","3370","3369"
"c03e507e-0c7b-455d-b7ad-bf0a1cebc392","twitninfuser1856","2026-07-22T03:02:04.215Z","100","like_raid_coordonne|account_farm_creation_massive","4","3370","3370","3369"
"3be76698-2cb5-4e6c-98e3-ff46f751527a","twitninfuser1857","2026-07-22T03:02:04.215Z","100","like_raid_coordonne|account_farm_creation_massive","4","3370","3370","3369"
"b00c4653-dd39-41f5-b79f-c38cd9c8b90f","twitninfuser1858","2026-07-22T03:02:04.215Z","100","like_raid_coordonne|account_farm_creation_massive","4","3370","3370","3369"
"e9b495f4-71a0-44f7-b679-fc5cbb15c333","twitninfuser1859","2026-07-22T03:02:04.215Z","100","like_raid_coordonne|account_farm_creation_massive","4","3370","3370","3369"
"04ad5e02-2b71-4fe2-89a5-7ed0fcd44823","twitninfuser1860","2026-07-22T03:02:04.215Z","100","like_raid_coordonne|account_farm_creation_massive","4","3370","3370","3369"
"676d74a5-ac15-4a3a-bbdc-2a9f0b5d2d99","twitninfuser1861","2026-07-22T03:02:04.215Z","100","like_raid_coordonne|account_farm_creation_massive","4","3370","3370","3369"
"7c90b963-d6bd-443a-b51e-720427a96eed","twitninfuser1862","2026-07-22T03:02:04.215Z","100","like_raid_coordonne|account_farm_creation_massive","4","3370","3370","3369"
"4a5c0bfa-4f7c-4ca9-bde8-854769c0bae9","twitninfuser1863","2026-07-22T03:02:04.215Z","100","like_raid_coordonne|account_farm_creation_massive","4","3370","3370","3369"
"ad153a2f-bd57-4c1c-9f0b-8d9f16e30afa","twitninfuser1864","2026-07-22T03:02:04.215Z","100","like_raid_coordonne|account_farm_creation_massive","4","3370","3370","3369"
"56d7c775-89c2-433b-b69b-07c72d0a1a3f","twitninfuser1865","2026-07-22T03:02:04.215Z","100","like_raid_coordonne|account_farm_creation_massive","4","3370","3370","3369"
"c673c149-4b3e-4128-be1d-4720331b17e1","twitninfuser1866","2026-07-22T03:02:04.215Z","100","like_raid_coordonne|account_farm_creation_massive","4","3370","3370","3369"
"6dc4882f-072d-4f79-a406-daebba42917e","twitninfuser1867","2026-07-22T03:02:04.215Z","100","like_raid_coordonne|account_farm_creation_massive","4","3370","3370","3369"
"ca2c979e-a537-4774-9ea2-a37d17f2d411","twitninfuser1868","2026-07-22T03:02:04.215Z","100","like_raid_coordonne|account_farm_creation_massive","4","3370","3370","3369"
"3d47eb45-7af8-4b9c-8d4f-f49f9ec31727","twitninfuser1869","2026-07-22T03:02:04.215Z","100","like_raid_coordonne|account_farm_creation_massive","4","3370","3370","3369"
"c260aecf-6267-4a8c-b5dd-21c3722a971e","twitninfuser1870","2026-07-22T03:02:04.215Z","100","like_raid_coordonne|account_farm_creation_massive","4","3370","3370","3369"
"3c8a40cc-77b8-4c2a-93e2-778c9ead559c","twitninfuser1871","2026-07-22T03:02:04.215Z","100","like_raid_coordonne|account_farm_creation_massive","4","3370","3370","3369"
"a6d86e58-346b-4baa-83ba-8d66a3242ee1","twitninfuser1872","2026-07-22T03:02:04.215Z","100","like_raid_coordonne|account_farm_creation_massive","4","3370","3370","3369"
"60834f6e-ba21-4636-83d8-e1942d160de4","twitninfuser1873","2026-07-22T03:02:04.215Z","100","like_raid_coordonne|account_farm_creation_massive","4","3370","3370","3369"
"fb67994e-5c2e-4b14-83b7-43b2c8aeb6d9","twitninfuser1874","2026-07-22T03:02:04.215Z","100","like_raid_coordonne|account_farm_creation_massive","4","3370","3370","3369"
"23eb718d-a87e-41df-85a2-0936f2ec9511","twitninfuser1875","2026-07-22T03:02:04.215Z","100","like_raid_coordonne|account_farm_creation_massive","4","3370","3370","3369"
"de6d048a-49e2-4a55-bf1c-8fe1ce849ea7","twitninfuser1876","2026-07-22T03:02:04.215Z","100","like_raid_coordonne|account_farm_creation_massive","4","3370","3370","3369"
"dc39bc22-d7fd-4b32-a41d-c3796d198ece","twitninfuser1877","2026-07-22T03:02:04.215Z","100","like_raid_coordonne|account_farm_creation_massive","4","3370","3370","3369"
"4f7de92a-114d-4ec8-b30e-d9aea44a3b41","twitninfuser1878","2026-07-22T03:02:04.215Z","100","like_raid_coordonne|account_farm_creation_massive","4","3370","3370","3369"
"6a1168ab-f4b8-4a36-8099-c52f632e1297","twitninfuser1879","2026-07-22T03:02:04.215Z","100","like_raid_coordonne|account_farm_creation_massive","4","3370","3370","3369"
"a930c049-0849-4277-99ec-62498a55c778","twitninfuser1880","2026-07-22T03:02:04.215Z","100","like_raid_coordonne|account_farm_creation_massive","4","3370","3370","3369"
"ea3d66f0-8511-41ec-ad0a-73ff453971a8","twitninfuser1881","2026-07-22T03:02:04.215Z","100","like_raid_coordonne|account_farm_creation_massive","4","3370","3370","3369"
"3bf705f3-54b2-410c-b2f0-49d370e3fc4a","twitninfuser1882","2026-07-22T03:02:04.215Z","100","like_raid_coordonne|account_farm_creation_massive","4","3370","3370","3369"
"23678e29-6c4b-4ad5-9b28-373e8fda4d6c","twitninfuser1883","2026-07-22T03:02:04.215Z","100","like_raid_coordonne|account_farm_creation_massive","4","3370","3370","3369"
"fe35771b-2b76-4569-a112-041ea8525103","twitninfuser1884","2026-07-22T03:02:04.215Z","100","like_raid_coordonne|account_farm_creation_massive","4","3370","3370","3369"
"e59685a6-71bd-45cf-bb2e-da075ad99210","twitninfuser1885","2026-07-22T03:02:04.215Z","100","like_raid_coordonne|account_farm_creation_massive","4","3370","3370","3369"
"92e66123-5668-4f3c-babe-6e03a45bc679","twitninfuser1886","2026-07-22T03:02:04.215Z","100","like_raid_coordonne|account_farm_creation_massive","4","3370","3370","3369"
"dd4e4a7f-01ed-4698-9c40-cdf064013699","twitninfuser1887","2026-07-22T03:02:04.215Z","100","like_raid_coordonne|account_farm_creation_massive","4","3370","3370","3369"
"1999fc66-caf7-4a18-a56d-23b7d0e0f371","twitninfuser1888","2026-07-22T03:02:04.215Z","100","like_raid_coordonne|account_farm_creation_massive","4","3370","3370","3369"
"acccd2f9-94af-442d-ae05-709847fd0de3","twitninfuser1889","2026-07-22T03:02:04.215Z","100","like_raid_coordonne|account_farm_creation_massive","4","3370","3370","3369"
"94e70041-07b7-4529-8a04-9115ada8b9ed","twitninfuser1890","2026-07-22T03:02:04.215Z","100","like_raid_coordonne|account_farm_creation_massive","4","3370","3370","3369"
"381a810b-df9e-478b-beb7-62121dc7bf3e","twitninfuser1891","2026-07-22T03:02:04.215Z","100","like_raid_coordonne|account_farm_creation_massive","4","3370","3370","3369"
"f919e55c-bc00-4150-96ef-75f4f1b15884","twitninfuser1892","2026-07-22T03:02:04.215Z","100","like_raid_coordonne|account_farm_creation_massive","4","3370","3370","3369"
"bf6b50fc-eea1-47ac-8bc1-ff738378bcdd","twitninfuser1893","2026-07-22T03:02:04.215Z","100","like_raid_coordonne|account_farm_creation_massive","4","3370","3370","3369"
"aa550ff3-a3dc-4132-940e-6494e1be0e0b","twitninfuser1894","2026-07-22T03:02:04.215Z","100","like_raid_coordonne|account_farm_creation_massive","4","3370","3370","3369"
"d5270a2b-d900-4759-a5a7-a49c66a9092e","twitninfuser1895","2026-07-22T03:02:04.215Z","100","like_raid_coordonne|account_farm_creation_massive","4","3370","3370","3369"
"528755b3-0bd6-40a6-b94f-c638a9f0cefb","twitninfuser1896","2026-07-22T03:02:04.215Z","100","like_raid_coordonne|account_farm_creation_massive","4","3370","3370","3369"
"13c0780a-255b-4521-93a6-fa8f6a8c28d2","twitninfuser1897","2026-07-22T03:02:04.215Z","100","like_raid_coordonne|account_farm_creation_massive","4","3370","3370","3369"
"6dbfb918-e8e2-48ad-86a4-e2d4987a7e5f","twitninfuser1898","2026-07-22T03:02:04.215Z","100","like_raid_coordonne|account_farm_creation_massive","4","3370","3370","3369"
"b217e6bd-d353-415b-94cf-9974f1d9a4ed","twitninfuser1899","2026-07-22T03:02:04.215Z","100","like_raid_coordonne|account_farm_creation_massive","4","3370","3370","3369"
"42c36546-e9fa-4ad2-89c3-ae4e056c5b71","twitninfuser1900","2026-07-22T03:02:04.215Z","100","like_raid_coordonne|account_farm_creation_massive","4","3370","3370","3369"
"7ed576fe-d496-41b8-a644-c7983957a266","twitninfuser1901","2026-07-22T03:02:04.215Z","100","like_raid_coordonne|account_farm_creation_massive","4","3370","3370","3369"
"ce889561-8e9a-412d-96f6-6cc37548fbeb","twitninfuser1902","2026-07-22T03:02:04.215Z","100","like_raid_coordonne|account_farm_creation_massive","4","3370","3370","3369"
"c9b61df5-9c68-4473-b105-a5f350f39f7d","twitninfuser1903","2026-07-22T03:02:04.215Z","100","like_raid_coordonne|account_farm_creation_massive","4","3370","3370","3369"
"6c56edfe-9216-40cd-bb3a-979c29869e56","twitninfuser1904","2026-07-22T03:02:04.215Z","100","like_raid_coordonne|account_farm_creation_massive","4","3370","3370","3369"
"36104059-3f70-4639-b3e5-a980eb3cb1d1","twitninfuser1905","2026-07-22T03:02:04.215Z","100","like_raid_coordonne|account_farm_creation_massive","4","3370","3370","3369"
"28ed5465-5775-4d79-a358-b2d431b56188","twitninfuser1906","2026-07-22T03:02:04.215Z","100","like_raid_coordonne|account_farm_creation_massive","4","3370","3370","3369"
"68c7b661-8978-409e-aa7f-e8acceebd36a","twitninfuser1907","2026-07-22T03:02:04.215Z","100","like_raid_coordonne|account_farm_creation_massive","4","3370","3370","3369"
"ad94c39b-8bd7-4d3e-b7d4-75913bfce0f5","twitninfuser1908","2026-07-22T03:02:04.215Z","100","like_raid_coordonne|account_farm_creation_massive","4","3370","3370","3369"
"058d5f20-8699-4600-b2cf-f494b1d4e2e9","twitninfuser1909","2026-07-22T03:02:04.215Z","100","like_raid_coordonne|account_farm_creation_massive","4","3370","3370","3369"
"e85f6bc5-fcd9-497c-8c5e-0b1f021a7a1e","twitninfuser1910","2026-07-22T03:02:04.215Z","100","like_raid_coordonne|account_farm_creation_massive","4","3370","3370","3369"
"7300b539-4b92-4d27-9e84-75abaac78363","twitninfuser1911","2026-07-22T03:02:04.215Z","100","like_raid_coordonne|account_farm_creation_massive","4","3370","3370","3369"
"cdc21fe8-6feb-4013-8262-74945ec80c8c","twitninfuser1912","2026-07-22T03:02:04.215Z","100","like_raid_coordonne|account_farm_creation_massive","4","3370","3370","3369"
"24ab8eb4-4e56-45fa-8e50-3a7c49aa2a0c","twitninfuser1913","2026-07-22T03:02:04.215Z","100","like_raid_coordonne|account_farm_creation_massive","4","3370","3370","3369"
"2d70e644-69cf-4ce4-914f-ba15acf2c21e","twitninfuser1914","2026-07-22T03:02:04.215Z","100","like_raid_coordonne|account_farm_creation_massive","4","3370","3370","3369"
"a2e2337f-6d79-465d-b702-55c414c8ac16","twitninfuser1915","2026-07-22T03:02:04.215Z","100","like_raid_coordonne|account_farm_creation_massive","4","3370","3370","3369"
"23b423b4-7b83-4bc0-8fee-381372dac646","twitninfuser1916","2026-07-22T03:02:04.215Z","100","like_raid_coordonne|account_farm_creation_massive","4","3370","3370","3369"
"54d1518b-e376-4c2a-b747-48d6a1eb8878","twitninfuser1917","2026-07-22T03:02:04.215Z","100","like_raid_coordonne|account_farm_creation_massive","4","3370","3370","3369"
"ac6cfa31-574f-418f-a149-21d129d6d531","twitninfuser1918","2026-07-22T03:02:04.215Z","100","like_raid_coordonne|account_farm_creation_massive","4","3370","3370","3369"
"958b50b7-727f-4633-aded-8dfba3b6d045","twitninfuser1919","2026-07-22T03:02:04.215Z","100","like_raid_coordonne|account_farm_creation_massive","4","3370","3370","3369"
"3a10a200-7378-4b5c-a104-2c503b39b5d0","twitninfuser1920","2026-07-22T03:02:04.215Z","100","like_raid_coordonne|account_farm_creation_massive","4","3370","3370","3369"
"6ce31bbc-58c5-4240-b42a-f3a2e44f2d65","twitninfuser1921","2026-07-22T03:02:04.215Z","100","like_raid_coordonne|account_farm_creation_massive","4","3370","3370","3369"
"1e63540a-2064-437a-8683-af81df5ba313","twitninfuser1922","2026-07-22T03:02:04.215Z","100","like_raid_coordonne|account_farm_creation_massive","4","3370","3370","3369"
"0cca6518-3b2f-41cd-90bc-ca6c7e98f18f","twitninfuser1923","2026-07-22T03:02:04.215Z","100","like_raid_coordonne|account_farm_creation_massive","4","3370","3370","3369"
"4a67ec71-fc3d-4ab9-8e5e-a69eec6a100b","twitninfuser1924","2026-07-22T03:02:04.215Z","100","like_raid_coordonne|account_farm_creation_massive","4","3370","3370","3369"
"b4fb8412-55e2-486e-8f1c-75d53db18135","twitninfuser1925","2026-07-22T03:02:04.215Z","100","like_raid_coordonne|account_farm_creation_massive","4","3370","3370","3369"
"dac63d81-aecb-44e9-b521-46470f4513c9","twitninfuser1926","2026-07-22T03:02:04.215Z","100","like_raid_coordonne|account_farm_creation_massive","4","3370","3370","3369"
"aad0ff43-b0e3-4013-b9c3-fef2f56b4668","twitninfuser1927","2026-07-22T03:02:04.215Z","100","like_raid_coordonne|account_farm_creation_massive","4","3370","3370","3369"
"3b3e9b21-98ad-4691-9f7c-0484b9e0744d","twitninfuser1928","2026-07-22T03:02:04.215Z","100","like_raid_coordonne|account_farm_creation_massive","4","3370","3370","3369"
"e9e9384e-d48b-4ee4-9361-fe90dc4f1b38","twitninfuser1929","2026-07-22T03:02:04.215Z","100","like_raid_coordonne|account_farm_creation_massive","4","3370","3370","3369"
"0204aafe-20e6-47e5-a586-6e8098092299","twitninfuser1930","2026-07-22T03:02:04.215Z","100","like_raid_coordonne|account_farm_creation_massive","4","3370","3370","3369"
"246a959c-a36e-4646-bdfc-0a76fd08f895","twitninfuser1931","2026-07-22T03:02:04.215Z","100","like_raid_coordonne|account_farm_creation_massive","4","3370","3370","3369"
"bdec9350-8345-4866-8882-457863e483b3","twitninfuser1932","2026-07-22T03:02:04.215Z","100","like_raid_coordonne|account_farm_creation_massive","4","3370","3370","3369"
"b1168808-57b0-4a93-a844-7bbdac05922a","twitninfuser1933","2026-07-22T03:02:04.215Z","100","like_raid_coordonne|account_farm_creation_massive","4","3370","3370","3369"
"d0cb77a5-30bf-44fe-ac32-97011bb0654a","twitninfuser1934","2026-07-22T03:02:04.215Z","100","like_raid_coordonne|account_farm_creation_massive","4","3370","3370","3369"
"bd1e9b96-9ec0-4478-be5d-f0357c5737a2","twitninfuser1935","2026-07-22T03:02:04.215Z","100","like_raid_coordonne|account_farm_creation_massive","4","3370","3370","3369"
"125cbbbd-f321-4737-9f1d-1ff7ac425b1f","twitninfuser1936","2026-07-22T03:02:04.215Z","100","like_raid_coordonne|account_farm_creation_massive","4","3370","3370","3369"
"d867e903-f55e-4bfa-8382-c5ea8675fe0f","twitninfuser1937","2026-07-22T03:02:04.215Z","100","like_raid_coordonne|account_farm_creation_massive","4","3370","3370","3369"
"0747bd45-46a7-4f11-a780-84c0b6dfdf49","twitninfuser1938","2026-07-22T03:02:04.215Z","100","like_raid_coordonne|account_farm_creation_massive","4","3370","3370","3369"
"548595c8-3da8-4efb-b3b1-9ce231380965","twitninfuser1939","2026-07-22T03:02:04.215Z","100","like_raid_coordonne|account_farm_creation_massive","4","3370","3370","3369"
"1d89a4f3-0be5-410c-9fa3-73d8a6b06616","twitninfuser1940","2026-07-22T03:02:04.215Z","100","like_raid_coordonne|account_farm_creation_massive","4","3370","3370","3369"
"06a88f1b-abbe-4268-afde-9ac88eb9b028","twitninfuser1941","2026-07-22T03:02:04.215Z","100","like_raid_coordonne|account_farm_creation_massive","4","3370","3370","3369"
"8adf586b-eae3-44a5-832a-c6be06a0f6f7","twitninfuser1942","2026-07-22T03:02:04.215Z","100","like_raid_coordonne|account_farm_creation_massive","4","3370","3370","3369"
"e5ce683a-c67c-44a4-abb2-dda8334f6a6c","twitninfuser1943","2026-07-22T03:02:04.215Z","100","like_raid_coordonne|account_farm_creation_massive","4","3370","3370","3369"
"7ddae6fb-17ae-4516-9cea-7910be7ebf14","twitninfuser1944","2026-07-22T03:02:04.215Z","100","like_raid_coordonne|account_farm_creation_massive","4","3370","3370","3369"
"0ca5d4b1-2637-49e9-af03-b6a8f1fffdce","twitninfuser1945","2026-07-22T03:02:04.215Z","100","like_raid_coordonne|account_farm_creation_massive","4","3370","3370","3369"
"26e9471d-a88e-4e23-bcc5-c649462aad49","twitninfuser1946","2026-07-22T03:02:04.215Z","100","like_raid_coordonne|account_farm_creation_massive","4","3370","3370","3369"
"d00c6f0d-8fe5-4367-8073-d8a78884eaeb","twitninfuser1947","2026-07-22T03:02:04.215Z","100","like_raid_coordonne|account_farm_creation_massive","4","3370","3370","3369"
"bebba176-5b4a-4ef8-bbdf-60008441b41c","twitninfuser1948","2026-07-22T03:02:04.215Z","100","like_raid_coordonne|account_farm_creation_massive","4","3370","3370","3369"
"65eeb78a-9ea9-4d20-9ab7-facc93c3ab76","twitninfuser1949","2026-07-22T03:02:04.215Z","100","like_raid_coordonne|account_farm_creation_massive","4","3370","3370","3369"
"039233d4-b78e-4889-b8ad-70694d5d3a88","twitninfuser1950","2026-07-22T03:02:04.215Z","100","like_raid_coordonne|account_farm_creation_massive","4","3370","3370","3369"
"f4ff540e-ccee-4aa1-9242-b4614b9bb322","twitninfuser1951","2026-07-22T03:02:04.215Z","100","like_raid_coordonne|account_farm_creation_massive","4","3370","3370","3369"
"4da48019-2762-4939-84e0-fe67f0afbcd4","twitninfuser1952","2026-07-22T03:02:04.215Z","100","like_raid_coordonne|account_farm_creation_massive","4","3370","3370","3369"
"8126bf4a-b6a7-428e-b8f2-cadb909b5d7c","twitninfuser1953","2026-07-22T03:02:04.215Z","100","like_raid_coordonne|account_farm_creation_massive","4","3370","3370","3369"
"7df38e7d-8c72-42e2-9525-bb8e096c71ba","twitninfuser1954","2026-07-22T03:02:04.215Z","100","like_raid_coordonne|account_farm_creation_massive","4","3370","3370","3369"
"64be6158-489e-4c04-9e93-34ea879aed17","twitninfuser1955","2026-07-22T03:02:04.215Z","100","like_raid_coordonne|account_farm_creation_massive","4","3370","3370","3369"
"ea6f618d-c0a9-46f9-a404-7244c6c4aec4","twitninfuser1956","2026-07-22T03:02:04.215Z","100","like_raid_coordonne|account_farm_creation_massive","4","3370","3370","3369"
"26df113c-17b6-42ae-b527-f46f74a54a18","twitninfuser1957","2026-07-22T03:02:04.215Z","100","like_raid_coordonne|account_farm_creation_massive","4","3370","3370","3369"
"ad454317-2ec6-4488-9258-45e8c8912324","twitninfuser1958","2026-07-22T03:02:04.215Z","100","like_raid_coordonne|account_farm_creation_massive","4","3370","3370","3369"
"ba985645-a407-4413-9038-04ab79415a5d","twitninfuser1959","2026-07-22T03:02:04.215Z","100","like_raid_coordonne|account_farm_creation_massive","4","3370","3370","3369"
"739d1be9-55a7-4aac-ad7a-05729cdc2115","twitninfuser1960","2026-07-22T03:02:04.215Z","100","like_raid_coordonne|account_farm_creation_massive","4","3370","3370","3369"
"a962e4a1-0921-4acc-9aa4-c2f66d8de6be","twitninfuser1961","2026-07-22T03:02:04.215Z","100","like_raid_coordonne|account_farm_creation_massive","4","3370","3370","3369"
"5b3283b7-8b65-4444-b5e2-de6af4afe5b2","twitninfuser1962","2026-07-22T03:02:04.215Z","100","like_raid_coordonne|account_farm_creation_massive","4","3370","3370","3369"
"9ec1319c-1ec7-4ccb-8f5f-5ab193e20609","twitninfuser1963","2026-07-22T03:02:04.215Z","100","like_raid_coordonne|account_farm_creation_massive","4","3370","3370","3369"
"f242863a-fe06-4b3b-8e82-8b8888c3681c","twitninfuser1964","2026-07-22T03:02:04.215Z","100","like_raid_coordonne|account_farm_creation_massive","4","3370","3370","3369"
"1c7ae3aa-52d3-47ba-ba13-46365d07733c","twitninfuser1965","2026-07-22T03:02:04.215Z","100","like_raid_coordonne|account_farm_creation_massive","4","3370","3370","3369"
"84ee72c1-d37e-49d0-9eda-138dbf4f4cda","twitninfuser1966","2026-07-22T03:02:04.215Z","100","like_raid_coordonne|account_farm_creation_massive","4","3370","3370","3369"
"776bfa90-c8fe-4e83-ac31-59ccb6c9215b","twitninfuser1967","2026-07-22T03:02:04.216Z","100","like_raid_coordonne|account_farm_creation_massive","4","3370","3370","3369"
"406fc6cb-37ee-46e2-aec5-2c60a1f2da1b","twitninfuser1968","2026-07-22T03:02:04.216Z","100","like_raid_coordonne|account_farm_creation_massive","4","3370","3370","3369"
"b47ae590-47cf-4a3a-ae2f-8713cc9dc295","twitninfuser1969","2026-07-22T03:02:04.216Z","100","like_raid_coordonne|account_farm_creation_massive","4","3370","3370","3369"
"00294574-80a7-43bc-92ac-af6e197b8d0e","twitninfuser1970","2026-07-22T03:02:04.216Z","100","like_raid_coordonne|account_farm_creation_massive","4","3370","3370","3369"
"cc7b770f-f226-4b46-81f7-3398234bd59d","twitninfuser1971","2026-07-22T03:02:04.216Z","100","like_raid_coordonne|account_farm_creation_massive","4","3370","3370","3369"
"95fd1b04-7c52-45ed-bee7-ca762568e862","twitninfuser1972","2026-07-22T03:02:04.216Z","100","like_raid_coordonne|account_farm_creation_massive","4","3370","3370","3369"
"39075e48-08be-4d70-a98a-cbd45449daba","twitninfuser1973","2026-07-22T03:02:04.216Z","100","like_raid_coordonne|account_farm_creation_massive","4","3370","3370","3369"
"1ec596d1-f222-4780-b9f1-e831f1bb67b4","twitninfuser1974","2026-07-22T03:02:04.216Z","100","like_raid_coordonne|account_farm_creation_massive","4","3370","3370","3369"
"65e2667e-0528-46a0-a68f-3d510d46ca7a","twitninfuser1975","2026-07-22T03:02:04.216Z","100","like_raid_coordonne|account_farm_creation_massive","4","3370","3370","3369"
"0e748f1b-146a-434d-a115-43511f44b3e5","twitninfuser1976","2026-07-22T03:02:04.216Z","100","like_raid_coordonne|account_farm_creation_massive","4","3370","3370","3369"
"2d5b0ae3-c328-4bf8-ba5f-7d0a59fcea4f","twitninfuser1977","2026-07-22T03:02:04.216Z","100","like_raid_coordonne|account_farm_creation_massive","4","3370","3370","3369"
"b6cc987e-3bfc-426d-8c04-475253986ba7","twitninfuser1978","2026-07-22T03:02:04.216Z","100","like_raid_coordonne|account_farm_creation_massive","4","3370","3370","3369"
"fd6b8a1c-201e-4a27-b676-ecf2e57c3598","twitninfuser1979","2026-07-22T03:02:04.216Z","100","like_raid_coordonne|account_farm_creation_massive","4","3370","3370","3369"
"0931ddd4-8d61-4a2b-9944-488d739f521f","twitninfuser1980","2026-07-22T03:02:04.216Z","100","like_raid_coordonne|account_farm_creation_massive","4","3370","3370","3369"
"03054e1a-91a2-40a9-93b4-898ab5b0c0b3","twitninfuser1981","2026-07-22T03:02:04.216Z","100","like_raid_coordonne|account_farm_creation_massive","4","3370","3370","3369"
"9b9675b7-c27d-4f83-9f9f-08a41c6c524b","twitninfuser1982","2026-07-22T03:02:04.216Z","100","like_raid_coordonne|account_farm_creation_massive","4","3370","3370","3369"
"8114cb42-6d9c-4102-92a7-cd11fbc4e9ab","twitninfuser1983","2026-07-22T03:02:04.216Z","100","like_raid_coordonne|account_farm_creation_massive","4","3370","3370","3369"
"24900926-5e9c-4c11-9457-2f68a1f806c8","twitninfuser1984","2026-07-22T03:02:04.216Z","100","like_raid_coordonne|account_farm_creation_massive","4","3370","3370","3369"
"cfd09d33-5c01-49d8-b2d4-ee1923cf7153","twitninfuser1985","2026-07-22T03:02:04.216Z","100","like_raid_coordonne|account_farm_creation_massive","4","3370","3370","3369"
"ff54b499-c39e-44b2-8658-0088fd0871c6","twitninfuser1986","2026-07-22T03:02:04.216Z","100","like_raid_coordonne|account_farm_creation_massive","4","3370","3370","3369"
"0381bae6-2159-4e9f-a516-53f01b3efacd","twitninfuser1987","2026-07-22T03:02:04.216Z","100","like_raid_coordonne|account_farm_creation_massive","4","3370","3370","3369"
"ae05fe1e-c621-4b4b-9bcf-1333f86e04f0","twitninfuser1988","2026-07-22T03:02:04.216Z","100","like_raid_coordonne|account_farm_creation_massive","4","3370","3370","3369"
"2620952f-5e6f-43e9-b483-4e984abffef4","twitninfuser1989","2026-07-22T03:02:04.216Z","100","like_raid_coordonne|account_farm_creation_massive","4","3370","3370","3369"
"fe55b1db-8376-450c-baca-100918e6f92e","twitninfuser1990","2026-07-22T03:02:04.216Z","100","like_raid_coordonne|account_farm_creation_massive","4","3370","3370","3369"
"e3874b2b-0994-48d3-851b-68ede456c4d6","twitninfuser1991","2026-07-22T03:02:04.216Z","100","like_raid_coordonne|account_farm_creation_massive","4","3370","3370","3369"
"5ed52440-c8ad-475d-b269-ca5b6f821d09","twitninfuser1992","2026-07-22T03:02:04.216Z","100","like_raid_coordonne|account_farm_creation_massive","4","3370","3370","3369"
"1442d019-32f5-4f8e-bd2b-ef8e3cf6b59b","twitninfuser1993","2026-07-22T03:02:04.216Z","100","like_raid_coordonne|account_farm_creation_massive","4","3370","3370","3369"
"1818f67e-558e-4331-939a-277e269731a5","twitninfuser1994","2026-07-22T03:02:04.216Z","100","like_raid_coordonne|account_farm_creation_massive","4","3370","3370","3369"
"c216dae5-ef4a-4441-90fb-33fb2614c5b9","twitninfuser1995","2026-07-22T03:02:04.216Z","100","like_raid_coordonne|account_farm_creation_massive","4","3370","3370","3369"
"f7505b5a-9562-4458-ac6d-fe1085a81462","twitninfuser1996","2026-07-22T03:02:04.216Z","100","like_raid_coordonne|account_farm_creation_massive","4","3370","3370","3369"
"681dcf64-7f98-4461-ba70-f17685f20bd4","twitninfuser1997","2026-07-22T03:02:04.216Z","100","like_raid_coordonne|account_farm_creation_massive","4","3370","3370","3369"
"fdcbebf2-149c-4557-9377-b64055251a97","twitninfuser1998","2026-07-22T03:02:04.216Z","100","like_raid_coordonne|account_farm_creation_massive","4","3370","3370","3369"
"d55acd56-9ea2-4a3a-a243-e44679bd0de7","twitninfuser1999","2026-07-22T03:02:04.216Z","100","like_raid_coordonne|account_farm_creation_massive","4","3370","3370","3369"
"2dce7b88-2285-4aae-9a0a-b98ce9f7947c","twitninfuser2000","2026-07-22T03:02:04.216Z","100","like_raid_coordonne|account_farm_creation_massive","4","3370","3370","3369"
"8f8a1b75-c637-44c4-994a-045327d84b74","twitninfuser2001","2026-07-22T03:02:04.216Z","100","like_raid_coordonne|account_farm_creation_massive","4","3370","3370","3369"
"c79dabf4-f709-4fb7-bb98-3ce042e2b807","twitninfuser2002","2026-07-22T03:02:04.216Z","100","like_raid_coordonne|account_farm_creation_massive","4","3370","3370","3369"
"f2d6b3f0-d8d4-4043-b18a-f4cdaff6a10d","twitninfuser2003","2026-07-22T03:02:04.216Z","100","like_raid_coordonne|account_farm_creation_massive","4","3370","3370","3369"
"7d77c67c-1e83-4157-b5eb-4b1ffd6d65ee","twitninfuser2004","2026-07-22T03:02:04.216Z","100","like_raid_coordonne|account_farm_creation_massive","4","3370","3370","3369"
"34dd1859-4e64-4c2a-8049-14f359469dc5","twitninfuser2005","2026-07-22T03:02:04.216Z","100","like_raid_coordonne|account_farm_creation_massive","4","3370","3370","3369"
"fd15d520-3804-4a9f-925e-3bb3f714d5dd","twitninfuser2006","2026-07-22T03:02:04.216Z","100","like_raid_coordonne|account_farm_creation_massive","4","3370","3370","3369"
"4b75d64c-1744-42b2-885f-e93a8484d756","twitninfuser2007","2026-07-22T03:02:04.216Z","100","like_raid_coordonne|account_farm_creation_massive","4","3370","3370","3369"
"e35d6ae3-d1d1-4d02-96cd-a30883fbae0f","twitninfuser2008","2026-07-22T03:02:04.216Z","100","like_raid_coordonne|account_farm_creation_massive","4","3370","3370","3369"
"3d325e6a-8701-44c7-a2fd-1eeac3c7a21c","twitninfuser2009","2026-07-22T03:02:04.216Z","100","like_raid_coordonne|account_farm_creation_massive","4","3370","3370","3369"
"03dc61a5-8e22-40d3-aca6-a60123fd2c25","twitninfuser2010","2026-07-22T03:02:04.216Z","100","like_raid_coordonne|account_farm_creation_massive","4","3370","3370","3369"
"4ab0cdae-0493-4fd5-8b33-817b9bdba0c5","twitninfuser2011","2026-07-22T03:02:04.216Z","100","like_raid_coordonne|account_farm_creation_massive","4","3370","3370","3369"
"5be32255-3a00-4f36-a675-d9d8ae90c5f5","twitninfuser2012","2026-07-22T03:02:04.216Z","100","like_raid_coordonne|account_farm_creation_massive","4","3370","3370","3369"
"58195790-5795-49b0-98a4-6de0d9d251a2","twitninfuser2013","2026-07-22T03:02:04.216Z","100","like_raid_coordonne|account_farm_creation_massive","4","3370","3370","3369"
"e0faddbf-76dc-462a-8c4b-d5df10b70863","twitninfuser2014","2026-07-22T03:02:04.216Z","100","like_raid_coordonne|account_farm_creation_massive","4","3370","3370","3369"
"7000e248-5798-416a-8880-8e0824aa9d88","twitninfuser2015","2026-07-22T03:02:04.216Z","100","like_raid_coordonne|account_farm_creation_massive","4","3370","3370","3369"
"41507d6c-72b6-4601-9bf6-c08b9d7e38d3","twitninfuser2016","2026-07-22T03:02:04.216Z","100","like_raid_coordonne|account_farm_creation_massive","4","3370","3370","3369"
"3050984f-0d81-4af5-aef2-681dc7b07888","twitninfuser2017","2026-07-22T03:02:04.216Z","100","like_raid_coordonne|account_farm_creation_massive","4","3370","3370","3369"
"2ff4cb19-5ae4-40cd-8689-2df308fd2d47","twitninfuser2018","2026-07-22T03:02:04.216Z","100","like_raid_coordonne|account_farm_creation_massive","4","3370","3370","3369"
"9b881ecb-7a9a-4228-a116-87c049466b0e","twitninfuser2019","2026-07-22T03:02:04.216Z","100","like_raid_coordonne|account_farm_creation_massive","4","3370","3370","3369"
"e2cb5ad1-ef56-4e7e-b936-6fb929d02192","twitninfuser2020","2026-07-22T03:02:04.216Z","100","like_raid_coordonne|account_farm_creation_massive","4","3370","3370","3369"
"62392435-2389-4999-a0dc-26628b98a334","twitninfuser2021","2026-07-22T03:02:04.216Z","100","like_raid_coordonne|account_farm_creation_massive","4","3370","3370","3369"
"c2d1e59b-7741-4e6b-b513-9850912f169e","twitninfuser2022","2026-07-22T03:02:04.216Z","100","like_raid_coordonne|account_farm_creation_massive","4","3370","3370","3369"
"4f959b51-5e0e-43be-8acc-e8772677fe2c","twitninfuser2023","2026-07-22T03:02:04.216Z","100","like_raid_coordonne|account_farm_creation_massive","4","3370","3370","3369"
"caac9329-7929-4d13-aafa-cd27ee7fd48d","twitninfuser2024","2026-07-22T03:02:04.216Z","100","like_raid_coordonne|account_farm_creation_massive","4","3370","3370","3369"
"291e1881-e316-45b2-b0ed-d42f9367d50a","twitninfuser2025","2026-07-22T03:02:04.216Z","100","like_raid_coordonne|account_farm_creation_massive","4","3370","3370","3369"
"06d4d3c4-24d6-4060-87ab-f7a98d9b25ae","twitninfuser2026","2026-07-22T03:02:04.216Z","100","like_raid_coordonne|account_farm_creation_massive","4","3370","3370","3369"
"36152105-5de6-4763-b994-265ae7fa39d6","twitninfuser2027","2026-07-22T03:02:04.216Z","100","like_raid_coordonne|account_farm_creation_massive","4","3370","3370","3369"
"b5e21233-4607-4748-909b-2c12708c8d45","twitninfuser2028","2026-07-22T03:02:04.216Z","100","like_raid_coordonne|account_farm_creation_massive","4","3370","3370","3369"
"2b774710-410d-4170-86e3-a1c59a48a348","twitninfuser2029","2026-07-22T03:02:04.216Z","100","like_raid_coordonne|account_farm_creation_massive","4","3370","3370","3369"
"17757018-d559-4f2f-b1f5-c703a39d29be","twitninfuser2030","2026-07-22T03:02:04.216Z","100","like_raid_coordonne|account_farm_creation_massive","4","3370","3370","3369"
"859f77e6-8cbe-46fc-b86e-c28777fb6a53","twitninfuser2031","2026-07-22T03:02:04.216Z","100","like_raid_coordonne|account_farm_creation_massive","4","3370","3370","3369"
"39238dc1-901d-4f1e-8ec5-f528407d827b","twitninfuser2032","2026-07-22T03:02:04.216Z","100","like_raid_coordonne|account_farm_creation_massive","4","3370","3370","3369"
"bf6165ee-bc31-4c21-81c7-3d8aa7afd0cd","twitninfuser2033","2026-07-22T03:02:04.216Z","100","like_raid_coordonne|account_farm_creation_massive","4","3370","3370","3369"
"3b30d1b0-b6d8-4e16-94a7-3d75047af50d","twitninfuser2034","2026-07-22T03:02:04.216Z","100","like_raid_coordonne|account_farm_creation_massive","4","3370","3370","3369"
"287f199e-f197-4e1a-9e3b-64358e68df88","twitninfuser2035","2026-07-22T03:02:04.216Z","100","like_raid_coordonne|account_farm_creation_massive","4","3370","3370","3369"
"0ba5d567-acc8-46cf-9b4b-28d27df6373e","twitninfuser2036","2026-07-22T03:02:04.216Z","100","like_raid_coordonne|account_farm_creation_massive","4","3370","3370","3369"
"1cf30130-d141-47db-ab49-17d0c38feacb","twitninfuser2037","2026-07-22T03:02:04.216Z","100","like_raid_coordonne|account_farm_creation_massive","4","3370","3370","3369"
"a8bb2d41-d7d1-49a7-b2dc-a2dcf5b2b9b3","twitninfuser2038","2026-07-22T03:02:04.216Z","100","like_raid_coordonne|account_farm_creation_massive","4","3370","3370","3369"
"9edab251-cd3a-45a5-baf0-5e4704981390","twitninfuser2039","2026-07-22T03:02:04.216Z","100","like_raid_coordonne|account_farm_creation_massive","4","3370","3370","3369"
"2fb08560-b7ff-4cdb-8598-d3751ca32aca","twitninfuser2040","2026-07-22T03:02:04.216Z","100","like_raid_coordonne|account_farm_creation_massive","4","3370","3370","3369"
"ff58f789-c2f2-406e-9b5e-843e583234cf","twitninfuser2041","2026-07-22T03:02:04.216Z","100","like_raid_coordonne|account_farm_creation_massive","4","3370","3370","3369"
"6a248564-1295-45a2-abf0-31a81554a021","twitninfuser2042","2026-07-22T03:02:04.216Z","100","like_raid_coordonne|account_farm_creation_massive","4","3370","3370","3369"
"0db70179-bc9d-4c3f-8f2c-cd74d8e22edc","twitninfuser2043","2026-07-22T03:02:04.216Z","100","like_raid_coordonne|account_farm_creation_massive","4","3370","3370","3369"
"bc012e56-b814-4d18-869d-a518ddc5297e","twitninfuser2044","2026-07-22T03:02:04.216Z","100","like_raid_coordonne|account_farm_creation_massive","4","3370","3370","3369"
"afa6135c-62ae-4bef-8c72-66897945bad9","twitninfuser2045","2026-07-22T03:02:04.216Z","100","like_raid_coordonne|account_farm_creation_massive","4","3370","3370","3369"
"caf78dcd-7a48-48d0-a824-d1802ffbef94","twitninfuser2046","2026-07-22T03:02:04.216Z","100","like_raid_coordonne|account_farm_creation_massive","4","3370","3370","3369"
"e6c060f2-a3f6-4fed-b972-5304818088ac","twitninfuser2047","2026-07-22T03:02:04.216Z","100","like_raid_coordonne|account_farm_creation_massive","4","3370","3370","3369"
"6e8a3204-5b58-4bb9-8cdd-46f4ed80511a","twitninfuser2048","2026-07-22T03:02:04.216Z","100","like_raid_coordonne|account_farm_creation_massive","4","3370","3370","3369"
"c51410a0-f1f2-490c-bfc5-e4ee40edeae9","twitninfuser2049","2026-07-22T03:02:04.216Z","100","like_raid_coordonne|account_farm_creation_massive","4","3370","3370","3369"
"98ddfdcd-99ce-4844-9048-66c85236cf7b","twitninfuser2050","2026-07-22T03:02:04.216Z","100","like_raid_coordonne|account_farm_creation_massive","4","3370","3370","3369"
"3be35f25-1b8c-48c0-b1a1-d24d398b1f1d","twitninfuser2051","2026-07-22T03:02:04.216Z","100","like_raid_coordonne|account_farm_creation_massive","4","3370","3370","3369"
"32fe0dc0-c0d9-4a56-ade6-a2723a54f867","twitninfuser2052","2026-07-22T03:02:04.216Z","100","like_raid_coordonne|account_farm_creation_massive","4","3370","3370","3369"
"b707d194-ef3a-4464-8ffa-ca2908248c37","twitninfuser2053","2026-07-22T03:02:04.216Z","100","like_raid_coordonne|account_farm_creation_massive","4","3370","3370","3369"
"55624c5e-9758-437d-8d8d-d6bb99939e46","twitninfuser2054","2026-07-22T03:02:04.216Z","100","like_raid_coordonne|account_farm_creation_massive","4","3370","3370","3369"
"50e82e6e-8141-4038-a261-85b413aef1dc","twitninfuser2055","2026-07-22T03:02:04.216Z","100","like_raid_coordonne|account_farm_creation_massive","4","3370","3370","3369"
"47e09637-ab87-4c7e-b5cf-270e0bd8be69","twitninfuser2056","2026-07-22T03:02:04.216Z","100","like_raid_coordonne|account_farm_creation_massive","4","3370","3370","3369"
"288aef41-f10b-413a-b7a9-b9ec7dbf9179","twitninfuser2057","2026-07-22T03:02:04.216Z","100","like_raid_coordonne|account_farm_creation_massive","4","3370","3370","3369"
"ad85b565-0201-4831-8934-428019e390a3","twitninfuser2058","2026-07-22T03:02:04.216Z","100","like_raid_coordonne|account_farm_creation_massive","4","3370","3370","3369"
"264a0d31-7849-4551-9f97-6905eb6fb6c2","twitninfuser2059","2026-07-22T03:02:04.216Z","100","like_raid_coordonne|account_farm_creation_massive","4","3370","3370","3369"
"7b8a0849-deba-4156-89d6-7364868eab86","twitninfuser2060","2026-07-22T03:02:04.216Z","100","like_raid_coordonne|account_farm_creation_massive","3","3370","3370","3369"
"25906f52-4600-418e-ab97-f3fb1410220c","twitninfuser2061","2026-07-22T03:02:04.216Z","100","like_raid_coordonne|account_farm_creation_massive","3","3370","3370","3369"
"d8aac871-2911-4304-b9bc-ab17266e3ddf","twitninfuser2062","2026-07-22T03:02:04.216Z","100","like_raid_coordonne|account_farm_creation_massive","3","3370","3370","3369"
"91cdbddb-d72a-43cb-b076-94f98900fd92","twitninfuser2063","2026-07-22T03:02:04.216Z","100","like_raid_coordonne|account_farm_creation_massive","3","3370","3370","3369"
"34cf784c-8ed8-4ffc-882b-134bf6671d67","twitninfuser2064","2026-07-22T03:02:04.216Z","100","like_raid_coordonne|account_farm_creation_massive","3","3370","3370","3369"
"72b51940-58a4-4b55-bac7-1a3cd93c6adb","twitninfuser2065","2026-07-22T03:02:04.216Z","100","like_raid_coordonne|account_farm_creation_massive","3","3370","3370","3369"
"e70032e0-3c62-4ce8-b743-09be8687f39a","twitninfuser2066","2026-07-22T03:02:04.216Z","100","like_raid_coordonne|account_farm_creation_massive","3","3370","3370","3369"
"62f03f8a-b1d0-43fe-aa72-67b3a5c2604b","twitninfuser2067","2026-07-22T03:02:04.216Z","100","like_raid_coordonne|account_farm_creation_massive","3","3370","3370","3369"
"ae903d83-fd54-478e-bc5f-140cb368f701","twitninfuser2068","2026-07-22T03:02:04.216Z","100","like_raid_coordonne|account_farm_creation_massive","3","3370","3370","3369"
"ca1d69a6-e45f-403f-baa8-036f1703d86d","twitninfuser2069","2026-07-22T03:02:04.216Z","100","like_raid_coordonne|account_farm_creation_massive","3","3370","3370","3369"
"c2be379e-0768-4584-9db2-428715907263","twitninfuser2070","2026-07-22T03:02:04.216Z","100","like_raid_coordonne|account_farm_creation_massive","3","3370","3370","3369"
"df71806d-2087-41ff-a73d-3522b2066af4","twitninfuser2071","2026-07-22T03:02:04.216Z","100","like_raid_coordonne|account_farm_creation_massive","3","3370","3370","3369"
"a57a3047-3188-4aee-9260-55eedacc9564","twitninfuser2072","2026-07-22T03:02:04.216Z","100","like_raid_coordonne|account_farm_creation_massive","3","3370","3370","3369"
"a528ab22-2f34-4063-948e-12d2310c9bf2","twitninfuser2073","2026-07-22T03:02:04.216Z","100","like_raid_coordonne|account_farm_creation_massive","3","3370","3370","3369"
"581cd9d9-534d-4496-8e15-b8d29c5184c2","twitninfuser2074","2026-07-22T03:02:04.216Z","100","like_raid_coordonne|account_farm_creation_massive","3","3370","3370","3369"
"7791fa2b-94ac-41b9-855e-6519b8173191","twitninfuser2075","2026-07-22T03:02:04.216Z","100","like_raid_coordonne|account_farm_creation_massive","3","3370","3370","3369"
"10cec15b-a396-4463-8c18-185095dd28d9","twitninfuser2076","2026-07-22T03:02:04.216Z","100","like_raid_coordonne|account_farm_creation_massive","3","3370","3370","3369"
"9a97d0ef-6ee1-41b7-b570-d93d8e992b0a","twitninfuser2077","2026-07-22T03:02:04.216Z","100","like_raid_coordonne|account_farm_creation_massive","3","3370","3370","3369"
"00cacae4-5ec9-422c-be2c-f789580c7b4a","twitninfuser2078","2026-07-22T03:02:04.216Z","100","like_raid_coordonne|account_farm_creation_massive","3","3370","3370","3369"
"763e711e-d874-467d-b3b0-61fc47049172","twitninfuser2079","2026-07-22T03:02:04.216Z","100","like_raid_coordonne|account_farm_creation_massive","3","3370","3370","3369"
"eff207f7-29a2-4502-910b-823883657872","twitninfuser2080","2026-07-22T03:02:04.216Z","100","like_raid_coordonne|account_farm_creation_massive","3","3370","3370","3369"
"d759ae88-d8c6-4698-b0b5-b8264c928809","twitninfuser2081","2026-07-22T03:02:04.216Z","100","like_raid_coordonne|account_farm_creation_massive","3","3370","3370","3369"
"accc1359-495e-443b-b080-161c6ac74c18","twitninfuser2082","2026-07-22T03:02:04.216Z","100","like_raid_coordonne|account_farm_creation_massive","3","3370","3370","3369"
"c2766914-d880-4dac-a463-f5f82bcd62a9","twitninfuser2083","2026-07-22T03:02:04.216Z","100","like_raid_coordonne|account_farm_creation_massive","3","3370","3370","3369"
"6b748bf3-d334-4228-9ea4-94fb77b0bd15","twitninfuser2084","2026-07-22T03:02:04.216Z","100","like_raid_coordonne|account_farm_creation_massive","3","3370","3370","3369"
"cd1b2536-00d3-4ebd-ad10-3234d50d4c59","twitninfuser2085","2026-07-22T03:02:04.216Z","100","like_raid_coordonne|account_farm_creation_massive","3","3370","3370","3369"
"4d982821-e6ee-477e-bd31-50949eafde94","twitninfuser2086","2026-07-22T03:02:04.216Z","100","like_raid_coordonne|account_farm_creation_massive","3","3370","3370","3369"
"ef79408a-66dc-4b95-93e6-eb4c28c1d0c9","twitninfuser2087","2026-07-22T03:02:04.216Z","100","like_raid_coordonne|account_farm_creation_massive","3","3370","3370","3369"
"6da74545-af0a-4eea-b3d3-d091dda6b63f","twitninfuser2088","2026-07-22T03:02:04.216Z","100","like_raid_coordonne|account_farm_creation_massive","3","3370","3370","3369"
"7dc7760b-4437-46bb-9975-e86e107b6cc9","twitninfuser2089","2026-07-22T03:02:04.216Z","100","like_raid_coordonne|account_farm_creation_massive","3","3370","3370","3369"
"a1616072-081e-42cb-9a45-74511d4c6cc7","twitninfuser2090","2026-07-22T03:02:04.216Z","100","like_raid_coordonne|account_farm_creation_massive","3","3370","3370","3369"
"d30c5e01-a74e-4cbf-baa3-61e628ce9e14","twitninfuser2091","2026-07-22T03:02:04.216Z","100","like_raid_coordonne|account_farm_creation_massive","3","3370","3370","3369"
"0d37dfea-a6ec-41c1-816c-017d096cab3f","twitninfuser2092","2026-07-22T03:02:04.216Z","100","like_raid_coordonne|account_farm_creation_massive","3","3370","3370","3369"
"803a6d84-3bcb-42e9-a9a6-9dcd3c036a31","twitninfuser2093","2026-07-22T03:02:04.216Z","100","like_raid_coordonne|account_farm_creation_massive","3","3370","3370","3369"
"26de7c14-ec94-4ee5-ba57-f3cb6b1dfa91","twitninfuser2094","2026-07-22T03:02:04.216Z","100","like_raid_coordonne|account_farm_creation_massive","3","3370","3370","3369"
"aebdc2d6-06f2-4a16-8432-93c812dbf539","twitninfuser2095","2026-07-22T03:02:04.216Z","100","like_raid_coordonne|account_farm_creation_massive","3","3370","3370","3369"
"38af1a31-5f20-4274-bda1-ba01b75ea43e","twitninfuser2096","2026-07-22T03:02:04.216Z","100","like_raid_coordonne|account_farm_creation_massive","3","3370","3370","3369"
"b1c8d61d-bdbd-4c30-8e35-19351289bc79","twitninfuser2097","2026-07-22T03:02:04.216Z","100","like_raid_coordonne|account_farm_creation_massive","3","3370","3370","3369"
"6d0c88b5-9bac-4505-9189-91018c56e4ad","twitninfuser2098","2026-07-22T03:02:04.216Z","100","like_raid_coordonne|account_farm_creation_massive","3","3370","3370","3369"
"e2276c36-bfaa-436f-a041-230824ceb290","twitninfuser2099","2026-07-22T03:02:04.216Z","100","like_raid_coordonne|account_farm_creation_massive","3","3370","3370","3369"
"53e4477a-6937-4cc5-ba34-6ffd2700eb6f","twitninfuser2100","2026-07-22T03:02:04.216Z","100","like_raid_coordonne|account_farm_creation_massive","3","3370","3370","3369"
"c7555b91-a644-48a0-ae37-e41d7448a188","twitninfuser2101","2026-07-22T03:02:04.216Z","100","like_raid_coordonne|account_farm_creation_massive","3","3370","3370","3369"
"64e1b4cf-61ae-4eae-b671-5b1a37389d0d","twitninfuser2102","2026-07-22T03:02:04.216Z","100","like_raid_coordonne|account_farm_creation_massive","3","3370","3370","3369"
"a5b6f08c-960f-4249-8b0f-d25396fc8bff","twitninfuser2103","2026-07-22T03:02:04.216Z","100","like_raid_coordonne|account_farm_creation_massive","3","3370","3370","3369"
"44aa27cb-bb1d-44f0-adbf-32b149aef321","twitninfuser2104","2026-07-22T03:02:04.216Z","100","like_raid_coordonne|account_farm_creation_massive","3","3370","3370","3369"
"155aa0ff-9ad8-4b6f-94b5-73b2ba51467b","twitninfuser2105","2026-07-22T03:02:04.216Z","100","like_raid_coordonne|account_farm_creation_massive","3","3370","3370","3369"
"bcb18d4f-3dc0-42c3-ab3e-cc498f9963f1","twitninfuser2106","2026-07-22T03:02:04.216Z","100","like_raid_coordonne|account_farm_creation_massive","3","3370","3370","3369"
"473cd303-3840-4247-a6c0-fbe60d0cc281","twitninfuser2107","2026-07-22T03:02:04.216Z","100","like_raid_coordonne|account_farm_creation_massive","3","3370","3370","3369"
"36443209-6d9d-4b59-9eaf-ee0537baecb2","twitninfuser2108","2026-07-22T03:02:04.216Z","100","like_raid_coordonne|account_farm_creation_massive","3","3370","3370","3369"
"6a3565d0-f319-49af-ae42-29e29efc07ab","twitninfuser2109","2026-07-22T03:02:04.216Z","100","like_raid_coordonne|account_farm_creation_massive","3","3370","3370","3369"
"ac74ccf8-cddc-4414-b44d-ec7b4ec38089","twitninfuser2110","2026-07-22T03:02:04.216Z","100","like_raid_coordonne|account_farm_creation_massive","3","3370","3370","3369"
"253a025d-9918-4c82-8a25-b4d32af8a9be","twitninfuser2111","2026-07-22T03:02:04.216Z","100","like_raid_coordonne|account_farm_creation_massive","3","3370","3370","3369"
"b5075140-2a44-41d7-8201-e3f254300506","twitninfuser2112","2026-07-22T03:02:04.216Z","100","like_raid_coordonne|account_farm_creation_massive","3","3370","3370","3369"
"ea511886-99bd-455c-acc2-5776ae9c56a9","twitninfuser2113","2026-07-22T03:02:04.216Z","100","like_raid_coordonne|account_farm_creation_massive","3","3370","3370","3369"
"c9886bb6-848d-4e06-8dc3-4ba66c12f2bd","twitninfuser2114","2026-07-22T03:02:04.216Z","100","like_raid_coordonne|account_farm_creation_massive","3","3370","3370","3369"
"5a259029-b480-448d-8085-33ac871b038b","twitninfuser2115","2026-07-22T03:02:04.216Z","100","like_raid_coordonne|account_farm_creation_massive","3","3370","3370","3369"
"90fd51ce-2795-4e2e-8073-523acaa32544","twitninfuser2116","2026-07-22T03:02:04.216Z","100","like_raid_coordonne|account_farm_creation_massive","3","3370","3370","3369"
"9f8f9cbd-f79e-4b38-bac2-569b4b783ff3","twitninfuser2117","2026-07-22T03:02:04.216Z","100","like_raid_coordonne|account_farm_creation_massive","3","3370","3370","3369"
"70832965-72b2-4792-98bc-5dd87b8606b5","twitninfuser2118","2026-07-22T03:02:04.216Z","100","like_raid_coordonne|account_farm_creation_massive","3","3370","3370","3369"
"e9d518c8-a66a-46c4-a730-9aa89c63c704","twitninfuser2119","2026-07-22T03:02:04.216Z","100","like_raid_coordonne|account_farm_creation_massive","3","3370","3370","3369"
"b67f600c-103d-4ab0-82cd-71521601cdcd","twitninfuser2120","2026-07-22T03:02:04.216Z","100","like_raid_coordonne|account_farm_creation_massive","3","3370","3370","3369"
"24ce1735-08cc-4975-a34c-7ac8c5d39db1","twitninfuser2121","2026-07-22T03:02:04.216Z","100","like_raid_coordonne|account_farm_creation_massive","3","3370","3370","3369"
"d9eb08a2-c6ff-4cb7-8812-c860906c4162","twitninfuser2122","2026-07-22T03:02:04.216Z","100","like_raid_coordonne|account_farm_creation_massive","3","3370","3370","3369"
"dff37454-e069-459e-a385-61cf5e8f8c57","twitninfuser2123","2026-07-22T03:02:04.216Z","100","like_raid_coordonne|account_farm_creation_massive","3","3370","3370","3369"
"a9b39dfb-f896-4ad8-8c43-98ccc3ad1ae0","twitninfuser2124","2026-07-22T03:02:04.216Z","100","like_raid_coordonne|account_farm_creation_massive","3","3370","3370","3369"
"4a3bbb5a-799b-46d6-beb9-e6a4d1525d20","twitninfuser2125","2026-07-22T03:02:04.216Z","100","like_raid_coordonne|account_farm_creation_massive","3","3370","3370","3369"
"0ef30d75-d2fe-404f-9bea-8f382dede85c","twitninfuser2126","2026-07-22T03:02:04.216Z","100","like_raid_coordonne|account_farm_creation_massive","3","3370","3370","3369"
"72117ab9-9143-4cf9-8c06-5b88ef8b770f","twitninfuser2127","2026-07-22T03:02:04.216Z","100","like_raid_coordonne|account_farm_creation_massive","3","3370","3370","3369"
"8dafccd2-d4d8-4b4c-b1fd-4dd7df5cc2c5","twitninfuser2128","2026-07-22T03:02:04.216Z","100","like_raid_coordonne|account_farm_creation_massive","3","3370","3370","3369"
"4f449c3c-7a12-4dc0-98e2-0e9ac771488f","twitninfuser2129","2026-07-22T03:02:04.216Z","100","like_raid_coordonne|account_farm_creation_massive","3","3370","3370","3369"
"9165ae4d-5eb5-4fef-9e89-b2a9f194af98","twitninfuser2130","2026-07-22T03:02:04.216Z","100","like_raid_coordonne|account_farm_creation_massive","3","3370","3370","3369"
"2092279d-256a-4b42-9802-07e7c5d32aab","twitninfuser2131","2026-07-22T03:02:04.216Z","100","like_raid_coordonne|account_farm_creation_massive","3","3370","3370","3369"
"b51a6d2e-6773-411e-a3ac-85222b4c6b26","twitninfuser2132","2026-07-22T03:02:04.216Z","100","like_raid_coordonne|account_farm_creation_massive","3","3370","3370","3369"
"ea31350b-a54c-4538-bbfa-a8833c4e490e","twitninfuser2133","2026-07-22T03:02:04.216Z","100","like_raid_coordonne|account_farm_creation_massive","3","3370","3370","3369"
"ce905995-9547-466e-ba9d-f01703a7ea6d","twitninfuser2134","2026-07-22T03:02:04.216Z","100","like_raid_coordonne|account_farm_creation_massive","3","3370","3370","3369"
"baaa94b9-095b-470f-ad2a-0bc6458603f0","twitninfuser2135","2026-07-22T03:02:04.216Z","100","like_raid_coordonne|account_farm_creation_massive","3","3370","3370","3369"
"c4293a70-82d7-4da4-b223-32579dd9d17f","twitninfuser2136","2026-07-22T03:02:04.216Z","100","like_raid_coordonne|account_farm_creation_massive","3","3370","3370","3369"
"8e716df4-1fc2-46e0-a80b-66a2bcf01b01","twitninfuser2137","2026-07-22T03:02:04.216Z","100","like_raid_coordonne|account_farm_creation_massive","3","3370","3370","3369"
"10c08763-560d-44aa-a64d-f468f81e66f4","twitninfuser2138","2026-07-22T03:02:04.216Z","100","like_raid_coordonne|account_farm_creation_massive","3","3370","3370","3369"
"91c72019-c70f-4adc-948e-1aedc20eafcf","twitninfuser2139","2026-07-22T03:02:04.216Z","100","like_raid_coordonne|account_farm_creation_massive","3","3370","3370","3369"
"cb342a6b-32bf-4271-a13b-bf60d0865d0f","twitninfuser2140","2026-07-22T03:02:04.216Z","100","like_raid_coordonne|account_farm_creation_massive","3","3370","3370","3369"
"c2c42470-f197-4e16-80dd-d850e499c509","twitninfuser2141","2026-07-22T03:02:04.216Z","100","like_raid_coordonne|account_farm_creation_massive","3","3370","3370","3369"
"4ec6d000-35f4-47dd-be4d-a8f268722a02","twitninfuser2142","2026-07-22T03:02:04.216Z","100","like_raid_coordonne|account_farm_creation_massive","3","3370","3370","3369"
"074337d0-d52d-4aff-a249-c4436f6599f9","twitninfuser2143","2026-07-22T03:02:04.216Z","100","like_raid_coordonne|account_farm_creation_massive","3","3370","3370","3369"
"1d28685b-2aa6-48bd-b374-21fd200e602a","twitninfuser2144","2026-07-22T03:02:04.216Z","100","like_raid_coordonne|account_farm_creation_massive","3","3370","3370","3369"
"7fb71cf6-baec-4065-afbc-be21d154e341","twitninfuser2145","2026-07-22T03:02:04.216Z","100","like_raid_coordonne|account_farm_creation_massive","3","3370","3370","3369"
"a35e0a38-8afa-4ef6-9905-d325060b86db","twitninfuser2146","2026-07-22T03:02:04.216Z","100","like_raid_coordonne|account_farm_creation_massive","3","3370","3370","3369"
"c5e117f1-2ec9-4708-b375-bee1b984afc7","twitninfuser2147","2026-07-22T03:02:04.216Z","100","like_raid_coordonne|account_farm_creation_massive","3","3370","3370","3369"
"fef6456f-7b3c-4610-a41f-4d1e1a7f48d1","twitninfuser2148","2026-07-22T03:02:04.216Z","100","like_raid_coordonne|account_farm_creation_massive","3","3370","3370","3369"
"5539cece-46c5-4c16-8eea-705fb742e29e","twitninfuser2149","2026-07-22T03:02:04.216Z","100","like_raid_coordonne|account_farm_creation_massive","3","3370","3370","3369"
"d5ef11b6-cbc3-40ef-940a-a96ef8e5368b","twitninfuser2150","2026-07-22T03:02:04.216Z","100","like_raid_coordonne|account_farm_creation_massive","3","3370","3370","3369"
"2f4f95c1-87cd-4010-b082-bd048384d8a4","twitninfuser2151","2026-07-22T03:02:04.216Z","100","like_raid_coordonne|account_farm_creation_massive","3","3370","3370","3369"
"162ad418-e859-47ec-aba1-218e75b7aa2d","twitninfuser2152","2026-07-22T03:02:04.216Z","100","like_raid_coordonne|account_farm_creation_massive","3","3370","3370","3369"
"95f8fe8d-37c4-49bc-b8cf-0de3dca05800","twitninfuser2153","2026-07-22T03:02:04.216Z","100","like_raid_coordonne|account_farm_creation_massive","3","3370","3370","3369"
"433c9938-54b8-44bb-a8f9-48fb6398b8e4","twitninfuser2154","2026-07-22T03:02:04.216Z","100","like_raid_coordonne|account_farm_creation_massive","3","3370","3370","3369"
"3a2ddb5a-f5a5-41bd-af39-ebd4313c9a30","twitninfuser2155","2026-07-22T03:02:04.216Z","100","like_raid_coordonne|account_farm_creation_massive","3","3370","3370","3369"
"b2e0b46c-9164-4e85-bfdf-d81d7d054a31","twitninfuser2156","2026-07-22T03:02:04.216Z","100","like_raid_coordonne|account_farm_creation_massive","3","3370","3370","3369"
"04789552-1fc4-4bec-afa6-5fff31cfd4d1","twitninfuser2157","2026-07-22T03:02:04.216Z","100","like_raid_coordonne|account_farm_creation_massive","3","3370","3370","3369"
"39572929-76ba-454b-b13e-1b2b05cf3b77","twitninfuser2158","2026-07-22T03:02:04.216Z","100","like_raid_coordonne|account_farm_creation_massive","3","3370","3370","3369"
"3ca77a10-83c6-4275-b5e3-ae2bf40b0436","twitninfuser2159","2026-07-22T03:02:04.216Z","100","like_raid_coordonne|account_farm_creation_massive","3","3370","3370","3369"
"52ca4958-9cc3-4c02-9c01-80b7f5e93f2a","twitninfuser2160","2026-07-22T03:02:04.216Z","100","like_raid_coordonne|account_farm_creation_massive","3","3370","3370","3369"
"7bbb96b8-c491-4fe4-8d06-e8da97053782","twitninfuser2161","2026-07-22T03:02:04.216Z","100","like_raid_coordonne|account_farm_creation_massive","3","3370","3370","3369"
"20e999be-e6d9-4576-ba0a-38de6a6f29a5","twitninfuser2162","2026-07-22T03:02:04.216Z","100","like_raid_coordonne|account_farm_creation_massive","3","3370","3370","3369"
"c83306e7-1d42-46a2-b508-bc81fcb0ec5a","twitninfuser2163","2026-07-22T03:02:04.216Z","100","like_raid_coordonne|account_farm_creation_massive","3","3370","3370","3369"
"528fca2f-8625-4e76-afa1-55c3e942506a","twitninfuser2164","2026-07-22T03:02:04.216Z","100","like_raid_coordonne|account_farm_creation_massive","3","3370","3370","3369"
"491c6dea-ea9c-4444-b0b1-0d5a92f8b183","twitninfuser2165","2026-07-22T03:02:04.216Z","100","like_raid_coordonne|account_farm_creation_massive","3","3370","3370","3369"
"9168af4d-daf7-4f07-822e-0fdc6bfae3a1","twitninfuser2166","2026-07-22T03:02:04.216Z","100","like_raid_coordonne|account_farm_creation_massive","3","3370","3370","3369"
"7154593f-c4e9-4af8-9fa3-c97f03aeaa05","twitninfuser2167","2026-07-22T03:02:04.216Z","100","like_raid_coordonne|account_farm_creation_massive","3","3370","3370","3369"
"2baf2cd9-03a7-4217-b86b-4b5c67a0f0f8","twitninfuser2168","2026-07-22T03:02:04.216Z","100","like_raid_coordonne|account_farm_creation_massive","3","3370","3370","3369"
"8455fa31-8a3d-4b73-9f64-eb8fb9cf40cf","twitninfuser2169","2026-07-22T03:02:04.216Z","100","like_raid_coordonne|account_farm_creation_massive","3","3370","3370","3369"
"81e458a3-5449-40d0-b79c-dcf93b10ada1","twitninfuser2170","2026-07-22T03:02:04.216Z","100","like_raid_coordonne|account_farm_creation_massive","3","3370","3370","3369"
"b169d98f-8111-41a0-bd7f-cb4baa7b149b","twitninfuser2171","2026-07-22T03:02:04.216Z","100","like_raid_coordonne|account_farm_creation_massive","3","3370","3370","3369"
"846274a5-5319-4958-baf3-80a5adbc4810","twitninfuser2172","2026-07-22T03:02:04.216Z","100","like_raid_coordonne|account_farm_creation_massive","3","3370","3370","3369"
"bde257f9-23b2-4d76-aa57-e08f2f359275","twitninfuser2173","2026-07-22T03:02:04.216Z","100","like_raid_coordonne|account_farm_creation_massive","3","3370","3370","3369"
"b0cfdd7b-dd42-403b-9622-72917b85dfce","twitninfuser2174","2026-07-22T03:02:04.216Z","100","like_raid_coordonne|account_farm_creation_massive","3","3370","3370","3369"
"8df68f2f-9f0d-4aed-86cb-b6ab45290e1b","twitninfuser2175","2026-07-22T03:02:04.216Z","100","like_raid_coordonne|account_farm_creation_massive","3","3370","3370","3369"
"91703518-e564-441f-8e85-b44e5fb1e332","twitninfuser2176","2026-07-22T03:02:04.216Z","100","like_raid_coordonne|account_farm_creation_massive","3","3370","3370","3369"
"be6fc7ed-d79c-4919-a612-23943bdc4ab8","twitninfuser2177","2026-07-22T03:02:04.216Z","100","like_raid_coordonne|account_farm_creation_massive","3","3370","3370","3369"
"51e745db-bf30-469e-8eb2-1d8ef5e1cb9d","twitninfuser2178","2026-07-22T03:02:04.216Z","100","like_raid_coordonne|account_farm_creation_massive","3","3370","3370","3369"
"f1c97fe4-d7ca-4c56-b2b3-eb003ed2caee","twitninfuser2179","2026-07-22T03:02:04.216Z","100","like_raid_coordonne|account_farm_creation_massive","3","3370","3370","3369"
"269ae1a5-2ded-45e2-97a6-a62bdb4d1096","twitninfuser2180","2026-07-22T03:02:04.216Z","100","like_raid_coordonne|account_farm_creation_massive","3","3370","3370","3369"
"260d39cc-c221-464c-8ab0-7a96fb70a1fd","twitninfuser2181","2026-07-22T03:02:04.216Z","100","like_raid_coordonne|account_farm_creation_massive","3","3370","3370","3369"
"4bb1f7de-9747-4aef-b5fe-9914e108e8a8","twitninfuser2182","2026-07-22T03:02:04.216Z","100","like_raid_coordonne|account_farm_creation_massive","3","3370","3370","3369"
"927057e4-d11f-42a7-bf05-2144c260a9ae","twitninfuser2183","2026-07-22T03:02:04.216Z","100","like_raid_coordonne|account_farm_creation_massive","3","3370","3370","3369"
"af408758-d096-4a30-b547-51346c01be08","twitninfuser2184","2026-07-22T03:02:04.216Z","100","like_raid_coordonne|account_farm_creation_massive","3","3370","3370","3369"
"65d62da9-44b8-48a2-8a21-5f264e200382","twitninfuser2185","2026-07-22T03:02:04.216Z","100","like_raid_coordonne|account_farm_creation_massive","3","3370","3370","3369"
"9132d264-5ce5-41e8-b4e8-bb57975c8980","twitninfuser2186","2026-07-22T03:02:04.216Z","100","like_raid_coordonne|account_farm_creation_massive","3","3370","3370","3369"
"a92764d1-d57d-4e47-9e0a-0c1040c78f8f","twitninfuser2187","2026-07-22T03:02:04.216Z","100","like_raid_coordonne|account_farm_creation_massive","3","3370","3370","3369"
"8260e0b7-0a91-489c-92a9-3a9cf645ab16","twitninfuser2188","2026-07-22T03:02:04.216Z","100","like_raid_coordonne|account_farm_creation_massive","3","3370","3370","3369"
"ac41265a-4b60-4773-8053-c6d3f1778ae8","twitninfuser2189","2026-07-22T03:02:04.216Z","100","like_raid_coordonne|account_farm_creation_massive","3","3370","3370","3369"
"e5997b1f-c85b-4c4c-bf91-7be8aecd7552","twitninfuser2190","2026-07-22T03:02:04.216Z","100","like_raid_coordonne|account_farm_creation_massive","3","3370","3370","3369"
"41428325-26f3-47e2-9e98-acf5d51f7252","twitninfuser2191","2026-07-22T03:02:04.216Z","100","like_raid_coordonne|account_farm_creation_massive","3","3370","3370","3369"
"09cc632e-09e2-422e-9ed8-10f83ab7060c","twitninfuser2192","2026-07-22T03:02:04.216Z","100","like_raid_coordonne|account_farm_creation_massive","3","3370","3370","3369"
"4073b932-59a2-4930-90ca-b178f8e0f975","twitninfuser2193","2026-07-22T03:02:04.216Z","100","like_raid_coordonne|account_farm_creation_massive","3","3370","3370","3369"
"99b4ed7c-45ca-4865-a245-856a684ff7a3","twitninfuser2194","2026-07-22T03:02:04.216Z","100","like_raid_coordonne|account_farm_creation_massive","3","3370","3370","3369"
"4c03a3d2-9ff8-40a7-9979-10fe015d002f","twitninfuser2195","2026-07-22T03:02:04.216Z","100","like_raid_coordonne|account_farm_creation_massive","3","3370","3370","3369"
"f0c80fdb-94b7-478e-a3de-469710b6e4b2","twitninfuser2196","2026-07-22T03:02:04.216Z","100","like_raid_coordonne|account_farm_creation_massive","3","3370","3370","3369"
"e0293b7d-5ead-4d35-b873-a9bdc5d4776b","twitninfuser2197","2026-07-22T03:02:04.216Z","100","like_raid_coordonne|account_farm_creation_massive","3","3370","3370","3369"
"d0adbf5a-547d-416f-a42d-781af554b519","twitninfuser2198","2026-07-22T03:02:04.216Z","100","like_raid_coordonne|account_farm_creation_massive","3","3370","3370","3369"
"8731d475-aaa1-484b-81df-ba3aaa6d4d77","twitninfuser2199","2026-07-22T03:02:04.216Z","100","like_raid_coordonne|account_farm_creation_massive","3","3370","3370","3369"
"4feb50b9-9e3d-4d3c-871d-6c769f233037","twitninfuser2200","2026-07-22T03:02:04.216Z","100","like_raid_coordonne|account_farm_creation_massive","3","3370","3370","3369"
"dcce914d-b3d3-462d-b4a5-265aeca3d34d","twitninfuser2201","2026-07-22T03:02:04.216Z","100","like_raid_coordonne|account_farm_creation_massive","3","3370","3370","3369"
"cc85b772-e13c-4c20-b19e-5cd082a44749","twitninfuser2202","2026-07-22T03:02:04.216Z","100","like_raid_coordonne|account_farm_creation_massive","3","3370","3370","3369"
"ccc8e2e3-1d40-4dbf-bee1-e57b66fec235","twitninfuser2203","2026-07-22T03:02:04.216Z","100","like_raid_coordonne|account_farm_creation_massive","3","3370","3370","3369"
"827650a3-0ad2-430f-8bd0-d91d373ceae1","twitninfuser2204","2026-07-22T03:02:04.216Z","100","like_raid_coordonne|account_farm_creation_massive","3","3370","3370","3369"
"601e4d7c-227f-408f-8aa4-2cf8bdd72ea4","twitninfuser2205","2026-07-22T03:02:04.216Z","100","like_raid_coordonne|account_farm_creation_massive","3","3370","3370","3369"
"5d67b587-69e8-4b21-be21-0cec0c490ad8","twitninfuser2206","2026-07-22T03:02:04.216Z","100","like_raid_coordonne|account_farm_creation_massive","3","3370","3370","3369"
"64ea6fde-e96a-4f07-8b98-574f6d3bb761","twitninfuser2207","2026-07-22T03:02:04.216Z","100","like_raid_coordonne|account_farm_creation_massive","3","3370","3370","3369"
"fa52cd7b-051b-478f-8325-52a7ce30fe80","twitninfuser2208","2026-07-22T03:02:04.216Z","100","like_raid_coordonne|account_farm_creation_massive","3","3370","3370","3369"
"3a883b81-3f53-4392-b912-15fe8eb108d2","twitninfuser2209","2026-07-22T03:02:04.216Z","100","like_raid_coordonne|account_farm_creation_massive","3","3370","3370","3369"
"56a88fc4-3945-4835-83af-30d84567c046","twitninfuser2210","2026-07-22T03:02:04.216Z","100","like_raid_coordonne|account_farm_creation_massive","3","3370","3370","3369"
"d7c90ac2-ccca-4df8-8204-710740e24279","twitninfuser2211","2026-07-22T03:02:04.216Z","100","like_raid_coordonne|account_farm_creation_massive","3","3370","3370","3369"
"2501a0c3-7b11-466d-ba6b-4e42fd14d6a3","twitninfuser2212","2026-07-22T03:02:04.216Z","100","like_raid_coordonne|account_farm_creation_massive","3","3370","3370","3369"
"6a7a68ce-908b-474b-b463-de8a81d539e0","twitninfuser2213","2026-07-22T03:02:04.216Z","100","like_raid_coordonne|account_farm_creation_massive","3","3370","3370","3369"
"2b3bd735-81a8-4d18-ba88-bbcf2b85bf80","twitninfuser2214","2026-07-22T03:02:04.216Z","100","like_raid_coordonne|account_farm_creation_massive","3","3370","3370","3369"
"12780173-da58-43f5-ac21-4d2df8bb24d7","twitninfuser2215","2026-07-22T03:02:04.216Z","100","like_raid_coordonne|account_farm_creation_massive","3","3370","3370","3369"
"f0871588-6671-4673-b0a6-47618bc10405","twitninfuser2216","2026-07-22T03:02:04.216Z","100","like_raid_coordonne|account_farm_creation_massive","3","3370","3370","3369"
"0e0e70e4-70ff-4b88-98f4-fc8d3f1bfa7b","twitninfuser2217","2026-07-22T03:02:04.216Z","100","like_raid_coordonne|account_farm_creation_massive","3","3370","3370","3369"
"a048500e-6b8b-438f-81d7-e86b336a6fad","twitninfuser2218","2026-07-22T03:02:04.216Z","100","like_raid_coordonne|account_farm_creation_massive","3","3370","3370","3369"
"07bd5bc6-12f7-4253-be21-7be3d021e3f9","twitninfuser2219","2026-07-22T03:02:04.216Z","100","like_raid_coordonne|account_farm_creation_massive","3","3370","3370","3369"
"8bdda16c-aa03-436c-9919-2b33a02ea1cd","twitninfuser2220","2026-07-22T03:02:04.216Z","100","like_raid_coordonne|account_farm_creation_massive","3","3370","3370","3369"
"b7bd1dc8-5494-4bff-9cb7-07562760d1b1","twitninfuser2221","2026-07-22T03:02:04.216Z","100","like_raid_coordonne|account_farm_creation_massive","3","3370","3370","3369"
"49aa871e-3034-42af-823c-17c472bf5f31","twitninfuser2222","2026-07-22T03:02:04.216Z","100","like_raid_coordonne|account_farm_creation_massive","3","3370","3370","3369"
"2f7d2266-a27d-405d-96d9-ccdfe5585ff2","twitninfuser2223","2026-07-22T03:02:04.216Z","100","like_raid_coordonne|account_farm_creation_massive","3","3370","3370","3369"
"59fe4404-795b-48a9-9b6b-dfa9ec38c24c","twitninfuser2224","2026-07-22T03:02:04.216Z","100","like_raid_coordonne|account_farm_creation_massive","3","3370","3370","3369"
"91a113d8-0077-4394-9c2c-a87a14923e2c","twitninfuser2225","2026-07-22T03:02:04.216Z","100","like_raid_coordonne|account_farm_creation_massive","3","3370","3370","3369"
"3f78cae1-5493-4a60-bcdf-54ed473be727","twitninfuser2226","2026-07-22T03:02:04.216Z","100","like_raid_coordonne|account_farm_creation_massive","3","3370","3370","3369"
"a00a3d24-e6d0-4827-9251-e7057f5163fe","twitninfuser2227","2026-07-22T03:02:04.216Z","100","like_raid_coordonne|account_farm_creation_massive","3","3370","3370","3369"
"8f17bf85-bf80-45a2-905b-1dd187583331","twitninfuser2228","2026-07-22T03:02:04.216Z","100","like_raid_coordonne|account_farm_creation_massive","3","3370","3370","3369"
"972a8f83-f60b-43b7-9d03-8036ece74ae6","twitninfuser2229","2026-07-22T03:02:04.216Z","100","like_raid_coordonne|account_farm_creation_massive","3","3370","3370","3369"
"1084d8ac-81fc-4afa-be98-4f07f8af19e8","twitninfuser2230","2026-07-22T03:02:04.216Z","100","like_raid_coordonne|account_farm_creation_massive","3","3370","3370","3369"
"8d7062d3-d7b3-401b-bec4-56ece75de745","twitninfuser2231","2026-07-22T03:02:04.216Z","100","like_raid_coordonne|account_farm_creation_massive","3","3370","3370","3369"
"8f9fe6d6-0b3c-4034-bac6-c055d9077562","twitninfuser2232","2026-07-22T03:02:04.216Z","100","like_raid_coordonne|account_farm_creation_massive","3","3370","3370","3369"
"998b6d1a-84c6-47fc-b4ef-4dffbb9ecf6d","twitninfuser2233","2026-07-22T03:02:04.216Z","100","like_raid_coordonne|account_farm_creation_massive","3","3370","3370","3369"
"f0a54257-2ef8-4b68-99f9-a3502afd7c7a","twitninfuser2234","2026-07-22T03:02:04.216Z","100","like_raid_coordonne|account_farm_creation_massive","3","3370","3370","3369"
"10f7d702-15ea-4a29-9b12-386a6c2e12c6","twitninfuser2235","2026-07-22T03:02:04.216Z","100","like_raid_coordonne|account_farm_creation_massive","3","3370","3370","3369"
"e2053138-6583-4798-9d8f-440739b59b6d","twitninfuser2236","2026-07-22T03:02:04.216Z","100","like_raid_coordonne|account_farm_creation_massive","3","3370","3370","3369"
"a75bfca5-2237-497e-9fcc-811994ccee9c","twitninfuser2237","2026-07-22T03:02:04.216Z","100","like_raid_coordonne|account_farm_creation_massive","3","3370","3370","3369"
"91b0af53-4094-4229-a4c3-f56583fe025c","twitninfuser2238","2026-07-22T03:02:04.216Z","100","like_raid_coordonne|account_farm_creation_massive","3","3370","3370","3369"
"b090ba3a-cbae-4b14-a236-bb07b3bab85e","twitninfuser2239","2026-07-22T03:02:04.216Z","100","like_raid_coordonne|account_farm_creation_massive","3","3370","3370","3369"
"dbcc4b77-7531-4357-802b-1a47fddbebd9","twitninfuser2240","2026-07-22T03:02:04.216Z","100","like_raid_coordonne|account_farm_creation_massive","3","3370","3370","3369"
"3ffc7473-f3e7-4662-baf1-20b5a9d6875a","twitninfuser2241","2026-07-22T03:02:04.216Z","100","like_raid_coordonne|account_farm_creation_massive","3","3370","3370","3369"
"412b7e73-c687-4d4c-a4ce-3159c5e27e86","twitninfuser2242","2026-07-22T03:02:04.216Z","100","like_raid_coordonne|account_farm_creation_massive","3","3370","3370","3369"
"9695cd17-a6b1-49b0-b480-45181f026f89","twitninfuser2243","2026-07-22T03:02:04.216Z","100","like_raid_coordonne|account_farm_creation_massive","3","3370","3370","3369"
"e2b9ca85-154a-439c-9f0f-26ffb84a83f3","twitninfuser2244","2026-07-22T03:02:04.216Z","100","like_raid_coordonne|account_farm_creation_massive","3","3370","3370","3369"
"aa281949-9217-4fbf-ae98-27aba42bf17f","twitninfuser2245","2026-07-22T03:02:04.216Z","100","like_raid_coordonne|account_farm_creation_massive","3","3370","3370","3369"
"63459da2-a925-4c88-9661-36e961347ad2","twitninfuser2246","2026-07-22T03:02:04.216Z","100","like_raid_coordonne|account_farm_creation_massive","3","3370","3370","3369"
"abc4d8d7-5a90-4e8b-bbc6-d4a43fe04fd0","twitninfuser2247","2026-07-22T03:02:04.216Z","100","like_raid_coordonne|account_farm_creation_massive","3","3370","3370","3369"
"b4985168-3197-460f-81e6-5a39d6d7ebec","twitninfuser2248","2026-07-22T03:02:04.216Z","100","like_raid_coordonne|account_farm_creation_massive","3","3370","3370","3369"
"6e7c0b4f-8d57-4d2a-90ea-2ca0521630e8","twitninfuser2249","2026-07-22T03:02:04.216Z","100","like_raid_coordonne|account_farm_creation_massive","3","3370","3370","3369"
"54129c5b-f86b-4a4f-ac39-8bf2b8a544c8","twitninfuser2250","2026-07-22T03:02:04.216Z","100","like_raid_coordonne|account_farm_creation_massive","3","3370","3370","3369"
"4b6b35f9-2b0c-4709-9ac1-b12b4978d8b2","twitninfuser2251","2026-07-22T03:02:04.216Z","100","like_raid_coordonne|account_farm_creation_massive","3","3370","3370","3369"
"23538631-c867-42ee-ae51-4d9f18bfcc77","twitninfuser2252","2026-07-22T03:02:04.216Z","100","like_raid_coordonne|account_farm_creation_massive","3","3370","3370","3369"
"614359ba-9dc5-4453-9f53-5650219406ac","twitninfuser2253","2026-07-22T03:02:04.216Z","100","like_raid_coordonne|account_farm_creation_massive","3","3370","3370","3369"
"eea0c05b-c9b5-4e63-9a5b-3f6e8fc7a7f9","twitninfuser2254","2026-07-22T03:02:04.216Z","100","like_raid_coordonne|account_farm_creation_massive","3","3370","3370","3369"
"22031ac7-e8da-4055-97a2-8ba3eaa15a7e","twitninfuser2255","2026-07-22T03:02:04.216Z","100","like_raid_coordonne|account_farm_creation_massive","3","3370","3370","3369"
"a7eca8c9-f9f6-4133-a9bc-aba0cc6d9f40","twitninfuser2256","2026-07-22T03:02:04.216Z","100","like_raid_coordonne|account_farm_creation_massive","3","3370","3370","3369"
"19471a10-0fc4-42f4-8ce2-622052e43805","twitninfuser2257","2026-07-22T03:02:04.216Z","100","like_raid_coordonne|account_farm_creation_massive","3","3370","3370","3369"
"90523765-00a2-4ef8-861c-c774e4ef0c6c","twitninfuser2258","2026-07-22T03:02:04.216Z","100","like_raid_coordonne|account_farm_creation_massive","3","3370","3370","3369"
"ad21b3fb-f96f-4da8-b351-f75831ed6d22","twitninfuser2259","2026-07-22T03:02:04.216Z","100","like_raid_coordonne|account_farm_creation_massive","3","3370","3370","3369"
"9aa715d4-984a-442e-8cf7-829c85254034","twitninfuser2260","2026-07-22T03:02:04.216Z","100","like_raid_coordonne|account_farm_creation_massive","3","3370","3370","3369"
"b10be4d6-63de-4258-80a3-cc6d486d4137","twitninfuser2261","2026-07-22T03:02:04.216Z","100","like_raid_coordonne|account_farm_creation_massive","3","3370","3370","3369"
"258f98f9-b8b6-4e65-a6c8-f43fd9453c12","twitninfuser2262","2026-07-22T03:02:04.216Z","100","like_raid_coordonne|account_farm_creation_massive","3","3370","3370","3369"
"22379160-d106-4199-ad7c-e877f8ad73e0","twitninfuser2263","2026-07-22T03:02:04.216Z","100","like_raid_coordonne|account_farm_creation_massive","3","3370","3370","3369"
"b1a2df12-3d4b-48ad-97c4-0be9c37a7be5","twitninfuser2264","2026-07-22T03:02:04.216Z","100","like_raid_coordonne|account_farm_creation_massive","3","3370","3370","3369"
"752bc553-7ae4-4ef6-9575-68f9b3180d47","twitninfuser2265","2026-07-22T03:02:04.216Z","100","like_raid_coordonne|account_farm_creation_massive","3","3370","3370","3369"
"00b51b3f-cbd9-4cbd-8b4b-812c7663682a","twitninfuser2266","2026-07-22T03:02:04.216Z","100","like_raid_coordonne|account_farm_creation_massive","3","3370","3370","3369"
"9405e679-8e6e-4d46-8e1a-503e0af9a1c9","twitninfuser2267","2026-07-22T03:02:04.216Z","100","like_raid_coordonne|account_farm_creation_massive","3","3370","3370","3369"
"be8e836a-3013-4da5-aef0-450e32823b4d","twitninfuser2268","2026-07-22T03:02:04.216Z","100","like_raid_coordonne|account_farm_creation_massive","3","3370","3370","3369"
"c6005c1a-dda6-443f-8753-88e664764a9d","twitninfuser2269","2026-07-22T03:02:04.216Z","100","like_raid_coordonne|account_farm_creation_massive","3","3370","3370","3369"
"8513166d-cb99-4d19-8a33-05615c254772","twitninfuser2270","2026-07-22T03:02:04.216Z","100","like_raid_coordonne|account_farm_creation_massive","3","3370","3370","3369"
"86d86ffd-bf30-4b3d-89a5-f4bcb5eed9dd","twitninfuser2271","2026-07-22T03:02:04.216Z","100","like_raid_coordonne|account_farm_creation_massive","3","3370","3370","3369"
"0589ac91-19fe-4844-aaa5-f35e067ec164","twitninfuser2272","2026-07-22T03:02:04.216Z","100","like_raid_coordonne|account_farm_creation_massive","3","3370","3370","3369"
"2eb0d581-b954-46a4-a1c8-274c0c55e02a","twitninfuser2273","2026-07-22T03:02:04.216Z","100","like_raid_coordonne|account_farm_creation_massive","3","3370","3370","3369"
"b091b3f7-2e8e-418c-8b4e-7016ee5e1d05","twitninfuser2274","2026-07-22T03:02:04.216Z","100","like_raid_coordonne|account_farm_creation_massive","3","3370","3370","3369"
"18d692fc-ab49-4ead-a6ee-482b2d37b333","twitninfuser2275","2026-07-22T03:02:04.216Z","100","like_raid_coordonne|account_farm_creation_massive","3","3370","3370","3369"
"12711c4a-e58e-481a-9304-f69659dab1aa","twitninfuser2276","2026-07-22T03:02:04.216Z","100","like_raid_coordonne|account_farm_creation_massive","3","3370","3370","3369"
"87db6ceb-6d60-4e46-96db-c736e5aac1b5","twitninfuser2277","2026-07-22T03:02:04.216Z","100","like_raid_coordonne|account_farm_creation_massive","3","3370","3370","3369"
"272b04bc-fd38-4fab-9d72-0e46c127c8fd","twitninfuser2278","2026-07-22T03:02:04.216Z","100","like_raid_coordonne|account_farm_creation_massive","3","3370","3370","3369"
"d9238913-5cc0-4de9-b878-25832199963d","twitninfuser2279","2026-07-22T03:02:04.216Z","100","like_raid_coordonne|account_farm_creation_massive","3","3370","3370","3369"
"c8004cbf-5159-4f09-9b9d-0ee886246074","twitninfuser2280","2026-07-22T03:02:04.216Z","100","like_raid_coordonne|account_farm_creation_massive","3","3370","3370","3369"
"3e153b81-dcfb-4d88-84f1-64ebbc18e4b6","twitninfuser2281","2026-07-22T03:02:04.216Z","100","like_raid_coordonne|account_farm_creation_massive","3","3370","3370","3369"
"36c61113-39aa-48bd-921a-1943d57c11da","twitninfuser2282","2026-07-22T03:02:04.216Z","100","like_raid_coordonne|account_farm_creation_massive","3","3370","3370","3369"
"1c066f03-895b-4b0b-8539-514f5541b390","twitninfuser2283","2026-07-22T03:02:04.216Z","100","like_raid_coordonne|account_farm_creation_massive","3","3370","3370","3369"
"af431204-76fa-41a1-8936-52ef57d43033","twitninfuser2284","2026-07-22T03:02:04.216Z","100","like_raid_coordonne|account_farm_creation_massive","3","3370","3370","3369"
"16edaa98-ae6f-49e1-9117-4dae65125d5b","twitninfuser2285","2026-07-22T03:02:04.216Z","100","like_raid_coordonne|account_farm_creation_massive","3","3370","3370","3369"
"33227df9-2788-4835-bc68-de593c995a05","twitninfuser2286","2026-07-22T03:02:04.216Z","100","like_raid_coordonne|account_farm_creation_massive","3","3370","3370","3369"
"1c2b79e5-d5ed-431f-b793-c82bc3f959a8","twitninfuser2287","2026-07-22T03:02:04.216Z","100","like_raid_coordonne|account_farm_creation_massive","3","3370","3370","3369"
"bcac4c10-3be9-4dcb-8642-fd5abfa137bb","twitninfuser2288","2026-07-22T03:02:04.216Z","100","like_raid_coordonne|account_farm_creation_massive","3","3370","3370","3369"
"79882129-8791-4d1e-8294-0af29721a822","twitninfuser2289","2026-07-22T03:02:04.216Z","100","like_raid_coordonne|account_farm_creation_massive","3","3370","3370","3369"
"999fd17b-70f3-421c-b12a-d56e17ae6344","twitninfuser2290","2026-07-22T03:02:04.216Z","100","like_raid_coordonne|account_farm_creation_massive","3","3370","3370","3369"
"bf943482-06b6-4295-b33e-a98cd1df6640","twitninfuser2291","2026-07-22T03:02:04.216Z","100","like_raid_coordonne|account_farm_creation_massive","3","3370","3370","3369"
"418c1b6e-3dd5-43fe-83c8-a223ad1bbadf","twitninfuser2292","2026-07-22T03:02:04.216Z","100","like_raid_coordonne|account_farm_creation_massive","3","3370","3370","3369"
"08e613a4-50b0-4b30-93af-47538451a166","twitninfuser2293","2026-07-22T03:02:04.216Z","100","like_raid_coordonne|account_farm_creation_massive","3","3370","3370","3369"
"28344b06-4ab7-4557-9ce6-bd9cab724810","twitninfuser2294","2026-07-22T03:02:04.216Z","100","like_raid_coordonne|account_farm_creation_massive","3","3370","3370","3369"
"4eff2536-20d4-4bf4-b426-087d4927df83","twitninfuser2295","2026-07-22T03:02:04.216Z","100","like_raid_coordonne|account_farm_creation_massive","3","3370","3370","3369"
"a40ca859-936c-4bf9-aff4-67870f241750","twitninfuser2296","2026-07-22T03:02:04.216Z","100","like_raid_coordonne|account_farm_creation_massive","3","3370","3370","3369"
"d5af0376-daa5-4257-b07a-b636cdc9924b","twitninfuser2297","2026-07-22T03:02:04.216Z","100","like_raid_coordonne|account_farm_creation_massive","3","3370","3370","3369"
"fa1b4112-6d83-4871-9367-6ca5f1b028e0","twitninfuser2298","2026-07-22T03:02:04.216Z","100","like_raid_coordonne|account_farm_creation_massive","3","3370","3370","3369"
"d7e4e1f2-3b0e-4eba-ab58-190f813d63be","twitninfuser2299","2026-07-22T03:02:04.216Z","100","like_raid_coordonne|account_farm_creation_massive","3","3370","3370","3369"
"4ac77037-c14e-4457-bf7a-3cbcdabf0f3c","twitninfuser2300","2026-07-22T03:02:04.216Z","100","like_raid_coordonne|account_farm_creation_massive","3","3370","3370","3369"
"00cb7eef-a073-4298-b075-409552f3cd58","twitninfuser2301","2026-07-22T03:02:04.216Z","100","like_raid_coordonne|account_farm_creation_massive","3","3370","3370","3369"
"7dbb979e-5c36-42a7-82bd-6a75f90927c3","twitninfuser2302","2026-07-22T03:02:04.216Z","100","like_raid_coordonne|account_farm_creation_massive","3","3370","3370","3369"
"5dd10a88-eff3-4621-9be0-dab76f8d9384","twitninfuser2303","2026-07-22T03:02:04.216Z","100","like_raid_coordonne|account_farm_creation_massive","3","3370","3370","3369"
"0226c377-6c52-40e0-ac9c-566d499b42b8","twitninfuser2304","2026-07-22T03:02:04.216Z","100","like_raid_coordonne|account_farm_creation_massive","3","3370","3370","3369"
"488dc49e-7665-4d23-a84a-84c75edb1bf3","twitninfuser2305","2026-07-22T03:02:04.216Z","100","like_raid_coordonne|account_farm_creation_massive","3","3370","3370","3369"
"e4f04629-5d19-4165-b395-86bc389b1d61","twitninfuser2306","2026-07-22T03:02:04.216Z","100","like_raid_coordonne|account_farm_creation_massive","3","3370","3370","3369"
"e5b58ad3-f010-489e-b2b1-8938c045b792","twitninfuser2307","2026-07-22T03:02:04.216Z","100","like_raid_coordonne|account_farm_creation_massive","3","3370","3370","3369"
"72f2c59d-c54d-4136-b7fb-a43948651739","twitninfuser2308","2026-07-22T03:02:04.216Z","100","like_raid_coordonne|account_farm_creation_massive","3","3370","3370","3369"
"5f1773d9-6aa0-4539-a95c-417fed9f4196","twitninfuser2309","2026-07-22T03:02:04.216Z","100","like_raid_coordonne|account_farm_creation_massive","3","3370","3370","3369"
"5357535c-af25-445f-8c75-480dd8f49315","twitninfuser2310","2026-07-22T03:02:04.216Z","100","like_raid_coordonne|account_farm_creation_massive","3","3370","3370","3369"
"6f732e44-4381-4970-9758-6e0a74cf174d","twitninfuser2311","2026-07-22T03:02:04.216Z","100","like_raid_coordonne|account_farm_creation_massive","3","3370","3370","3369"
"2bdcdeb3-04c9-404c-994b-29a4221fa8ac","twitninfuser2312","2026-07-22T03:02:04.216Z","100","like_raid_coordonne|account_farm_creation_massive","3","3370","3370","3369"
"b28269a6-e04c-474b-8426-167bee7c6eb9","twitninfuser2313","2026-07-22T03:02:04.217Z","100","like_raid_coordonne|account_farm_creation_massive","3","3370","3370","3369"
"f550dfac-33cd-4a6b-a9f7-2014ae0942bb","twitninfuser2314","2026-07-22T03:02:04.217Z","100","like_raid_coordonne|account_farm_creation_massive","3","3370","3370","3369"
"86d99be3-d1e2-407c-8e6b-87185e118eca","twitninfuser2315","2026-07-22T03:02:04.217Z","100","like_raid_coordonne|account_farm_creation_massive","3","3370","3370","3369"
"6f2d0979-fd15-4668-bb5e-233f76080815","twitninfuser2316","2026-07-22T03:02:04.217Z","100","like_raid_coordonne|account_farm_creation_massive","3","3370","3370","3369"
"ca98b3cf-fe0d-4ffe-bf8e-b1c7f7195b07","twitninfuser2317","2026-07-22T03:02:04.217Z","100","like_raid_coordonne|account_farm_creation_massive","3","3370","3370","3369"
"4527186d-9af0-4096-86e7-aa3f2c640c13","twitninfuser2318","2026-07-22T03:02:04.217Z","100","like_raid_coordonne|account_farm_creation_massive","3","3370","3370","3369"
"50f03120-d742-4ebb-a0e8-ca895a901ad5","twitninfuser2319","2026-07-22T03:02:04.217Z","100","like_raid_coordonne|account_farm_creation_massive","3","3370","3370","3369"
"bd1b6186-c1aa-4846-bcb4-56d83893b335","twitninfuser2320","2026-07-22T03:02:04.217Z","100","like_raid_coordonne|account_farm_creation_massive","3","3370","3370","3369"
"2521e316-d51b-4632-90f5-121dfc3bd8f8","twitninfuser2321","2026-07-22T03:02:04.217Z","100","like_raid_coordonne|account_farm_creation_massive","3","3370","3370","3369"
"c2d5ea6d-908e-4060-bdd0-1639f34f1548","twitninfuser2322","2026-07-22T03:02:04.217Z","100","like_raid_coordonne|account_farm_creation_massive","3","3370","3370","3369"
"c7296bcf-ecc7-464c-84aa-c549f6688bfd","twitninfuser2323","2026-07-22T03:02:04.217Z","100","like_raid_coordonne|account_farm_creation_massive","3","3370","3370","3369"
"e58aabcd-6575-4643-9252-442b78c621cb","twitninfuser2324","2026-07-22T03:02:04.217Z","100","like_raid_coordonne|account_farm_creation_massive","3","3370","3370","3369"
"acbb088f-dcdf-4e7d-b1a6-70a21aad3a64","twitninfuser2325","2026-07-22T03:02:04.217Z","100","like_raid_coordonne|account_farm_creation_massive","3","3370","3370","3369"
"a9900788-b334-414d-8048-7b95726b7474","twitninfuser2326","2026-07-22T03:02:04.217Z","100","like_raid_coordonne|account_farm_creation_massive","3","3370","3370","3369"
"2b432da2-cbeb-4c9c-b3bb-449a0999c9a6","twitninfuser2327","2026-07-22T03:02:04.217Z","100","like_raid_coordonne|account_farm_creation_massive","3","3370","3370","3369"
"be3ce1c0-bd94-41e5-9f71-0d98d0c94bc5","twitninfuser2328","2026-07-22T03:02:04.217Z","100","like_raid_coordonne|account_farm_creation_massive","3","3370","3370","3369"
"9f8d9023-9dbe-4e7a-b2cd-2c2bf3725596","twitninfuser2329","2026-07-22T03:02:04.217Z","100","like_raid_coordonne|account_farm_creation_massive","3","3370","3370","3369"
"5786112c-dbb6-468b-a417-5d902593f669","twitninfuser2330","2026-07-22T03:02:04.217Z","100","like_raid_coordonne|account_farm_creation_massive","3","3370","3370","3369"
"af978faf-6cc5-448a-b567-d0e82326e3d9","twitninfuser2331","2026-07-22T03:02:04.217Z","100","like_raid_coordonne|account_farm_creation_massive","3","3370","3370","3369"
"0f30db5e-99ac-4c4b-b646-ca56db086198","twitninfuser2332","2026-07-22T03:02:04.217Z","100","like_raid_coordonne|account_farm_creation_massive","3","3370","3370","3369"
"a6e7d1cc-b103-4c57-b563-9321188a0f97","twitninfuser2333","2026-07-22T03:02:04.217Z","100","like_raid_coordonne|account_farm_creation_massive","3","3370","3370","3369"
"649615ee-d6b0-4f14-abad-ecb071c17c43","twitninfuser2334","2026-07-22T03:02:04.217Z","100","like_raid_coordonne|account_farm_creation_massive","3","3370","3370","3369"
"8d05620a-8243-4cab-a618-5784ebba69f6","twitninfuser2335","2026-07-22T03:02:04.217Z","100","like_raid_coordonne|account_farm_creation_massive","3","3370","3370","3369"
"ef6ccb7c-c319-4583-a4d0-71eb6bbb0091","twitninfuser2336","2026-07-22T03:02:04.217Z","100","like_raid_coordonne|account_farm_creation_massive","3","3370","3370","3369"
"bac328d2-3e26-45c7-9582-6a9e427b7cc0","twitninfuser2337","2026-07-22T03:02:04.217Z","100","like_raid_coordonne|account_farm_creation_massive","3","3370","3370","3369"
"af245bca-2dd4-410f-bd3f-67a2c8071da8","twitninfuser2338","2026-07-22T03:02:04.217Z","100","like_raid_coordonne|account_farm_creation_massive","3","3370","3370","3369"
"c7143111-3188-4fb4-9765-50e97c95e3b5","twitninfuser2339","2026-07-22T03:02:04.217Z","100","like_raid_coordonne|account_farm_creation_massive","3","3370","3370","3369"
"f614eb4d-be0d-404c-bf29-5fb14082fad2","twitninfuser2340","2026-07-22T03:02:04.217Z","100","like_raid_coordonne|account_farm_creation_massive","3","3370","3370","3369"
"6e760695-76d4-4a01-bfd3-e6a323c6c140","twitninfuser2341","2026-07-22T03:02:04.217Z","100","like_raid_coordonne|account_farm_creation_massive","3","3370","3370","3369"
"3521a8aa-bf90-4b8e-9850-0e8a5bb24b5a","twitninfuser2342","2026-07-22T03:02:04.217Z","100","like_raid_coordonne|account_farm_creation_massive","3","3370","3370","3369"
"78061c8c-fb98-4cba-948f-2245cbe91411","twitninfuser2343","2026-07-22T03:02:04.217Z","100","like_raid_coordonne|account_farm_creation_massive","3","3370","3370","3369"
"ca95e8fb-ef08-44e9-8550-3a61ecab3a46","twitninfuser2344","2026-07-22T03:02:04.217Z","100","like_raid_coordonne|account_farm_creation_massive","3","3370","3370","3369"
"74833abd-805d-4484-b3d1-09b61fc7520c","twitninfuser2345","2026-07-22T03:02:04.217Z","100","like_raid_coordonne|account_farm_creation_massive","3","3370","3370","3369"
"37d53897-5f96-4b95-905d-4651fc4356b9","twitninfuser2346","2026-07-22T03:02:04.217Z","100","like_raid_coordonne|account_farm_creation_massive","3","3370","3370","3369"
"4ef27b12-400b-4f7d-add0-266267afbd58","twitninfuser2347","2026-07-22T03:02:04.217Z","100","like_raid_coordonne|account_farm_creation_massive","3","3370","3370","3369"
"47ace592-c184-4cec-8bc8-711a79b791a3","twitninfuser2348","2026-07-22T03:02:04.217Z","100","like_raid_coordonne|account_farm_creation_massive","3","3370","3370","3369"
"cdfe5efb-6f64-4e5e-8783-7496f2e7506e","twitninfuser2349","2026-07-22T03:02:04.217Z","100","like_raid_coordonne|account_farm_creation_massive","3","3370","3370","3369"
"79f33afb-86e0-48be-b5df-c601d307bb87","twitninfuser2350","2026-07-22T03:02:04.217Z","100","like_raid_coordonne|account_farm_creation_massive","3","3370","3370","3369"
"a6b61f25-4199-4335-ba64-ba1d5580f025","twitninfuser2351","2026-07-22T03:02:04.217Z","100","like_raid_coordonne|account_farm_creation_massive","3","3370","3370","3369"
"5f39c126-8a43-48b7-b1a0-a9f0a8d23cfb","twitninfuser2352","2026-07-22T03:02:04.217Z","100","like_raid_coordonne|account_farm_creation_massive","3","3370","3370","3369"
"0bacfc86-72dc-4bfa-811a-63ad44e080e5","twitninfuser2353","2026-07-22T03:02:04.217Z","100","like_raid_coordonne|account_farm_creation_massive","3","3370","3370","3369"
"7079d61e-e7fb-40be-a804-afe4b055fc84","twitninfuser2354","2026-07-22T03:02:04.217Z","100","like_raid_coordonne|account_farm_creation_massive","3","3370","3370","3369"
"2e0af1a7-73d2-449a-a6ea-6ea89849324b","twitninfuser2355","2026-07-22T03:02:04.217Z","100","like_raid_coordonne|account_farm_creation_massive","3","3370","3370","3369"
"a946b408-6758-4ed2-a58c-d13f915efb06","twitninfuser2356","2026-07-22T03:02:04.217Z","100","like_raid_coordonne|account_farm_creation_massive","3","3370","3370","3369"
"28f97ca5-1386-4ddd-8e44-06a2be7f8cb0","twitninfuser2357","2026-07-22T03:02:04.217Z","100","like_raid_coordonne|account_farm_creation_massive","3","3370","3370","3369"
"97021739-0465-48d7-8b9a-a49e1503ec63","twitninfuser2358","2026-07-22T03:02:04.217Z","100","like_raid_coordonne|account_farm_creation_massive","3","3370","3370","3369"
"305ff784-cfbd-43ff-8516-b18ac73a4a48","twitninfuser2359","2026-07-22T03:02:04.217Z","100","like_raid_coordonne|account_farm_creation_massive","3","3370","3370","3369"
"9fa402af-d211-443c-9a4f-8c273c6216d5","twitninfuser2360","2026-07-22T03:02:04.217Z","100","like_raid_coordonne|account_farm_creation_massive","3","3370","3370","3369"
"19414f12-2aef-4009-ad90-110c26eea047","twitninfuser2361","2026-07-22T03:02:04.217Z","100","like_raid_coordonne|account_farm_creation_massive","3","3370","3370","3369"
"b0280a42-42e6-44c1-8667-e589a1354af4","twitninfuser2362","2026-07-22T03:02:04.217Z","100","like_raid_coordonne|account_farm_creation_massive","3","3370","3370","3369"
"02a65e32-df82-4262-ae9c-8dc4e7d133da","twitninfuser2363","2026-07-22T03:02:04.217Z","100","like_raid_coordonne|account_farm_creation_massive","3","3370","3370","3369"
"45997718-8607-44e1-9bc6-5c335775562e","twitninfuser2364","2026-07-22T03:02:04.217Z","100","like_raid_coordonne|account_farm_creation_massive","3","3370","3370","3369"
"f3dbdd94-1fe2-45de-9df0-dc48f2c03743","twitninfuser2365","2026-07-22T03:02:04.217Z","100","like_raid_coordonne|account_farm_creation_massive","3","3370","3370","3369"
"87ff3226-2c29-4341-8642-3821432cf41b","twitninfuser2366","2026-07-22T03:02:04.217Z","100","like_raid_coordonne|account_farm_creation_massive","3","3370","3370","3369"
"a225ef98-b4f9-4111-896c-02e0159bb302","twitninfuser2367","2026-07-22T03:02:04.217Z","100","like_raid_coordonne|account_farm_creation_massive","3","3370","3370","3369"
"3608a521-1b82-44db-a171-14baf650dc22","twitninfuser2368","2026-07-22T03:02:04.217Z","100","like_raid_coordonne|account_farm_creation_massive","3","3370","3370","3369"
"42976a07-010a-4111-a51c-5da272304bf2","twitninfuser2369","2026-07-22T03:02:04.217Z","100","like_raid_coordonne|account_farm_creation_massive","3","3370","3370","3369"
"dac2ebba-d4e4-475c-a434-aee92523e7a5","twitninfuser2370","2026-07-22T03:02:04.217Z","100","like_raid_coordonne|account_farm_creation_massive","3","3370","3370","3369"
"f98f9597-aa26-438b-846b-6229bbf88d76","twitninfuser2371","2026-07-22T03:02:04.217Z","100","like_raid_coordonne|account_farm_creation_massive","3","3370","3370","3369"
"b79b48d7-6311-45da-8487-f1bc2d40b334","twitninfuser2372","2026-07-22T03:02:04.217Z","100","like_raid_coordonne|account_farm_creation_massive","3","3370","3370","3369"
"3b4de9fa-a0a2-4086-a053-dc51a48e57cb","twitninfuser2373","2026-07-22T03:02:04.217Z","100","like_raid_coordonne|account_farm_creation_massive","3","3370","3370","3369"
"cbe13107-193f-46e1-9ced-687f737c7f67","twitninfuser2374","2026-07-22T03:02:04.217Z","100","like_raid_coordonne|account_farm_creation_massive","3","3370","3370","3369"
"26ee6635-f847-4a7f-862c-4f75c0b2aebf","twitninfuser2375","2026-07-22T03:02:04.217Z","100","like_raid_coordonne|account_farm_creation_massive","3","3370","3370","3369"
"9d07b1df-e5b0-4205-b5d0-d500ea8a5726","twitninfuser2376","2026-07-22T03:02:04.217Z","100","like_raid_coordonne|account_farm_creation_massive","3","3370","3370","3369"
"8ea4bab7-8eb6-4627-bd5b-b23e99cdbac1","twitninfuser2377","2026-07-22T03:02:04.217Z","100","like_raid_coordonne|account_farm_creation_massive","3","3370","3370","3369"
"399140d2-6f52-4637-ae7e-7725961e69dd","twitninfuser2378","2026-07-22T03:02:04.217Z","100","like_raid_coordonne|account_farm_creation_massive","3","3370","3370","3369"
"3a45728c-d53b-4879-9544-53aa62f00909","twitninfuser2379","2026-07-22T03:02:04.217Z","100","like_raid_coordonne|account_farm_creation_massive","3","3370","3370","3369"
"c4ea11e5-64dc-4de4-a750-ecf48ac92f83","twitninfuser2380","2026-07-22T03:02:04.217Z","100","like_raid_coordonne|account_farm_creation_massive","3","3370","3370","3369"
"e5179f13-7cb6-4102-810f-0ff996b98cac","twitninfuser2381","2026-07-22T03:02:04.217Z","100","like_raid_coordonne|account_farm_creation_massive","3","3370","3370","3369"
"572f1e35-9974-4a2b-bbe9-f82db5eb0f8b","twitninfuser2382","2026-07-22T03:02:04.217Z","100","like_raid_coordonne|account_farm_creation_massive","3","3370","3370","3369"
"a245f2f4-1968-471b-a24f-ef593b824eec","twitninfuser2383","2026-07-22T03:02:04.217Z","100","like_raid_coordonne|account_farm_creation_massive","3","3370","3370","3369"
"25a0c071-d077-468c-9910-e48b38eb8bf1","twitninfuser2384","2026-07-22T03:02:04.217Z","100","like_raid_coordonne|account_farm_creation_massive","3","3370","3370","3369"
"9dae1441-08cd-4eaa-9c54-b3096522f1b5","twitninfuser2385","2026-07-22T03:02:04.217Z","100","like_raid_coordonne|account_farm_creation_massive","3","3370","3370","3369"
"0fe1d9ad-102a-40f0-9c3d-43cc2fabf3cc","twitninfuser2386","2026-07-22T03:02:04.217Z","100","like_raid_coordonne|account_farm_creation_massive","3","3370","3370","3369"
"3c79e539-b1b1-4587-9caf-5e6a71dc23fc","twitninfuser2387","2026-07-22T03:02:04.217Z","100","like_raid_coordonne|account_farm_creation_massive","3","3370","3370","3369"
"f2ee5003-de70-498c-b720-96575facd4e1","twitninfuser2388","2026-07-22T03:02:04.217Z","100","like_raid_coordonne|account_farm_creation_massive","3","3370","3370","3369"
"748d5d96-f74f-40f2-9690-bc0f381e6934","twitninfuser2389","2026-07-22T03:02:04.217Z","100","like_raid_coordonne|account_farm_creation_massive","3","3370","3370","3369"
"f40afd11-ddc4-405a-ad89-953ec8eb9e00","twitninfuser2390","2026-07-22T03:02:04.217Z","100","like_raid_coordonne|account_farm_creation_massive","3","3370","3370","3369"
"b736c0ff-cdfd-4948-b8da-4d8e9e1ffef1","twitninfuser2391","2026-07-22T03:02:04.217Z","100","like_raid_coordonne|account_farm_creation_massive","3","3370","3370","3369"
"ef9a30ac-8e21-4ade-9684-48d2414eadaa","twitninfuser2392","2026-07-22T03:02:04.217Z","100","like_raid_coordonne|account_farm_creation_massive","3","3370","3370","3369"
"96ad1829-929a-49a1-9b1a-3b3a1761bd34","twitninfuser2393","2026-07-22T03:02:04.217Z","100","like_raid_coordonne|account_farm_creation_massive","3","3370","3370","3369"
"3a8f6df3-c2d9-4606-a262-adc19a231a72","twitninfuser2394","2026-07-22T03:02:04.217Z","100","like_raid_coordonne|account_farm_creation_massive","3","3370","3370","3369"
"09cd4c3b-7e9b-433d-a195-ab72e16b8747","twitninfuser2395","2026-07-22T03:02:04.217Z","100","like_raid_coordonne|account_farm_creation_massive","3","3370","3370","3369"
"71f8ca62-7889-429d-b9ca-2c9f897bb875","twitninfuser2396","2026-07-22T03:02:04.217Z","100","like_raid_coordonne|account_farm_creation_massive","3","3370","3370","3369"
"3e1a426b-effb-4d6a-ae38-0a34a3901426","twitninfuser2397","2026-07-22T03:02:04.217Z","100","like_raid_coordonne|account_farm_creation_massive","3","3370","3370","3369"
"da7b4aee-25f4-4c15-b0da-305db375de10","twitninfuser2398","2026-07-22T03:02:04.217Z","100","like_raid_coordonne|account_farm_creation_massive","3","3370","3370","3369"
"74dc49c2-ceca-40e2-8410-164ee5d276f2","twitninfuser2399","2026-07-22T03:02:04.217Z","100","like_raid_coordonne|account_farm_creation_massive","3","3370","3370","3369"
"b14ed18b-8e6a-4386-a0fb-b9c14243db27","twitninfuser2400","2026-07-22T03:02:04.217Z","100","like_raid_coordonne|account_farm_creation_massive","3","3370","3370","3369"
"91a8ad37-c4e8-4d9e-be77-6881b1658dbb","twitninfuser2401","2026-07-22T03:02:04.217Z","100","like_raid_coordonne|account_farm_creation_massive","3","3370","3370","3369"
"69fe5044-7f38-46b5-b8a2-4cc0dcecaea7","twitninfuser2402","2026-07-22T03:02:04.217Z","100","like_raid_coordonne|account_farm_creation_massive","3","3370","3370","3369"
"85f387eb-e3cf-472e-ad1f-0bbbc8e8abd5","twitninfuser2403","2026-07-22T03:02:04.217Z","100","like_raid_coordonne|account_farm_creation_massive","3","3370","3370","3369"
"139f705b-bc2e-4f0f-b4ad-ea503559eb94","twitninfuser2404","2026-07-22T03:02:04.217Z","100","like_raid_coordonne|account_farm_creation_massive","3","3370","3370","3369"
"c9dc64cc-c764-48f7-a28b-148817f549c6","twitninfuser2405","2026-07-22T03:02:04.217Z","100","like_raid_coordonne|account_farm_creation_massive","3","3370","3370","3369"
"af6f6e7e-66e4-463f-a635-acdcf1688a0d","twitninfuser2406","2026-07-22T03:02:04.217Z","100","like_raid_coordonne|account_farm_creation_massive","3","3370","3370","3369"
"32b8c7fc-2b7e-4910-a06f-93a873d19a9b","twitninfuser2407","2026-07-22T03:02:04.217Z","100","like_raid_coordonne|account_farm_creation_massive","3","3370","3370","3369"
"6a5fffc7-353a-4226-9c01-fd88fab6937a","twitninfuser2408","2026-07-22T03:02:04.217Z","100","like_raid_coordonne|account_farm_creation_massive","3","3370","3370","3369"
"870347e7-6253-44f6-9925-667ee63c23fb","twitninfuser2409","2026-07-22T03:02:04.217Z","100","like_raid_coordonne|account_farm_creation_massive","3","3370","3370","3369"
"414dfea2-c617-490a-b6a4-f889ce7729ad","twitninfuser2410","2026-07-22T03:02:04.217Z","100","like_raid_coordonne|account_farm_creation_massive","3","3370","3370","3369"
"eb8c4367-0387-4b79-b04e-b978fb30b1f9","twitninfuser2411","2026-07-22T03:02:04.217Z","100","like_raid_coordonne|account_farm_creation_massive","3","3370","3370","3369"
"cb738681-110e-4cb8-bde8-590b33138695","twitninfuser2412","2026-07-22T03:02:04.217Z","100","like_raid_coordonne|account_farm_creation_massive","3","3370","3370","3369"
"df3fd1a8-229d-48f8-b92c-409c6b3bea49","twitninfuser2413","2026-07-22T03:02:04.217Z","100","like_raid_coordonne|account_farm_creation_massive","3","3370","3370","3369"
"5eea8313-4c36-4221-b4db-114ffc2d1daf","twitninfuser2414","2026-07-22T03:02:04.217Z","100","like_raid_coordonne|account_farm_creation_massive","3","3370","3370","3369"
"f3faf2ad-e459-455a-a67e-9276e3703c74","twitninfuser2415","2026-07-22T03:02:04.217Z","100","like_raid_coordonne|account_farm_creation_massive","3","3370","3370","3369"
"418ff1d5-a230-429e-9cde-22d521a3a0d7","twitninfuser2416","2026-07-22T03:02:04.217Z","100","like_raid_coordonne|account_farm_creation_massive","3","3370","3370","3369"
"455d3ebf-876d-4a9d-bf89-b9df5f77f174","twitninfuser2417","2026-07-22T03:02:04.217Z","100","like_raid_coordonne|account_farm_creation_massive","3","3370","3370","3369"
"760a81e8-c8f2-4b64-ae55-a403712bcf63","twitninfuser2418","2026-07-22T03:02:04.217Z","100","like_raid_coordonne|account_farm_creation_massive","3","3370","3370","3369"
"6547dda7-d821-40cc-86ae-8e0107ff5085","twitninfuser2419","2026-07-22T03:02:04.217Z","100","like_raid_coordonne|account_farm_creation_massive","3","3370","3370","3369"
"8174bedc-dd28-4ee6-a1ec-8c8fd8710d36","twitninfuser2420","2026-07-22T03:02:04.217Z","100","like_raid_coordonne|account_farm_creation_massive","3","3370","3370","3369"
"08799ffa-00b2-4f1a-8f3c-774c6a5587d2","twitninfuser2421","2026-07-22T03:02:04.217Z","100","like_raid_coordonne|account_farm_creation_massive","3","3370","3370","3369"
"4e9fe6b9-c6dd-4b43-934d-5d88a2162b8f","twitninfuser2422","2026-07-22T03:02:04.217Z","100","like_raid_coordonne|account_farm_creation_massive","3","3370","3370","3369"
"a9300af7-1519-4ce8-8457-3236dc790730","twitninfuser2423","2026-07-22T03:02:04.217Z","100","like_raid_coordonne|account_farm_creation_massive","3","3370","3370","3369"
"93e007ce-5617-4865-94c1-dbc30b1b066b","twitninfuser2424","2026-07-22T03:02:04.217Z","100","like_raid_coordonne|account_farm_creation_massive","3","3370","3370","3369"
"f4eb3267-102d-4808-8de2-b579eed511d3","twitninfuser2425","2026-07-22T03:02:04.217Z","100","like_raid_coordonne|account_farm_creation_massive","3","3370","3370","3369"
"95864e8e-b368-4e35-bcb3-711c76f0a569","twitninfuser2426","2026-07-22T03:02:04.217Z","100","like_raid_coordonne|account_farm_creation_massive","3","3370","3370","3369"
"b8d31edb-ef1b-493b-94d1-1b89dc6ea958","twitninfuser2427","2026-07-22T03:02:04.217Z","100","like_raid_coordonne|account_farm_creation_massive","3","3370","3370","3369"
"035edd13-b0c4-44bd-a98a-56f0d43f0fe7","twitninfuser2428","2026-07-22T03:02:04.217Z","100","like_raid_coordonne|account_farm_creation_massive","3","3370","3370","3369"
"b3cb6c62-e507-4021-a7b1-708f637fd226","twitninfuser2429","2026-07-22T03:02:04.217Z","100","like_raid_coordonne|account_farm_creation_massive","3","3370","3370","3369"
"9c71d611-6720-4e9b-83fe-5007661f6097","twitninfuser2430","2026-07-22T03:02:04.217Z","100","like_raid_coordonne|account_farm_creation_massive","3","3370","3370","3369"
"2d618bb0-2752-486c-8a3d-6b67038983cf","twitninfuser2431","2026-07-22T03:02:04.217Z","100","like_raid_coordonne|account_farm_creation_massive","3","3370","3370","3369"
"b345f7f1-10bc-4662-84da-9ae19afad091","twitninfuser2432","2026-07-22T03:02:04.217Z","100","like_raid_coordonne|account_farm_creation_massive","3","3370","3370","3369"
"f81aec73-3389-468b-b6b5-240d3f26a376","twitninfuser2433","2026-07-22T03:02:04.217Z","100","like_raid_coordonne|account_farm_creation_massive","3","3370","3370","3369"
"44d5b474-61b8-4f9d-94be-bc7f14d12b46","twitninfuser2434","2026-07-22T03:02:04.217Z","100","like_raid_coordonne|account_farm_creation_massive","3","3370","3370","3369"
"72d098f6-dad5-4fbd-a734-70cca4ac3f82","twitninfuser2435","2026-07-22T03:02:04.217Z","100","like_raid_coordonne|account_farm_creation_massive","3","3370","3370","3369"
"3e8f5a41-d0e3-42e8-a94f-a6c4e1194b8a","twitninfuser2436","2026-07-22T03:02:04.217Z","100","like_raid_coordonne|account_farm_creation_massive","3","3370","3370","3369"
"3f26e04f-183b-4d4d-aa21-4afca63afe6b","twitninfuser2437","2026-07-22T03:02:04.217Z","100","like_raid_coordonne|account_farm_creation_massive","3","3370","3370","3369"
"145f7ec4-d50f-4497-85de-661ad1a48ee8","twitninfuser2438","2026-07-22T03:02:04.217Z","100","like_raid_coordonne|account_farm_creation_massive","3","3370","3370","3369"
"436d4c81-0d78-4fca-a711-8e518c562196","twitninfuser2439","2026-07-22T03:02:04.217Z","100","like_raid_coordonne|account_farm_creation_massive","3","3370","3370","3369"
"c68cf234-2d43-494b-9b9c-00da8272b296","twitninfuser2440","2026-07-22T03:02:04.217Z","100","like_raid_coordonne|account_farm_creation_massive","3","3370","3370","3369"
"67c6207f-e316-4b91-8ee4-d86d086709e0","twitninfuser2441","2026-07-22T03:02:04.217Z","100","like_raid_coordonne|account_farm_creation_massive","3","3370","3370","3369"
"d70c1f46-bba2-48d7-9827-568efbf5b19f","twitninfuser2442","2026-07-22T03:02:04.217Z","100","like_raid_coordonne|account_farm_creation_massive","3","3370","3370","3369"
"f0d44af9-9b2a-4d65-8628-bd2f9d6c62a4","twitninfuser2443","2026-07-22T03:02:04.217Z","100","like_raid_coordonne|account_farm_creation_massive","3","3370","3370","3369"
"b0f0bc58-8568-44b9-8567-d03e35b8a369","twitninfuser2444","2026-07-22T03:02:04.217Z","100","like_raid_coordonne|account_farm_creation_massive","3","3370","3370","3369"
"578e1cb2-f677-4000-af88-51d9f15b6d02","twitninfuser2445","2026-07-22T03:02:04.217Z","100","like_raid_coordonne|account_farm_creation_massive","3","3370","3370","3369"
"a8e5fb29-e7af-4b3e-90fe-f8e11ac159d4","twitninfuser2446","2026-07-22T03:02:04.217Z","100","like_raid_coordonne|account_farm_creation_massive","3","3370","3370","3369"
"e9bfb783-176b-43e1-8aa7-d899e77bbedd","twitninfuser2447","2026-07-22T03:02:04.217Z","100","like_raid_coordonne|account_farm_creation_massive","3","3370","3370","3369"
"19f30da7-934a-4df4-ad0a-ac0fb9016558","twitninfuser2448","2026-07-22T03:02:04.217Z","100","like_raid_coordonne|account_farm_creation_massive","3","3370","3370","3369"
"4434cf0a-0e4f-4162-bddc-10c79bc9790f","twitninfuser2449","2026-07-22T03:02:04.217Z","100","like_raid_coordonne|account_farm_creation_massive","3","3370","3370","3369"
"83876f7b-1eb0-4485-b3bc-60b6b9870b6f","twitninfuser2450","2026-07-22T03:02:04.217Z","100","like_raid_coordonne|account_farm_creation_massive","3","3370","3370","3369"
"f9928db4-70bd-45cc-ad29-179310a193fb","twitninfuser2451","2026-07-22T03:02:04.217Z","100","like_raid_coordonne|account_farm_creation_massive","3","3370","3370","3369"
"c0e5f258-af40-4ac4-84d0-38c4867020fe","twitninfuser2452","2026-07-22T03:02:04.217Z","100","like_raid_coordonne|account_farm_creation_massive","3","3370","3370","3369"
"e8788672-e12a-4734-a228-ec2889451f7b","twitninfuser2453","2026-07-22T03:02:04.217Z","100","like_raid_coordonne|account_farm_creation_massive","3","3370","3370","3369"
"4796096a-6dec-4b43-bf0d-613c27bad8f2","twitninfuser2454","2026-07-22T03:02:04.217Z","100","like_raid_coordonne|account_farm_creation_massive","3","3370","3370","3369"
"d86fa791-6132-472f-bbb8-8a3f7a692b32","twitninfuser2455","2026-07-22T03:02:04.217Z","100","like_raid_coordonne|account_farm_creation_massive","3","3370","3370","3369"
"88daa445-ddaf-47ce-beda-591e7d95e7bb","twitninfuser2456","2026-07-22T03:02:04.217Z","100","like_raid_coordonne|account_farm_creation_massive","3","3370","3370","3369"
"052e0884-2d11-4861-8357-76f20d1e67d9","twitninfuser2457","2026-07-22T03:02:04.217Z","100","like_raid_coordonne|account_farm_creation_massive","3","3370","3370","3369"
"7c79abd1-9efb-48d1-a2e1-13a9e8234512","twitninfuser2458","2026-07-22T03:02:04.217Z","100","like_raid_coordonne|account_farm_creation_massive","3","3370","3370","3369"
"1e9cfdad-a72a-4f53-8dce-0af8632dee66","twitninfuser2459","2026-07-22T03:02:04.217Z","100","like_raid_coordonne|account_farm_creation_massive","3","3370","3370","3369"
"6aafc812-d6c4-40bf-95aa-17004230ce38","twitninfuser2460","2026-07-22T03:02:04.217Z","100","like_raid_coordonne|account_farm_creation_massive","3","3370","3370","3369"
"6d194c6d-e20a-4b3c-9284-447b8376c2c9","twitninfuser2461","2026-07-22T03:02:04.217Z","100","like_raid_coordonne|account_farm_creation_massive","3","3370","3370","3369"
"a04b336d-7fa3-4ae5-8e58-13a4cbb25758","twitninfuser2462","2026-07-22T03:02:04.217Z","100","like_raid_coordonne|account_farm_creation_massive","3","3370","3370","3369"
"f891f971-4ce4-466c-9301-617e4eb942b1","twitninfuser2463","2026-07-22T03:02:04.217Z","100","like_raid_coordonne|account_farm_creation_massive","3","3370","3370","3369"
"4df3c214-a9db-4843-9ad7-3ce655bd02aa","twitninfuser2464","2026-07-22T03:02:04.217Z","100","like_raid_coordonne|account_farm_creation_massive","3","3370","3370","3369"
"94c4fb0f-07f2-4856-b35d-921089bc2ca5","twitninfuser2465","2026-07-22T03:02:04.217Z","100","like_raid_coordonne|account_farm_creation_massive","3","3370","3370","3369"
"e87da266-610c-4395-96e0-a9f4452cf56a","twitninfuser2466","2026-07-22T03:02:04.217Z","100","like_raid_coordonne|account_farm_creation_massive","3","3370","3370","3369"
"71bda0f7-cd80-494b-bc41-f6d14fe33b07","twitninfuser2467","2026-07-22T03:02:04.217Z","100","like_raid_coordonne|account_farm_creation_massive","3","3370","3370","3369"
"d6625b5f-449a-4bcc-860c-fc0ef5f92a67","twitninfuser2468","2026-07-22T03:02:04.217Z","100","like_raid_coordonne|account_farm_creation_massive","3","3370","3370","3369"
"f6328583-bf17-4dec-b701-3b57162d572d","twitninfuser2469","2026-07-22T03:02:04.217Z","100","like_raid_coordonne|account_farm_creation_massive","3","3370","3370","3369"
"b06d0a47-c5df-4b64-ae71-0bf10f4ff6d5","twitninfuser2470","2026-07-22T03:02:04.217Z","100","like_raid_coordonne|account_farm_creation_massive","3","3370","3370","3369"
"3b8845df-c40c-4594-88f1-d2b2979ab054","twitninfuser2471","2026-07-22T03:02:04.217Z","100","like_raid_coordonne|account_farm_creation_massive","3","3370","3370","3369"
"04de4db8-9153-47de-834d-db4ebb5a41c8","twitninfuser2472","2026-07-22T03:02:04.217Z","100","like_raid_coordonne|account_farm_creation_massive","3","3370","3370","3369"
"a4ca86ee-a886-4b7f-925e-5d2ba1d11b1c","twitninfuser2473","2026-07-22T03:02:04.217Z","100","like_raid_coordonne|account_farm_creation_massive","3","3370","3370","3369"
"26b8e57c-2aac-4581-b56c-5b0795b66c18","twitninfuser2474","2026-07-22T03:02:04.217Z","100","like_raid_coordonne|account_farm_creation_massive","3","3370","3370","3369"
"15bf9628-8805-4697-b34f-d985b8f2d39d","twitninfuser2475","2026-07-22T03:02:04.217Z","100","like_raid_coordonne|account_farm_creation_massive","3","3370","3370","3369"
"21002649-5b38-4da7-907c-ffba63e6c9fa","twitninfuser2476","2026-07-22T03:02:04.217Z","100","like_raid_coordonne|account_farm_creation_massive","3","3370","3370","3369"
"ec335ce9-10b3-462b-9fed-c9b776fdf93a","twitninfuser2477","2026-07-22T03:02:04.217Z","100","like_raid_coordonne|account_farm_creation_massive","3","3370","3370","3369"
"462dd90c-53db-4389-9311-0220782e29c2","twitninfuser2478","2026-07-22T03:02:04.217Z","100","like_raid_coordonne|account_farm_creation_massive","3","3370","3370","3369"
"d685545b-d172-42ce-ad1b-ff3a55d91bf5","twitninfuser2479","2026-07-22T03:02:04.217Z","100","like_raid_coordonne|account_farm_creation_massive","3","3370","3370","3369"
"499a48bf-76bc-42b9-92d7-aea1a6f8d1ff","twitninfuser2480","2026-07-22T03:02:04.217Z","100","like_raid_coordonne|account_farm_creation_massive","3","3370","3370","3369"
"478efa66-9ba7-422b-9f17-8e4ef4d357dd","twitninfuser2481","2026-07-22T03:02:04.217Z","100","like_raid_coordonne|account_farm_creation_massive","3","3370","3370","3369"
"3ab40306-65c9-4152-b0eb-542823cda116","twitninfuser2482","2026-07-22T03:02:04.217Z","100","like_raid_coordonne|account_farm_creation_massive","3","3370","3370","3369"
"4b9c344e-4f69-49a7-be3c-b920af9f1718","twitninfuser2483","2026-07-22T03:02:04.217Z","100","like_raid_coordonne|account_farm_creation_massive","3","3370","3370","3369"
"23a4eae9-21df-4200-a946-65566d7f8bd5","twitninfuser2484","2026-07-22T03:02:04.217Z","100","like_raid_coordonne|account_farm_creation_massive","3","3370","3370","3369"
"d77c8db8-8417-4bd0-8d05-5a3ba96e797d","twitninfuser2485","2026-07-22T03:02:04.217Z","100","like_raid_coordonne|account_farm_creation_massive","3","3370","3370","3369"
"df3d417f-5e2d-4616-8f7b-bf7418c9efbf","twitninfuser2486","2026-07-22T03:02:04.217Z","100","like_raid_coordonne|account_farm_creation_massive","3","3370","3370","3369"
"bbf6ed5b-efb0-4ac9-9843-031aff9e2954","twitninfuser2487","2026-07-22T03:02:04.217Z","100","like_raid_coordonne|account_farm_creation_massive","3","3370","3370","3369"
"3f0e8478-c04a-4e9f-ab03-677593a90c61","twitninfuser2488","2026-07-22T03:02:04.217Z","100","like_raid_coordonne|account_farm_creation_massive","3","3370","3370","3369"
"914b0389-adb6-43bb-acc6-d358103dd101","twitninfuser2489","2026-07-22T03:02:04.217Z","100","like_raid_coordonne|account_farm_creation_massive","3","3370","3370","3369"
"60a9777c-1784-4ec8-902e-1db90631a06d","twitninfuser2490","2026-07-22T03:02:04.217Z","100","like_raid_coordonne|account_farm_creation_massive","3","3370","3370","3369"
"cc4c65fc-093c-4a9f-bdfd-dfb0c9aedec8","twitninfuser2491","2026-07-22T03:02:04.217Z","100","like_raid_coordonne|account_farm_creation_massive","3","3370","3370","3369"
"83d9de2d-f01d-443d-b7bd-8a307557094c","twitninfuser2492","2026-07-22T03:02:04.217Z","100","like_raid_coordonne|account_farm_creation_massive","3","3370","3370","3369"
"1ac30feb-d77d-41a6-b8f9-6ecb318a48b6","twitninfuser2493","2026-07-22T03:02:04.217Z","100","like_raid_coordonne|account_farm_creation_massive","3","3370","3370","3369"
"91692094-533a-461d-b8ff-e9a62ce4d566","twitninfuser2494","2026-07-22T03:02:04.217Z","100","like_raid_coordonne|account_farm_creation_massive","3","3370","3370","3369"
"2507c170-85ea-4693-b73c-330dfd096fc1","twitninfuser2495","2026-07-22T03:02:04.217Z","100","like_raid_coordonne|account_farm_creation_massive","3","3370","3370","3369"
"3aaf1bd8-9dc3-463d-bcbb-fc77fa39074e","twitninfuser2496","2026-07-22T03:02:04.217Z","100","like_raid_coordonne|account_farm_creation_massive","3","3370","3370","3369"
"83444f4b-60db-44ce-8de4-72304603d633","twitninfuser2497","2026-07-22T03:02:04.217Z","100","like_raid_coordonne|account_farm_creation_massive","3","3370","3370","3369"
"da1bd7d6-e5b3-4efd-b513-ca549ed18e54","twitninfuser2498","2026-07-22T03:02:04.217Z","100","like_raid_coordonne|account_farm_creation_massive","3","3370","3370","3369"
"fab28138-9ff6-4f3b-9903-c3953660a22a","twitninfuser2499","2026-07-22T03:02:04.217Z","100","like_raid_coordonne|account_farm_creation_massive","3","3370","3370","3369"
"112c7b04-bec9-4de6-bc78-b76d8b750bd0","twitninfuser2500","2026-07-22T03:02:04.217Z","100","like_raid_coordonne|account_farm_creation_massive","3","3370","3370","3369"
"054494d3-7ecb-4f23-a936-1c51f4e79d41","twitninfuser2501","2026-07-22T03:02:04.217Z","100","like_raid_coordonne|account_farm_creation_massive","3","3370","3370","3369"
"c753dbb6-2f84-45b2-8d3a-b8d82b4f3f91","twitninfuser2502","2026-07-22T03:02:04.217Z","100","like_raid_coordonne|account_farm_creation_massive","3","3370","3370","3369"
"b680f66e-c363-4107-a6a9-383501e4cfb5","twitninfuser2503","2026-07-22T03:02:04.217Z","100","like_raid_coordonne|account_farm_creation_massive","3","3370","3370","3369"
"dca80423-9816-4407-9cc7-614fb0efea22","twitninfuser2504","2026-07-22T03:02:04.217Z","100","like_raid_coordonne|account_farm_creation_massive","3","3370","3370","3369"
"1bb6f616-1496-4724-a5a6-3588ad1c0045","twitninfuser2505","2026-07-22T03:02:04.217Z","100","like_raid_coordonne|account_farm_creation_massive","3","3370","3370","3369"
"2849a978-dae0-4fa3-824a-feb0006fd403","twitninfuser2506","2026-07-22T03:02:04.217Z","100","like_raid_coordonne|account_farm_creation_massive","3","3370","3370","3369"
"92a5c2d6-bd39-4b46-8d20-ed54c4d855e9","twitninfuser2507","2026-07-22T03:02:04.217Z","100","like_raid_coordonne|account_farm_creation_massive","3","3370","3370","3369"
"6683bf2c-9656-4023-aed4-9e58576a912c","twitninfuser2508","2026-07-22T03:02:04.217Z","100","like_raid_coordonne|account_farm_creation_massive","3","3370","3370","3369"
"3e672f52-e468-48ec-9e7f-1868d031e95f","twitninfuser2509","2026-07-22T03:02:04.217Z","100","like_raid_coordonne|account_farm_creation_massive","3","3370","3370","3369"
"7bc20751-715a-40ce-a835-37ad4d3239ca","twitninfuser2510","2026-07-22T03:02:04.217Z","100","like_raid_coordonne|account_farm_creation_massive","3","3370","3370","3369"
"8083963e-3af2-4c30-9e98-62345c736c4a","twitninfuser2511","2026-07-22T03:02:04.217Z","100","like_raid_coordonne|account_farm_creation_massive","3","3370","3370","3369"
"f4ee4215-8851-4ac7-909c-5961b4d0c844","twitninfuser2512","2026-07-22T03:02:04.217Z","100","like_raid_coordonne|account_farm_creation_massive","3","3370","3370","3369"
"d7bb6d80-f3fc-44fc-962f-ecc400442911","twitninfuser2513","2026-07-22T03:02:04.217Z","100","like_raid_coordonne|account_farm_creation_massive","3","3370","3370","3369"
"b2d08fa0-741b-428d-b27c-ffbbe07aa140","twitninfuser2514","2026-07-22T03:02:04.217Z","100","like_raid_coordonne|account_farm_creation_massive","3","3370","3370","3369"
"5bdc41bc-517c-4e41-891b-5d02bc71e986","twitninfuser2515","2026-07-22T03:02:04.217Z","100","like_raid_coordonne|account_farm_creation_massive","3","3370","3370","3369"
"dfdb8ad7-2a10-4526-a24a-52a046be1cd2","twitninfuser2516","2026-07-22T03:02:04.217Z","100","like_raid_coordonne|account_farm_creation_massive","3","3370","3370","3369"
"7e9e35ad-2629-4f5a-9bfa-cf7bca0216ab","twitninfuser2517","2026-07-22T03:02:04.217Z","100","like_raid_coordonne|account_farm_creation_massive","3","3370","3370","3369"
"de3f25a7-6481-4637-abf8-a581df9a40dc","twitninfuser2518","2026-07-22T03:02:04.217Z","100","like_raid_coordonne|account_farm_creation_massive","3","3370","3370","3369"
"acc0668a-63d8-41dd-b82d-2589558763ea","twitninfuser2519","2026-07-22T03:02:04.217Z","100","like_raid_coordonne|account_farm_creation_massive","3","3370","3370","3369"
"6dbe11f1-0f57-45e6-bbd2-00be5a160980","twitninfuser2520","2026-07-22T03:02:04.217Z","100","like_raid_coordonne|account_farm_creation_massive","3","3370","3370","3369"
"e64cd975-ae44-4f38-bb95-520b52ba0ac8","twitninfuser2521","2026-07-22T03:02:04.217Z","100","like_raid_coordonne|account_farm_creation_massive","3","3370","3370","3369"
"579234e4-492a-4169-9221-b94d9591087e","twitninfuser2522","2026-07-22T03:02:04.217Z","100","like_raid_coordonne|account_farm_creation_massive","3","3370","3370","3369"
"0127e512-fec4-4874-8b60-a32ef9c04416","twitninfuser2523","2026-07-22T03:02:04.217Z","100","like_raid_coordonne|account_farm_creation_massive","3","3370","3370","3369"
"d625e27b-b2eb-464d-b825-2d5911ece55b","twitninfuser2524","2026-07-22T03:02:04.217Z","100","like_raid_coordonne|account_farm_creation_massive","3","3370","3370","3369"
"aae18006-625a-4275-90fb-c9142354dbac","twitninfuser2525","2026-07-22T03:02:04.217Z","100","like_raid_coordonne|account_farm_creation_massive","3","3370","3370","3369"
"7c10f666-fb7d-4e6c-9ba1-ebb4d7d8d58d","twitninfuser2526","2026-07-22T03:02:04.217Z","100","like_raid_coordonne|account_farm_creation_massive","3","3370","3370","3369"
"684fde0e-1771-415a-96f5-c589646aded2","twitninfuser2527","2026-07-22T03:02:04.217Z","100","like_raid_coordonne|account_farm_creation_massive","3","3370","3370","3369"
"5bc36967-ca4d-46c2-a63e-1419a2e2a363","twitninfuser2528","2026-07-22T03:02:04.217Z","100","like_raid_coordonne|account_farm_creation_massive","3","3370","3370","3369"
"35be2f96-29e6-4e5e-8044-90315acf9cc8","twitninfuser2529","2026-07-22T03:02:04.217Z","100","like_raid_coordonne|account_farm_creation_massive","3","3370","3370","3369"
"8eb3cd7d-0a7d-4778-9ff4-e42da377e917","twitninfuser2530","2026-07-22T03:02:04.217Z","100","like_raid_coordonne|account_farm_creation_massive","3","3370","3370","3369"
"215b91fb-05ce-4394-bac5-3205e7e62eec","twitninfuser2531","2026-07-22T03:02:04.217Z","100","like_raid_coordonne|account_farm_creation_massive","3","3370","3370","3369"
"0a619c95-3dc7-408e-a32b-78c0fad41130","twitninfuser2532","2026-07-22T03:02:04.217Z","100","like_raid_coordonne|account_farm_creation_massive","3","3370","3370","3369"
"342dbe92-d100-44b0-b2fb-f72de23fbaba","twitninfuser2533","2026-07-22T03:02:04.217Z","100","like_raid_coordonne|account_farm_creation_massive","3","3370","3370","3369"
"061fdcbb-a2f2-46ca-8b32-e9f7f958ca51","twitninfuser2534","2026-07-22T03:02:04.217Z","100","like_raid_coordonne|account_farm_creation_massive","3","3370","3370","3369"
"8e155462-a160-45b1-8a1d-714023f9ead2","twitninfuser2535","2026-07-22T03:02:04.217Z","100","like_raid_coordonne|account_farm_creation_massive","3","3370","3370","3369"
"8a351ebf-240e-4a83-8249-ff23bbb775cb","twitninfuser2536","2026-07-22T03:02:04.217Z","100","like_raid_coordonne|account_farm_creation_massive","3","3370","3370","3369"
"b7dc6a0e-4253-41c7-be59-5f26d7403cd0","twitninfuser2537","2026-07-22T03:02:04.217Z","100","like_raid_coordonne|account_farm_creation_massive","3","3370","3370","3369"
"915abc61-4f9d-4499-a87c-965e2846b40f","twitninfuser2538","2026-07-22T03:02:04.217Z","100","like_raid_coordonne|account_farm_creation_massive","3","3370","3370","3369"
"f49c6a86-c937-41b2-9777-81ce92c0f749","twitninfuser2539","2026-07-22T03:02:04.217Z","100","like_raid_coordonne|account_farm_creation_massive","3","3370","3370","3369"
"38d56d36-3c1f-4960-8a34-642e51a204d1","twitninfuser2540","2026-07-22T03:02:04.217Z","100","like_raid_coordonne|account_farm_creation_massive","3","3370","3370","3369"
"c068356d-3217-40fc-a812-9ffc3955cb85","twitninfuser2541","2026-07-22T03:02:04.217Z","100","like_raid_coordonne|account_farm_creation_massive","3","3370","3370","3369"
"808d8e3f-38c4-4685-8fb2-6f15982e4b8f","twitninfuser2542","2026-07-22T03:02:04.217Z","100","like_raid_coordonne|account_farm_creation_massive","3","3370","3370","3369"
"89f81307-9e2c-446c-9a5a-8a5ee441feac","twitninfuser2543","2026-07-22T03:02:04.217Z","100","like_raid_coordonne|account_farm_creation_massive","3","3370","3370","3369"
"463b39f7-ebc4-4e21-9ffa-50e148ed889b","twitninfuser2544","2026-07-22T03:02:04.217Z","100","like_raid_coordonne|account_farm_creation_massive","3","3370","3370","3369"
"09f62260-5657-4e3d-98bc-b98fb1fcf3aa","twitninfuser2545","2026-07-22T03:02:04.217Z","100","like_raid_coordonne|account_farm_creation_massive","3","3370","3370","3369"
"d65f5c53-d733-4604-a641-5b996f163056","twitninfuser2546","2026-07-22T03:02:04.217Z","100","like_raid_coordonne|account_farm_creation_massive","3","3370","3370","3369"
"7fb0ef81-06c7-44cd-b6c2-b5320a3a2f0c","twitninfuser2547","2026-07-22T03:02:04.217Z","100","like_raid_coordonne|account_farm_creation_massive","3","3370","3370","3369"
"a69a7ecc-4cf7-460b-8485-70a58e6b8762","twitninfuser2548","2026-07-22T03:02:04.217Z","100","like_raid_coordonne|account_farm_creation_massive","3","3370","3370","3369"
"af43f236-39b0-443e-a69e-416446baa3fa","twitninfuser2549","2026-07-22T03:02:04.217Z","100","like_raid_coordonne|account_farm_creation_massive","3","3370","3370","3369"
"8f556851-aa48-4b47-94bb-63d4ce51f651","twitninfuser2550","2026-07-22T03:02:04.217Z","100","like_raid_coordonne|account_farm_creation_massive","3","3370","3370","3369"
"ddf9c70a-6602-4b4c-ba2e-25fd466ebd74","twitninfuser2551","2026-07-22T03:02:04.217Z","100","like_raid_coordonne|account_farm_creation_massive","3","3370","3370","3369"
"d429dafa-543b-42d6-80df-1709d3f8a1aa","twitninfuser2552","2026-07-22T03:02:04.217Z","100","like_raid_coordonne|account_farm_creation_massive","3","3370","3370","3369"
"643170fa-6e3a-4318-8f35-2a1ef36dabac","twitninfuser2553","2026-07-22T03:02:04.217Z","100","like_raid_coordonne|account_farm_creation_massive","3","3370","3370","3369"
"6e40339c-b22a-4abc-a07d-d1e11e757591","twitninfuser2554","2026-07-22T03:02:04.217Z","100","like_raid_coordonne|account_farm_creation_massive","3","3370","3370","3369"
"d0e5bc87-fbf5-422a-bcda-258792e5787c","twitninfuser2555","2026-07-22T03:02:04.217Z","100","like_raid_coordonne|account_farm_creation_massive","3","3370","3370","3369"
"d2578ec0-8c05-45ac-8ac1-887cd5f897fa","twitninfuser2556","2026-07-22T03:02:04.217Z","100","like_raid_coordonne|account_farm_creation_massive","3","3370","3370","3369"
"6596e5c1-c46c-4e6e-b562-b95b4cd6f7ac","twitninfuser2557","2026-07-22T03:02:04.217Z","100","like_raid_coordonne|account_farm_creation_massive","3","3370","3370","3369"
"ca803a4a-fff9-43d5-a68b-434837dc0d7f","twitninfuser2558","2026-07-22T03:02:04.217Z","100","like_raid_coordonne|account_farm_creation_massive","3","3370","3370","3369"
"f285c0fa-0a98-45e7-ac5d-fe99ae02e550","twitninfuser2559","2026-07-22T03:02:04.217Z","100","like_raid_coordonne|account_farm_creation_massive","3","3370","3370","3369"
"daf567fa-3bb0-4f8a-90c1-b6adbb8363b2","twitninfuser2560","2026-07-22T03:02:04.217Z","100","like_raid_coordonne|account_farm_creation_massive","3","3370","3370","3369"
"a32a86ac-1ca0-4ee2-958c-b1cb95e5162b","twitninfuser2561","2026-07-22T03:02:04.217Z","100","like_raid_coordonne|account_farm_creation_massive","3","3370","3370","3369"
"46af95aa-bbba-43b8-b1a5-cef2e5bc6f3e","twitninfuser2562","2026-07-22T03:02:04.217Z","100","like_raid_coordonne|account_farm_creation_massive","3","3370","3370","3369"
"644cb1f5-dde0-4ed4-872c-31468e895a77","twitninfuser2563","2026-07-22T03:02:04.217Z","100","like_raid_coordonne|account_farm_creation_massive","3","3370","3370","3369"
"8e79492c-bb6e-4744-a417-9bc06f20d844","twitninfuser2564","2026-07-22T03:02:04.217Z","100","like_raid_coordonne|account_farm_creation_massive","3","3370","3370","3369"
"e6ba520f-ffee-45c7-a6f4-8f938ab6bd39","twitninfuser2565","2026-07-22T03:02:04.217Z","100","like_raid_coordonne|account_farm_creation_massive","3","3370","3370","3369"
"cedb99aa-2db4-4173-a2e0-fd97b64ee5e8","twitninfuser2566","2026-07-22T03:02:04.217Z","100","like_raid_coordonne|account_farm_creation_massive","3","3370","3370","3369"
"cd8c7965-42be-4d75-b273-22ca30bf9ead","twitninfuser2567","2026-07-22T03:02:04.217Z","100","like_raid_coordonne|account_farm_creation_massive","3","3370","3370","3369"
"c983838f-deb8-404c-b7e3-ee7c694bca04","twitninfuser2568","2026-07-22T03:02:04.217Z","100","like_raid_coordonne|account_farm_creation_massive","3","3370","3370","3369"
"094cb98c-6649-4ae8-b6c9-31131cbecbc6","twitninfuser2569","2026-07-22T03:02:04.217Z","100","like_raid_coordonne|account_farm_creation_massive","3","3370","3370","3369"
"ee958d98-07d9-4c0b-a9fc-9cae51e7705f","twitninfuser2570","2026-07-22T03:02:04.217Z","100","like_raid_coordonne|account_farm_creation_massive","3","3370","3370","3369"
"9770d362-9bb9-421d-88ba-ae0e165e2d90","twitninfuser2571","2026-07-22T03:02:04.217Z","100","like_raid_coordonne|account_farm_creation_massive","3","3370","3370","3369"
"13d49046-48dd-4e00-8dc8-1e972b973172","twitninfuser2572","2026-07-22T03:02:04.217Z","100","like_raid_coordonne|account_farm_creation_massive","3","3370","3370","3369"
"6aee07ee-e0f8-48f6-878d-cd9f7b2880ea","twitninfuser2573","2026-07-22T03:02:04.217Z","100","like_raid_coordonne|account_farm_creation_massive","3","3370","3370","3369"
"d3bb52e7-bf8f-4a36-aac5-5dc7026b0b88","twitninfuser2574","2026-07-22T03:02:04.217Z","100","like_raid_coordonne|account_farm_creation_massive","3","3370","3370","3369"
"1fc978d4-4e4b-404d-b473-dfa1c2542a5d","twitninfuser2575","2026-07-22T03:02:04.217Z","100","like_raid_coordonne|account_farm_creation_massive","3","3370","3370","3369"
"5e6393a2-419c-447f-8598-e5607afe28ed","twitninfuser2576","2026-07-22T03:02:04.217Z","100","like_raid_coordonne|account_farm_creation_massive","3","3370","3370","3369"
"03cbc26e-44fd-4b74-bd72-59f3f7c77467","twitninfuser2577","2026-07-22T03:02:04.217Z","100","like_raid_coordonne|account_farm_creation_massive","3","3370","3370","3369"
"5ede0b0d-fce9-40d9-8027-228b28596ba9","twitninfuser2578","2026-07-22T03:02:04.217Z","100","like_raid_coordonne|account_farm_creation_massive","3","3370","3370","3369"
"7dd85c32-6366-4135-acaa-ec796a56bddd","twitninfuser2579","2026-07-22T03:02:04.217Z","100","like_raid_coordonne|account_farm_creation_massive","3","3370","3370","3369"
"7f910fcb-28b5-4f3f-a6d7-d984a9610aa5","twitninfuser2580","2026-07-22T03:02:04.217Z","100","like_raid_coordonne|account_farm_creation_massive","3","3370","3370","3369"
"3b54d53f-10fa-4434-aad7-a10ab1bce8c5","twitninfuser2581","2026-07-22T03:02:04.217Z","100","like_raid_coordonne|account_farm_creation_massive","3","3370","3370","3369"
"f5b793b3-62c4-473c-87cd-9b2c63cadb4c","twitninfuser2582","2026-07-22T03:02:04.217Z","100","like_raid_coordonne|account_farm_creation_massive","3","3370","3370","3369"
"cd530f60-ffc4-4c98-b3e3-f5732874412a","twitninfuser2583","2026-07-22T03:02:04.217Z","100","like_raid_coordonne|account_farm_creation_massive","3","3370","3370","3369"
"597e29fc-8050-4e06-8354-b030db2e6154","twitninfuser2584","2026-07-22T03:02:04.217Z","100","like_raid_coordonne|account_farm_creation_massive","3","3370","3370","3369"
"7538f91b-40d8-4d4c-91fb-2a4294ad53c7","twitninfuser2585","2026-07-22T03:02:04.217Z","100","like_raid_coordonne|account_farm_creation_massive","3","3370","3370","3369"
"4f613e98-1c29-4570-8843-498d2a7bf546","twitninfuser2586","2026-07-22T03:02:04.217Z","100","like_raid_coordonne|account_farm_creation_massive","3","3370","3370","3369"
"854858d3-7a33-4586-98eb-2858cbc0be2d","twitninfuser2587","2026-07-22T03:02:04.217Z","100","like_raid_coordonne|account_farm_creation_massive","3","3370","3370","3369"
"a731ff87-3ba7-4aea-85e9-60bdcaf29a7a","twitninfuser2588","2026-07-22T03:02:04.217Z","100","like_raid_coordonne|account_farm_creation_massive","3","3370","3370","3369"
"728f68bd-812b-4522-96c7-dfadd929ae53","twitninfuser2589","2026-07-22T03:02:04.217Z","100","like_raid_coordonne|account_farm_creation_massive","3","3370","3370","3369"
"3b97f14b-3355-4cfe-a948-015baca5f1f7","twitninfuser2590","2026-07-22T03:02:04.217Z","100","like_raid_coordonne|account_farm_creation_massive","3","3370","3370","3369"
"2de6489e-01fa-486a-aee2-5d6c66b090dd","twitninfuser2591","2026-07-22T03:02:04.217Z","100","like_raid_coordonne|account_farm_creation_massive","3","3370","3370","3369"
"21f360c4-b42a-498e-a132-323770815e5c","twitninfuser2592","2026-07-22T03:02:04.217Z","100","like_raid_coordonne|account_farm_creation_massive","3","3370","3370","3369"
"ab546fe6-3d84-459c-9493-c0b550d92f3a","twitninfuser2593","2026-07-22T03:02:04.217Z","100","like_raid_coordonne|account_farm_creation_massive","3","3370","3370","3369"
"985563bd-4bc6-467f-b898-aca378a04a83","twitninfuser2594","2026-07-22T03:02:04.217Z","100","like_raid_coordonne|account_farm_creation_massive","3","3370","3370","3369"
"643444bf-3445-41cd-a349-3134acd7c178","twitninfuser2595","2026-07-22T03:02:04.217Z","100","like_raid_coordonne|account_farm_creation_massive","3","3370","3370","3369"
"36e9d075-85f4-4fc8-9171-323476eb57e0","twitninfuser2596","2026-07-22T03:02:04.217Z","100","like_raid_coordonne|account_farm_creation_massive","3","3370","3370","3369"
"87c5194d-67ef-4cac-aec9-e911c56c7196","twitninfuser2597","2026-07-22T03:02:04.217Z","100","like_raid_coordonne|account_farm_creation_massive","3","3370","3370","3369"
"46808041-9783-4d82-a657-35d4692061dc","twitninfuser2598","2026-07-22T03:02:04.217Z","100","like_raid_coordonne|account_farm_creation_massive","3","3370","3370","3369"
"a6376991-8870-472a-97dd-4625cb6ddf40","twitninfuser2599","2026-07-22T03:02:04.217Z","100","like_raid_coordonne|account_farm_creation_massive","3","3370","3370","3369"
"1ab5c2f8-b927-4758-8c6f-06a03ef09f95","twitninfuser2600","2026-07-22T03:02:04.217Z","100","like_raid_coordonne|account_farm_creation_massive","3","3370","3370","3369"
"9f3a50c5-65d4-459d-971f-612a0d61b2e1","twitninfuser2601","2026-07-22T03:02:04.217Z","100","like_raid_coordonne|account_farm_creation_massive","3","3370","3370","3369"
"e346c5a5-d4c5-4a1e-9812-e0484bf3e059","twitninfuser2602","2026-07-22T03:02:04.217Z","100","like_raid_coordonne|account_farm_creation_massive","3","3370","3370","3369"
"6027f459-7e14-4ff4-ac5c-bc9dc4c8ab12","twitninfuser2603","2026-07-22T03:02:04.217Z","100","like_raid_coordonne|account_farm_creation_massive","3","3370","3370","3369"
"496c1ae4-5c7e-45c2-b8d6-09d97d5ce46a","twitninfuser2604","2026-07-22T03:02:04.217Z","100","like_raid_coordonne|account_farm_creation_massive","3","3370","3370","3369"
"35589c3f-c730-49c2-9c42-84b0f63a24bc","twitninfuser2605","2026-07-22T03:02:04.217Z","100","like_raid_coordonne|account_farm_creation_massive","3","3370","3370","3369"
"16bb86eb-1fef-4f8d-9320-24dcc8815032","twitninfuser2606","2026-07-22T03:02:04.217Z","100","like_raid_coordonne|account_farm_creation_massive","3","3370","3370","3369"
"970a7bf9-4cc0-4f46-aaed-b229eebc65e9","twitninfuser2607","2026-07-22T03:02:04.217Z","100","like_raid_coordonne|account_farm_creation_massive","3","3370","3370","3369"
"d19975ff-3658-439c-abd8-d678dcfba015","twitninfuser2608","2026-07-22T03:02:04.217Z","100","like_raid_coordonne|account_farm_creation_massive","3","3370","3370","3369"
"761864b8-01b3-49a2-9f84-7dd35ae545f2","twitninfuser2609","2026-07-22T03:02:04.217Z","100","like_raid_coordonne|account_farm_creation_massive","3","3370","3370","3369"
"46a50506-9620-437c-933f-7b09ec0805cc","twitninfuser2610","2026-07-22T03:02:04.217Z","100","like_raid_coordonne|account_farm_creation_massive","3","3370","3370","3369"
"50c0c382-500f-4b90-88e0-2b1249e72597","twitninfuser2611","2026-07-22T03:02:04.217Z","100","like_raid_coordonne|account_farm_creation_massive","3","3370","3370","3369"
"d5e5f6f8-10c7-44aa-9b16-b56a736c6e83","twitninfuser2612","2026-07-22T03:02:04.217Z","100","like_raid_coordonne|account_farm_creation_massive","3","3370","3370","3369"
"18080817-8561-4275-913f-14a438e026d4","twitninfuser2613","2026-07-22T03:02:04.217Z","100","like_raid_coordonne|account_farm_creation_massive","3","3370","3370","3369"
"a962d77b-f060-461f-ada2-25633492aa21","twitninfuser2614","2026-07-22T03:02:04.217Z","100","like_raid_coordonne|account_farm_creation_massive","3","3370","3370","3369"
"b0a3dbb9-f9cd-43ff-af1a-03edd26e9ac5","twitninfuser2615","2026-07-22T03:02:04.217Z","100","like_raid_coordonne|account_farm_creation_massive","3","3370","3370","3369"
"716a83a0-3423-4b28-b976-c1f0a95713ff","twitninfuser2616","2026-07-22T03:02:04.217Z","100","like_raid_coordonne|account_farm_creation_massive","3","3370","3370","3369"
"a1c0cf33-3435-46db-9193-fa0855c94715","twitninfuser2617","2026-07-22T03:02:04.217Z","100","like_raid_coordonne|account_farm_creation_massive","3","3370","3370","3369"
"64c138dd-72c3-4f24-bbb3-27a848751d73","twitninfuser2618","2026-07-22T03:02:04.217Z","100","like_raid_coordonne|account_farm_creation_massive","3","3370","3370","3369"
"4f4b3fa1-d992-47b9-8717-2dd94155c008","twitninfuser2619","2026-07-22T03:02:04.217Z","100","like_raid_coordonne|account_farm_creation_massive","3","3370","3370","3369"
"ec18ba07-ea49-4681-b4c7-c2c3e1074f68","twitninfuser2620","2026-07-22T03:02:04.217Z","100","like_raid_coordonne|account_farm_creation_massive","3","3370","3370","3369"
"e903da79-3d1a-4b57-a70c-5c9475dd0d7d","twitninfuser2621","2026-07-22T03:02:04.217Z","100","like_raid_coordonne|account_farm_creation_massive","3","3370","3370","3369"
"6c643c69-cf67-483a-8a93-013d5bba8832","twitninfuser2622","2026-07-22T03:02:04.217Z","100","like_raid_coordonne|account_farm_creation_massive","3","3370","3370","3369"
"8a6b4d88-eb19-4c64-a810-a408620957f8","twitninfuser2623","2026-07-22T03:02:04.217Z","100","like_raid_coordonne|account_farm_creation_massive","3","3370","3370","3369"
"1f1c8027-8893-41df-ae6d-6d6c324ff49e","twitninfuser2624","2026-07-22T03:02:04.217Z","100","like_raid_coordonne|account_farm_creation_massive","3","3370","3370","3369"
"53bcb0c8-27db-43d2-bc88-b7b11ee70f4a","twitninfuser2625","2026-07-22T03:02:04.217Z","100","like_raid_coordonne|account_farm_creation_massive","3","3370","3370","3369"
"62871b5d-60ac-486f-984a-72081d9be296","twitninfuser2626","2026-07-22T03:02:04.217Z","100","like_raid_coordonne|account_farm_creation_massive","3","3370","3370","3369"
"22a42840-25c1-4a42-8054-5596988200f8","twitninfuser2627","2026-07-22T03:02:04.217Z","100","like_raid_coordonne|account_farm_creation_massive","3","3370","3370","3369"
"d20d6ea1-c211-420f-bd6d-679d6c28da9b","twitninfuser2628","2026-07-22T03:02:04.217Z","100","like_raid_coordonne|account_farm_creation_massive","3","3370","3370","3369"
"348d908f-d93c-4768-947e-13110e151032","twitninfuser2629","2026-07-22T03:02:04.217Z","100","like_raid_coordonne|account_farm_creation_massive","3","3370","3370","3369"
"e2b87812-4db5-4793-8b9a-7974b86a9d78","twitninfuser2630","2026-07-22T03:02:04.217Z","100","like_raid_coordonne|account_farm_creation_massive","3","3370","3370","3369"
"057f4d99-cdea-4751-a6ff-cd47781fde5c","twitninfuser2631","2026-07-22T03:02:04.217Z","100","like_raid_coordonne|account_farm_creation_massive","3","3370","3370","3369"
"99cab2ce-bc67-458e-a9b1-3d8de26ffde8","twitninfuser2632","2026-07-22T03:02:04.217Z","100","like_raid_coordonne|account_farm_creation_massive","3","3370","3370","3369"
"395050f6-85d3-46b4-920f-0038c13c22a1","twitninfuser2633","2026-07-22T03:02:04.217Z","100","like_raid_coordonne|account_farm_creation_massive","3","3370","3370","3369"
"25b8148d-ffb6-4c2d-99d5-2882abd9d247","twitninfuser2634","2026-07-22T03:02:04.217Z","100","like_raid_coordonne|account_farm_creation_massive","3","3370","3370","3369"
"cc161194-dd5c-4960-81a2-ed65ad499e79","twitninfuser2635","2026-07-22T03:02:04.217Z","100","like_raid_coordonne|account_farm_creation_massive","3","3370","3370","3369"
"7c477e01-32fb-4aea-95a3-989e08745063","twitninfuser2636","2026-07-22T03:02:04.217Z","100","like_raid_coordonne|account_farm_creation_massive","3","3370","3370","3369"
"5aea05f6-fc34-4b6f-8881-c74fa5a6c37f","twitninfuser2637","2026-07-22T03:02:04.217Z","100","like_raid_coordonne|account_farm_creation_massive","3","3370","3370","3369"
"464b4036-bd35-45ab-b148-743cabfd5ac0","twitninfuser2638","2026-07-22T03:02:04.217Z","100","like_raid_coordonne|account_farm_creation_massive","3","3370","3370","3369"
"028f10c0-8517-4213-9fd3-cdf40dd68596","twitninfuser2639","2026-07-22T03:02:04.217Z","100","like_raid_coordonne|account_farm_creation_massive","3","3370","3370","3369"
"1dc94985-6566-4c5a-b63e-f020ea4a9a86","twitninfuser2640","2026-07-22T03:02:04.217Z","100","like_raid_coordonne|account_farm_creation_massive","3","3370","3370","3369"
"fe0d72e7-e52a-4317-a6d7-90c3ae1038ca","twitninfuser2641","2026-07-22T03:02:04.217Z","100","like_raid_coordonne|account_farm_creation_massive","3","3370","3370","3369"
"11ec6053-fcd5-4628-9f7d-bc32324b4cf9","twitninfuser2642","2026-07-22T03:02:04.217Z","100","like_raid_coordonne|account_farm_creation_massive","3","3370","3370","3369"
"097e0fea-2915-415a-bc31-244c1e1647d3","twitninfuser2643","2026-07-22T03:02:04.217Z","100","like_raid_coordonne|account_farm_creation_massive","3","3370","3370","3369"
"f08257c5-d8c6-4880-8daf-43d8f91dd436","twitninfuser2644","2026-07-22T03:02:04.217Z","100","like_raid_coordonne|account_farm_creation_massive","3","3370","3370","3369"
"aa021faa-af5d-4b0a-8df9-be8654b8ebc7","twitninfuser2645","2026-07-22T03:02:04.217Z","100","like_raid_coordonne|account_farm_creation_massive","3","3370","3370","3369"
"609fd077-f27a-4150-b574-2fb93929cf22","twitninfuser2646","2026-07-22T03:02:04.217Z","100","like_raid_coordonne|account_farm_creation_massive","3","3370","3370","3369"
"594cd050-3d42-4c3c-a37a-b49b808bd0c9","twitninfuser2647","2026-07-22T03:02:04.217Z","100","like_raid_coordonne|account_farm_creation_massive","3","3370","3370","3369"
"35bf8a3e-25e9-466b-b1e3-06ab6e588954","twitninfuser2648","2026-07-22T03:02:04.217Z","100","like_raid_coordonne|account_farm_creation_massive","3","3370","3370","3369"
"42175113-1b1d-4c7e-86ac-ba12c17e0769","twitninfuser2649","2026-07-22T03:02:04.217Z","100","like_raid_coordonne|account_farm_creation_massive","3","3370","3370","3369"
"aeece542-8e9b-47ae-8781-8975cbf33642","twitninfuser2650","2026-07-22T03:02:04.217Z","100","like_raid_coordonne|account_farm_creation_massive","3","3370","3370","3369"
"7371b541-3d7b-4afb-8f50-cf250b38001a","twitninfuser2651","2026-07-22T03:02:04.217Z","100","like_raid_coordonne|account_farm_creation_massive","3","3370","3370","3369"
"23dc75a0-caa0-4440-bf0d-ed9bc231793e","twitninfuser2652","2026-07-22T03:02:04.217Z","100","like_raid_coordonne|account_farm_creation_massive","3","3370","3370","3369"
"67063932-c74b-4d0c-aa79-abf259cbe247","twitninfuser2653","2026-07-22T03:02:04.217Z","100","like_raid_coordonne|account_farm_creation_massive","3","3370","3370","3369"
"989bdd2d-956c-45e7-9e86-a7b4c7c8e29d","twitninfuser2654","2026-07-22T03:02:04.217Z","100","like_raid_coordonne|account_farm_creation_massive","3","3370","3370","3369"
"ca3b368e-c83b-49b7-8029-700a3657bd7c","twitninfuser2655","2026-07-22T03:02:04.217Z","100","like_raid_coordonne|account_farm_creation_massive","3","3370","3370","3369"
"d8ffdd9d-a555-4162-b73a-5bcca1b12574","twitninfuser2656","2026-07-22T03:02:04.217Z","100","like_raid_coordonne|account_farm_creation_massive","3","3370","3370","3369"
"4ec09f3c-2bcb-4973-b5f6-43949b8b3032","twitninfuser2657","2026-07-22T03:02:04.217Z","100","like_raid_coordonne|account_farm_creation_massive","3","3370","3370","3369"
"b2ecc395-35d3-46aa-b18b-c94b93a7f009","twitninfuser2658","2026-07-22T03:02:04.218Z","100","like_raid_coordonne|account_farm_creation_massive","3","3370","3370","3369"
"63f7efcf-ff78-43cb-b32b-232be750ba12","twitninfuser2659","2026-07-22T03:02:04.218Z","100","like_raid_coordonne|account_farm_creation_massive","3","3370","3370","3369"
"e199d916-af2d-4727-b9b7-c2b33dab099e","twitninfuser2660","2026-07-22T03:02:04.218Z","100","like_raid_coordonne|account_farm_creation_massive","3","3370","3370","3369"
"5dd74809-d37d-4630-ba45-a0ebf435bedf","twitninfuser2661","2026-07-22T03:02:04.218Z","100","like_raid_coordonne|account_farm_creation_massive","3","3370","3370","3369"
"794045f3-5226-4645-9706-ce8ddcf7026b","twitninfuser2662","2026-07-22T03:02:04.218Z","100","like_raid_coordonne|account_farm_creation_massive","3","3370","3370","3369"
"61c108b7-3609-448f-989b-8690c88d627f","twitninfuser2663","2026-07-22T03:02:04.218Z","100","like_raid_coordonne|account_farm_creation_massive","3","3370","3370","3369"
"db9f244f-d6ad-4606-b3b2-cf441f820ca9","twitninfuser2664","2026-07-22T03:02:04.218Z","100","like_raid_coordonne|account_farm_creation_massive","3","3370","3370","3369"
"272c50c1-6c84-444d-90ef-5ba83ac17412","twitninfuser2665","2026-07-22T03:02:04.218Z","100","like_raid_coordonne|account_farm_creation_massive","3","3370","3370","3369"
"33e86f4f-c492-43e3-8a78-c48a6efeee78","twitninfuser2666","2026-07-22T03:02:04.218Z","100","like_raid_coordonne|account_farm_creation_massive","3","3370","3370","3369"
"55be0377-9c9a-4e17-826b-0fe4223ee50e","twitninfuser2667","2026-07-22T03:02:04.218Z","100","like_raid_coordonne|account_farm_creation_massive","3","3370","3370","3369"
"120c4919-b755-444e-958b-a68c94738208","twitninfuser2668","2026-07-22T03:02:04.218Z","100","like_raid_coordonne|account_farm_creation_massive","3","3370","3370","3369"
"672a12f5-e1d3-4bcb-88fe-43d8e416a278","twitninfuser2669","2026-07-22T03:02:04.218Z","100","like_raid_coordonne|account_farm_creation_massive","3","3370","3370","3369"
"201b305e-ff0d-4d0f-8c93-2542958c93f8","twitninfuser2670","2026-07-22T03:02:04.218Z","100","like_raid_coordonne|account_farm_creation_massive","3","3370","3370","3369"
"54356d34-fa4f-4cc3-8a16-7dd6f9171c51","twitninfuser2671","2026-07-22T03:02:04.218Z","100","like_raid_coordonne|account_farm_creation_massive","3","3370","3370","3369"
"0fc14c90-75b2-4e50-891a-220a9a2ebd51","twitninfuser2672","2026-07-22T03:02:04.218Z","100","like_raid_coordonne|account_farm_creation_massive","3","3370","3370","3369"
"9c9fd050-f41b-44b2-84de-b6ae6de14f1c","twitninfuser2673","2026-07-22T03:02:04.218Z","100","like_raid_coordonne|account_farm_creation_massive","3","3370","3370","3369"
"b4e5aa88-bd83-4e96-92fd-e6c8e8be8dea","twitninfuser2674","2026-07-22T03:02:04.218Z","100","like_raid_coordonne|account_farm_creation_massive","3","3370","3370","3369"
"9703a5af-7f0a-41d1-be79-6fa2b72a3973","twitninfuser2675","2026-07-22T03:02:04.218Z","100","like_raid_coordonne|account_farm_creation_massive","3","3370","3370","3369"
"b48b3931-2935-4474-8d08-52c29d8f2132","twitninfuser2676","2026-07-22T03:02:04.218Z","100","like_raid_coordonne|account_farm_creation_massive","3","3370","3370","3369"
"73652fb4-ceac-4384-a91d-82287d139fa1","twitninfuser2677","2026-07-22T03:02:04.218Z","100","like_raid_coordonne|account_farm_creation_massive","3","3370","3370","3369"
"594522b3-2048-4fab-8673-22cb0dee8c0d","twitninfuser2678","2026-07-22T03:02:04.218Z","100","like_raid_coordonne|account_farm_creation_massive","3","3370","3370","3369"
"53ab12f0-2f74-4df8-93ff-06fda6c8e702","twitninfuser2679","2026-07-22T03:02:04.218Z","100","like_raid_coordonne|account_farm_creation_massive","3","3370","3370","3369"
"b02df0a2-01ba-49f0-866b-c85ba2950c63","twitninfuser2680","2026-07-22T03:02:04.218Z","100","like_raid_coordonne|account_farm_creation_massive","3","3370","3370","3369"
"7166f119-76f2-4871-bb8d-0a7070c7aa93","twitninfuser2681","2026-07-22T03:02:04.218Z","100","like_raid_coordonne|account_farm_creation_massive","3","3370","3370","3369"
"22c1807b-9a1d-4ea5-9a55-b2832e58167e","twitninfuser2682","2026-07-22T03:02:04.218Z","100","like_raid_coordonne|account_farm_creation_massive","3","3370","3370","3369"
"1b65d2c3-33ec-4cee-a137-fe975ff8d3f0","twitninfuser2683","2026-07-22T03:02:04.218Z","100","like_raid_coordonne|account_farm_creation_massive","3","3370","3370","3369"
"646a69e9-413d-4510-9ffc-3975d9bc84fd","twitninfuser2684","2026-07-22T03:02:04.218Z","100","like_raid_coordonne|account_farm_creation_massive","3","3370","3370","3369"
"d63b471c-71e0-44fc-b1d2-5086f27ea559","twitninfuser2685","2026-07-22T03:02:04.218Z","100","like_raid_coordonne|account_farm_creation_massive","3","3370","3370","3369"
"2b71f64a-1aa2-4542-aa17-0f8355c406b7","twitninfuser2686","2026-07-22T03:02:04.218Z","100","like_raid_coordonne|account_farm_creation_massive","3","3370","3370","3369"
"8265025d-98c0-444b-8b4c-3b179bcadd30","twitninfuser2687","2026-07-22T03:02:04.218Z","100","like_raid_coordonne|account_farm_creation_massive","3","3370","3370","3369"
"03b35d16-8a3e-4100-ba8e-761b6f62a1fe","twitninfuser2688","2026-07-22T03:02:04.218Z","100","like_raid_coordonne|account_farm_creation_massive","3","3370","3370","3369"
"dbd0548c-3bcd-4e98-8bf4-8f59e6499a06","twitninfuser2689","2026-07-22T03:02:04.218Z","100","like_raid_coordonne|account_farm_creation_massive","3","3370","3370","3369"
"bda0fe3e-2190-4f09-9035-3a1df9574c5e","twitninfuser2690","2026-07-22T03:02:04.218Z","100","like_raid_coordonne|account_farm_creation_massive","3","3370","3370","3369"
"def0bf7a-97da-4c58-8620-364a576a7080","twitninfuser2691","2026-07-22T03:02:04.218Z","100","like_raid_coordonne|account_farm_creation_massive","3","3370","3370","3369"
"c3ac1509-d8f7-490c-b287-f455a4ac5930","twitninfuser2692","2026-07-22T03:02:04.218Z","100","like_raid_coordonne|account_farm_creation_massive","3","3370","3370","3369"
"f77c0e63-dd59-4b8e-82a7-5be540dc40ee","twitninfuser2693","2026-07-22T03:02:04.218Z","100","like_raid_coordonne|account_farm_creation_massive","3","3370","3370","3369"
"25d66f86-18bb-4e63-bfaa-f88d10e1d0e6","twitninfuser2694","2026-07-22T03:02:04.218Z","100","like_raid_coordonne|account_farm_creation_massive","3","3370","3370","3369"
"65f08daa-9a55-4f61-9d7a-b5f86367cc03","twitninfuser2695","2026-07-22T03:02:04.218Z","100","like_raid_coordonne|account_farm_creation_massive","3","3370","3370","3369"
"f4091ad6-8e69-4eb0-8cfd-1eb8db35ccb7","twitninfuser2696","2026-07-22T03:02:04.218Z","100","like_raid_coordonne|account_farm_creation_massive","3","3370","3370","3369"
"7a4bdf94-0d04-4625-8282-8150590e8fe1","twitninfuser2697","2026-07-22T03:02:04.218Z","100","like_raid_coordonne|account_farm_creation_massive","3","3370","3370","3369"
"c427bf89-54c0-4d77-9943-14947084599b","twitninfuser2698","2026-07-22T03:02:04.218Z","100","like_raid_coordonne|account_farm_creation_massive","3","3370","3370","3369"
"aee3693a-49d3-4aff-aa7b-eb0100793a27","twitninfuser2699","2026-07-22T03:02:04.218Z","100","like_raid_coordonne|account_farm_creation_massive","3","3370","3370","3369"
"ac0ea2a2-a728-4b90-983e-dbae1a757860","twitninfuser2700","2026-07-22T03:02:04.218Z","100","like_raid_coordonne|account_farm_creation_massive","3","3370","3370","3369"
"9616af4f-d684-448c-955d-54c25d4905b9","twitninfuser2701","2026-07-22T03:02:04.218Z","100","like_raid_coordonne|account_farm_creation_massive","3","3370","3370","3369"
"1486fccf-c222-4adf-84ab-09c9e724ee40","twitninfuser2702","2026-07-22T03:02:04.218Z","100","like_raid_coordonne|account_farm_creation_massive","3","3370","3370","3369"
"cfc0ef35-157f-4d8d-abf3-57d26782ac4c","twitninfuser2703","2026-07-22T03:02:04.218Z","100","like_raid_coordonne|account_farm_creation_massive","3","3370","3370","3369"
"2e7c0c31-ac2f-4e7a-8444-b42c87e17478","twitninfuser2704","2026-07-22T03:02:04.218Z","100","like_raid_coordonne|account_farm_creation_massive","3","3370","3370","3369"
"2e3692d3-05a1-4ff9-acd0-2f5782498136","twitninfuser2705","2026-07-22T03:02:04.218Z","100","like_raid_coordonne|account_farm_creation_massive","3","3370","3370","3369"
"484a324f-2724-40ea-a927-b2c7d10d4788","twitninfuser2706","2026-07-22T03:02:04.218Z","100","like_raid_coordonne|account_farm_creation_massive","3","3370","3370","3369"
"6d7a5c68-c631-43c9-9bbd-35d4d27c5355","twitninfuser2707","2026-07-22T03:02:04.218Z","100","like_raid_coordonne|account_farm_creation_massive","3","3370","3370","3369"
"1cc0dee1-99c9-4159-a157-40f4408018e7","twitninfuser2708","2026-07-22T03:02:04.218Z","100","like_raid_coordonne|account_farm_creation_massive","3","3370","3370","3369"
"43ef6a9a-edf2-4c53-a14f-de3216217995","twitninfuser2709","2026-07-22T03:02:04.218Z","100","like_raid_coordonne|account_farm_creation_massive","3","3370","3370","3369"
"a1e0cef7-9c5c-4bcb-b5eb-2fa710f12340","twitninfuser2710","2026-07-22T03:02:04.218Z","100","like_raid_coordonne|account_farm_creation_massive","3","3370","3370","3369"
"0bdd78d3-59ca-4d04-badf-dcb2d2a12d71","twitninfuser2711","2026-07-22T03:02:04.218Z","100","like_raid_coordonne|account_farm_creation_massive","3","3370","3370","3369"
"bedb2298-b1e9-4293-9d20-0976097f166c","twitninfuser2712","2026-07-22T03:02:04.218Z","100","like_raid_coordonne|account_farm_creation_massive","3","3370","3370","3369"
"8c26adde-71cd-4c39-980a-baac7d9a42ce","twitninfuser2713","2026-07-22T03:02:04.218Z","100","like_raid_coordonne|account_farm_creation_massive","3","3370","3370","3369"
"f0612f92-517d-4d90-9629-1578f649583a","twitninfuser2714","2026-07-22T03:02:04.218Z","100","like_raid_coordonne|account_farm_creation_massive","3","3370","3370","3369"
"93579857-452d-446a-95aa-dd74286ec937","twitninfuser2715","2026-07-22T03:02:04.218Z","70","account_farm_creation_massive","2","3370","3370","3369"
"60630cba-2876-4e96-bd92-59da53ee5b0f","twitninfuser2716","2026-07-22T03:02:04.218Z","70","account_farm_creation_massive","2","3370","3370","3369"
"5e2056f7-aa2c-4eb7-a49c-ebf67422b03a","twitninfuser2717","2026-07-22T03:02:04.218Z","70","account_farm_creation_massive","2","3370","3370","3369"
"7547fce7-6ffe-4ff8-9512-f0c96fed3a5c","twitninfuser2718","2026-07-22T03:02:04.218Z","70","account_farm_creation_massive","2","3370","3370","3369"
"d42636d1-6973-481a-81de-4dd370c879ad","twitninfuser2719","2026-07-22T03:02:04.218Z","70","account_farm_creation_massive","2","3370","3370","3369"
"2403c634-e555-40f4-8c9e-1e3a138cb12f","twitninfuser2720","2026-07-22T03:02:04.218Z","70","account_farm_creation_massive","2","3370","3370","3369"
"bb9d83d3-ae4d-4741-96da-fed8b05bdfd6","twitninfuser2721","2026-07-22T03:02:04.218Z","70","account_farm_creation_massive","2","3370","3370","3369"
"77bcad76-ae87-4f53-b528-59b5db35b5bf","twitninfuser2722","2026-07-22T03:02:04.218Z","70","account_farm_creation_massive","2","3370","3370","3369"
"d78a53f7-6101-4ac1-8ad3-c3954a76916b","twitninfuser2723","2026-07-22T03:02:04.218Z","70","account_farm_creation_massive","2","3370","3370","3369"
"ec66aa46-ff93-4b09-96fa-6af32d61f142","twitninfuser2724","2026-07-22T03:02:04.218Z","70","account_farm_creation_massive","2","3370","3370","3369"
"b6ac3fd4-5729-4b68-ba22-870a803470ac","twitninfuser2725","2026-07-22T03:02:04.218Z","70","account_farm_creation_massive","2","3370","3370","3369"
"7ee0991d-ab2c-48a7-919a-4724a2ca0fa0","twitninfuser2726","2026-07-22T03:02:04.218Z","70","account_farm_creation_massive","2","3370","3370","3369"
"45bb034a-8eba-42bd-8f2e-51037c33a8df","twitninfuser2727","2026-07-22T03:02:04.218Z","70","account_farm_creation_massive","2","3370","3370","3369"
"c9c77f01-ef86-4b1b-9d51-ab6c4d1fa410","twitninfuser2728","2026-07-22T03:02:04.218Z","70","account_farm_creation_massive","2","3370","3370","3369"
"c27cc803-60db-47e8-a5a9-c83d0c123031","twitninfuser2729","2026-07-22T03:02:04.218Z","70","account_farm_creation_massive","2","3370","3370","3369"
"45bd4a0e-7866-4cae-87ef-a1ad9b1a875c","twitninfuser2730","2026-07-22T03:02:04.218Z","70","account_farm_creation_massive","2","3370","3370","3369"
"f1078028-418e-482c-9e28-c9c15fe10e10","twitninfuser2731","2026-07-22T03:02:04.218Z","70","account_farm_creation_massive","2","3370","3370","3369"
"0dec3a95-af44-45d1-b3f0-19d203fc59f5","twitninfuser2732","2026-07-22T03:02:04.218Z","70","account_farm_creation_massive","2","3370","3370","3369"
"f91871a6-4a0a-4871-8a80-317e1ac9d379","twitninfuser2733","2026-07-22T03:02:04.218Z","70","account_farm_creation_massive","2","3370","3370","3369"
"7c0da110-c38e-45ec-a0db-070ee1194edf","twitninfuser2734","2026-07-22T03:02:04.218Z","70","account_farm_creation_massive","2","3370","3370","3369"
"58c2c6f8-8774-4382-ad91-8f330b47deb9","twitninfuser2735","2026-07-22T03:02:04.218Z","70","account_farm_creation_massive","2","3370","3370","3369"
"a58e526b-0536-456c-a20f-0d02f71fd721","twitninfuser2736","2026-07-22T03:02:04.218Z","70","account_farm_creation_massive","2","3370","3370","3369"
"5c812032-6f4f-4f53-958c-dbfbe9d02a0f","twitninfuser2737","2026-07-22T03:02:04.218Z","70","account_farm_creation_massive","2","3370","3370","3369"
"1e3c04d9-36c3-4149-a79a-7000c957f6d1","twitninfuser2738","2026-07-22T03:02:04.218Z","70","account_farm_creation_massive","2","3370","3370","3369"
"26c94e1a-61fb-418e-b280-40bf8b07688c","twitninfuser2739","2026-07-22T03:02:04.218Z","70","account_farm_creation_massive","2","3370","3370","3369"
"e2f6619b-285a-417a-9112-d2783fc7f0a0","twitninfuser2740","2026-07-22T03:02:04.218Z","70","account_farm_creation_massive","2","3370","3370","3369"
"abbb597d-31e7-4321-b844-a47769f29f0f","twitninfuser2741","2026-07-22T03:02:04.218Z","70","account_farm_creation_massive","2","3370","3370","3369"
"e6eb5109-695f-45ad-9a78-537086a9600d","twitninfuser2742","2026-07-22T03:02:04.218Z","70","account_farm_creation_massive","2","3370","3370","3369"
"e32d3b2c-3446-45f6-96e7-c9cfe9b40283","twitninfuser2743","2026-07-22T03:02:04.218Z","70","account_farm_creation_massive","2","3370","3370","3369"
"4a65202d-926b-4c1a-89ac-1489992481fd","twitninfuser2744","2026-07-22T03:02:04.218Z","70","account_farm_creation_massive","2","3370","3370","3369"
"ef49159c-6168-4509-be48-6fc880439dd6","twitninfuser2745","2026-07-22T03:02:04.218Z","70","account_farm_creation_massive","2","3370","3370","3369"
"b6413493-ebe6-4574-b281-1bae42a4c987","twitninfuser2746","2026-07-22T03:02:04.218Z","70","account_farm_creation_massive","2","3370","3370","3369"
"259728fd-cead-4364-bfe4-2965c22067ca","twitninfuser2747","2026-07-22T03:02:04.218Z","70","account_farm_creation_massive","2","3370","3370","3369"
"7ec48791-3cc4-49f6-b497-5f9fb79c8ff6","twitninfuser2748","2026-07-22T03:02:04.218Z","70","account_farm_creation_massive","2","3370","3370","3369"
"a95c63e9-52d6-443e-9a58-5c0f38f176ed","twitninfuser2749","2026-07-22T03:02:04.218Z","70","account_farm_creation_massive","2","3370","3370","3369"
"a4de95ed-7f69-4e08-8582-d60f482d3ad5","twitninfuser2750","2026-07-22T03:02:04.218Z","70","account_farm_creation_massive","2","3370","3370","3369"
"e1035014-7431-4b96-a8f4-9210ee1e864d","twitninfuser2751","2026-07-22T03:02:04.218Z","70","account_farm_creation_massive","2","3370","3370","3369"
"913a3024-6ab9-46f5-98c4-9d1f413e8acb","twitninfuser2752","2026-07-22T03:02:04.218Z","70","account_farm_creation_massive","2","3370","3370","3369"
"cbc1cc79-0216-4704-b010-8ec6ab660387","twitninfuser2753","2026-07-22T03:02:04.218Z","70","account_farm_creation_massive","2","3370","3370","3369"
"3633800d-cbbc-48e4-975e-e50b8f0dae7a","twitninfuser2754","2026-07-22T03:02:04.218Z","70","account_farm_creation_massive","2","3370","3370","3369"
"549309b1-897b-4807-b3aa-de2cf9564f11","twitninfuser2755","2026-07-22T03:02:04.218Z","70","account_farm_creation_massive","2","3370","3370","3369"
"4bbce155-a9c5-417e-b316-ee0b1c49dbb3","twitninfuser2756","2026-07-22T03:02:04.218Z","70","account_farm_creation_massive","2","3370","3370","3369"
"9f4e701d-d5af-415f-9837-a0d18ffcb6ef","twitninfuser2757","2026-07-22T03:02:04.218Z","70","account_farm_creation_massive","2","3370","3370","3369"
"1b0b74c7-3b96-4b00-8ade-1c56d33b5313","twitninfuser2758","2026-07-22T03:02:04.218Z","70","account_farm_creation_massive","2","3370","3370","3369"
"23db011a-cd7a-466a-9376-5923838d2e84","twitninfuser2759","2026-07-22T03:02:04.218Z","70","account_farm_creation_massive","2","3370","3370","3369"
"562f891c-9122-44ea-b875-0a9d8192c818","twitninfuser2760","2026-07-22T03:02:04.218Z","70","account_farm_creation_massive","2","3370","3370","3369"
"6d412c7a-97c5-40d4-b5dd-0a27f85d0c0c","twitninfuser2761","2026-07-22T03:02:04.218Z","70","account_farm_creation_massive","2","3370","3370","3369"
"bff8d4e0-2545-4a37-8739-87ef3dd7c4d4","twitninfuser2762","2026-07-22T03:02:04.218Z","70","account_farm_creation_massive","2","3370","3370","3369"
"e402b675-2d53-40f1-b4c8-ed19b6fcf625","twitninfuser2763","2026-07-22T03:02:04.218Z","70","account_farm_creation_massive","2","3370","3370","3369"
"d0fedc9d-6fd1-43c9-acd6-cc6e92e1ccaa","twitninfuser2764","2026-07-22T03:02:04.218Z","70","account_farm_creation_massive","2","3370","3370","3369"
"c4587fa1-0cb5-4839-8e98-75b467edb02c","twitninfuser2765","2026-07-22T03:02:04.218Z","70","account_farm_creation_massive","2","3370","3370","3369"
"f7735a63-6276-452a-9a42-9b9989772b9b","twitninfuser2766","2026-07-22T03:02:04.218Z","70","account_farm_creation_massive","2","3370","3370","3369"
"fc65068b-de23-4e57-ae2f-47a16fb8b021","twitninfuser2767","2026-07-22T03:02:04.218Z","70","account_farm_creation_massive","2","3370","3370","3369"
"74aa5079-372f-4de8-8fc0-fc55c7fc417b","twitninfuser2768","2026-07-22T03:02:04.218Z","70","account_farm_creation_massive","2","3370","3370","3369"
"0de30138-fac4-4176-8b74-f1abb16f62b4","twitninfuser2769","2026-07-22T03:02:04.218Z","70","account_farm_creation_massive","2","3370","3370","3369"
"a4960355-af35-4ddc-9ec3-08de0d0d7a2c","twitninfuser2770","2026-07-22T03:02:04.218Z","70","account_farm_creation_massive","2","3370","3370","3369"
"f4b560a2-2be7-4d12-a1f6-2ff45a8dafd5","twitninfuser2771","2026-07-22T03:02:04.218Z","70","account_farm_creation_massive","2","3370","3370","3369"
"bdd07762-bdae-4650-969c-a984fd47ff0d","twitninfuser2772","2026-07-22T03:02:04.218Z","70","account_farm_creation_massive","2","3370","3370","3369"
"377b92ac-d73e-4d70-9409-5da464712dca","twitninfuser2773","2026-07-22T03:02:04.218Z","70","account_farm_creation_massive","2","3370","3370","3369"
"c463ac39-0e5b-4035-95d0-04355f8b6f50","twitninfuser2774","2026-07-22T03:02:04.218Z","70","account_farm_creation_massive","2","3370","3370","3369"
"e20024e7-8d3f-4546-85a7-3c1b85e8fcc6","twitninfuser2775","2026-07-22T03:02:04.218Z","70","account_farm_creation_massive","2","3370","3370","3369"
"83aaf788-3d70-4b4c-9c27-dbe1b0f89407","twitninfuser2776","2026-07-22T03:02:04.218Z","70","account_farm_creation_massive","2","3370","3370","3369"
"30d81d3c-c31f-44a6-888e-5f157db2e1a2","twitninfuser2777","2026-07-22T03:02:04.218Z","70","account_farm_creation_massive","2","3370","3370","3369"
"454a1569-53b0-4d96-8ce5-fb07653ea653","twitninfuser2778","2026-07-22T03:02:04.218Z","70","account_farm_creation_massive","2","3370","3370","3369"
"ecff4c5c-162e-4eb4-aedc-1a72ca29f0b3","twitninfuser2779","2026-07-22T03:02:04.218Z","70","account_farm_creation_massive","2","3370","3370","3369"
"c9efb75d-49e1-496d-8d98-9f66ca0475e1","twitninfuser2780","2026-07-22T03:02:04.218Z","70","account_farm_creation_massive","2","3370","3370","3369"
"d93731ae-070c-4131-bb53-d2ca9eb0a126","twitninfuser2781","2026-07-22T03:02:04.218Z","70","account_farm_creation_massive","2","3370","3370","3369"
"3b99d1f2-b60e-46e0-a2eb-2697a779aae2","twitninfuser2782","2026-07-22T03:02:04.218Z","70","account_farm_creation_massive","2","3370","3370","3369"
"f7542005-32ce-4223-9f2b-8ec1950dd714","twitninfuser2783","2026-07-22T03:02:04.218Z","70","account_farm_creation_massive","2","3370","3370","3369"
"38f72867-66c9-4225-a449-f2b408f91e02","twitninfuser2784","2026-07-22T03:02:04.218Z","70","account_farm_creation_massive","2","3370","3370","3369"
"70ce2d4e-9f41-4596-a850-e68d74fc6e10","twitninfuser2785","2026-07-22T03:02:04.218Z","70","account_farm_creation_massive","2","3370","3370","3369"
"f217571e-9e18-491e-bd5b-4f41ea527670","twitninfuser2786","2026-07-22T03:02:04.218Z","70","account_farm_creation_massive","2","3370","3370","3369"
"8aa23aca-9496-4f69-8fa9-154e398f73b3","twitninfuser2787","2026-07-22T03:02:04.218Z","70","account_farm_creation_massive","2","3370","3370","3369"
"1e09a8d4-7d71-4016-8f5e-185475cc717b","twitninfuser2788","2026-07-22T03:02:04.218Z","70","account_farm_creation_massive","2","3370","3370","3369"
"fd0ec7a2-ee8d-48f0-94cb-59cdeb715ca7","twitninfuser2789","2026-07-22T03:02:04.218Z","70","account_farm_creation_massive","2","3370","3370","3369"
"88a13b8c-9f4d-4057-91a1-91972b8ac043","twitninfuser2790","2026-07-22T03:02:04.218Z","70","account_farm_creation_massive","2","3370","3370","3369"
"1d7ac1cc-7dba-4b11-bff2-0000be6029e3","twitninfuser2791","2026-07-22T03:02:04.218Z","70","account_farm_creation_massive","2","3370","3370","3369"
"b7cc5668-cbf4-4cc7-a395-f11466ddca67","twitninfuser2792","2026-07-22T03:02:04.218Z","70","account_farm_creation_massive","2","3370","3370","3369"
"d421976d-dc98-40d5-91e2-19f46238a612","twitninfuser2793","2026-07-22T03:02:04.218Z","70","account_farm_creation_massive","2","3370","3370","3369"
"6acdf5f4-5e37-46da-8311-138e6c5e8fdd","twitninfuser2794","2026-07-22T03:02:04.218Z","70","account_farm_creation_massive","2","3370","3370","3369"
"f5daae57-1d2f-4ded-8348-05f4f4d37fad","twitninfuser2795","2026-07-22T03:02:04.218Z","70","account_farm_creation_massive","2","3370","3370","3369"
"b4a6c38a-3302-4d7a-9c9e-6ca5a1a866b3","twitninfuser2796","2026-07-22T03:02:04.218Z","70","account_farm_creation_massive","2","3370","3370","3369"
"a06deba0-43c2-4ad2-b990-fca3b065243f","twitninfuser2797","2026-07-22T03:02:04.218Z","70","account_farm_creation_massive","2","3370","3370","3369"
"9f74a7e0-ff53-4ee2-8717-4c214541d8ef","twitninfuser2798","2026-07-22T03:02:04.218Z","70","account_farm_creation_massive","2","3370","3370","3369"
"5d7cd950-9862-4907-93bc-927e6f8aa2d5","twitninfuser2799","2026-07-22T03:02:04.218Z","70","account_farm_creation_massive","2","3370","3370","3369"
"39c92af6-5a51-4876-8443-c636f20929c9","twitninfuser2800","2026-07-22T03:02:04.218Z","70","account_farm_creation_massive","2","3370","3370","3369"
"33debb75-8182-4381-b62a-2f85deacd377","twitninfuser2801","2026-07-22T03:02:04.218Z","70","account_farm_creation_massive","2","3370","3370","3369"
"ebd26651-ef49-4f9a-9130-47ad0bc1c20f","twitninfuser2802","2026-07-22T03:02:04.218Z","70","account_farm_creation_massive","2","3370","3370","3369"
"b6ce51c8-e773-4dd1-b9b6-a73583e89581","twitninfuser2803","2026-07-22T03:02:04.218Z","70","account_farm_creation_massive","2","3370","3370","3369"
"d3d45a14-4bb9-4147-86ee-d9122eee639f","twitninfuser2804","2026-07-22T03:02:04.218Z","70","account_farm_creation_massive","2","3370","3370","3369"
"e1c15221-633f-409c-a424-61a15b5bf821","twitninfuser2805","2026-07-22T03:02:04.218Z","70","account_farm_creation_massive","2","3370","3370","3369"
"7252ac78-b4c5-4f5a-97be-a3b13f907e22","twitninfuser2806","2026-07-22T03:02:04.218Z","70","account_farm_creation_massive","2","3370","3370","3369"
"0059a37d-708b-4055-8320-9dc3719fe261","twitninfuser2807","2026-07-22T03:02:04.218Z","70","account_farm_creation_massive","2","3370","3370","3369"
"44aad939-e40c-4c5d-8cdf-ffe05a35e355","twitninfuser2808","2026-07-22T03:02:04.218Z","70","account_farm_creation_massive","2","3370","3370","3369"
"0224bfcd-e1cb-4dfb-9e9d-2c40365dd075","twitninfuser2809","2026-07-22T03:02:04.218Z","70","account_farm_creation_massive","2","3370","3370","3369"
"a081eac0-6ad8-4132-9bb8-74c068fc092d","twitninfuser2810","2026-07-22T03:02:04.218Z","70","account_farm_creation_massive","2","3370","3370","3369"
"9104b03e-3232-4c8e-b972-f7138603f174","twitninfuser2811","2026-07-22T03:02:04.218Z","70","account_farm_creation_massive","2","3370","3370","3369"
"1eda6540-e96c-4653-94a6-15d9ffc1c620","twitninfuser2812","2026-07-22T03:02:04.218Z","70","account_farm_creation_massive","2","3370","3370","3369"
"e38bc568-d23b-482b-94ae-31998aed934c","twitninfuser2813","2026-07-22T03:02:04.218Z","70","account_farm_creation_massive","2","3370","3370","3369"
"6014dad5-bda6-493b-ad40-cce09e0f49a4","twitninfuser2814","2026-07-22T03:02:04.218Z","70","account_farm_creation_massive","2","3370","3370","3369"
"27046eaa-385a-413b-bdd7-bdd110f7fb40","twitninfuser2815","2026-07-22T03:02:04.218Z","70","account_farm_creation_massive","2","3370","3370","3369"
"eb11758c-8b48-4400-a5c2-e4c07a96f066","twitninfuser2816","2026-07-22T03:02:04.218Z","70","account_farm_creation_massive","2","3370","3370","3369"
"62762c1e-e264-4f5d-a57c-3f4662e7e646","twitninfuser2817","2026-07-22T03:02:04.218Z","70","account_farm_creation_massive","2","3370","3370","3369"
"5f5e5a2d-2392-420a-af2a-5e8e39f6ccc6","twitninfuser2818","2026-07-22T03:02:04.218Z","70","account_farm_creation_massive","2","3370","3370","3369"
"f1e48db8-5ac5-4784-afaa-059c99356f1d","twitninfuser2819","2026-07-22T03:02:04.218Z","70","account_farm_creation_massive","2","3370","3370","3369"
"acc87d5d-d7cf-4508-8439-c5c4df828696","twitninfuser2820","2026-07-22T03:02:04.218Z","70","account_farm_creation_massive","2","3370","3370","3369"
"8b4eb4b1-e095-4804-a648-30135df03c3b","twitninfuser2821","2026-07-22T03:02:04.218Z","70","account_farm_creation_massive","2","3370","3370","3369"
"fbe15184-b28c-4bfc-9100-bc5c6da885ef","twitninfuser2822","2026-07-22T03:02:04.218Z","70","account_farm_creation_massive","2","3370","3370","3369"
"bea153dc-9b21-45bb-bfa5-49155c8deb43","twitninfuser2823","2026-07-22T03:02:04.218Z","70","account_farm_creation_massive","2","3370","3370","3369"
"066ff5fd-65bf-4eb0-9ffb-fbef7a78ac6b","twitninfuser2824","2026-07-22T03:02:04.218Z","70","account_farm_creation_massive","2","3370","3370","3369"
"d443a374-c13a-4b28-a0da-e869ea68216e","twitninfuser2825","2026-07-22T03:02:04.218Z","70","account_farm_creation_massive","2","3370","3370","3369"
"92946e74-4517-4d24-8038-a972ce740f82","twitninfuser2826","2026-07-22T03:02:04.218Z","70","account_farm_creation_massive","2","3370","3370","3369"
"c5a38a60-9f64-4aaa-a4cd-2fa12c2109dd","twitninfuser2827","2026-07-22T03:02:04.218Z","70","account_farm_creation_massive","2","3370","3370","3369"
"997d668c-5984-464e-b633-75a5523cc79c","twitninfuser2828","2026-07-22T03:02:04.218Z","70","account_farm_creation_massive","2","3370","3370","3369"
"0c294e0d-60be-4089-a6cd-bcda84b88775","twitninfuser2829","2026-07-22T03:02:04.218Z","70","account_farm_creation_massive","2","3370","3370","3369"
"41c0a440-4987-44d0-b6ab-f3e5221ccb6b","twitninfuser2830","2026-07-22T03:02:04.218Z","70","account_farm_creation_massive","2","3370","3370","3369"
"356355ad-5418-4299-9feb-aca0de918c90","twitninfuser2831","2026-07-22T03:02:04.218Z","70","account_farm_creation_massive","2","3370","3370","3369"
"2e78da05-d4b7-4064-83be-117399ce0128","twitninfuser2832","2026-07-22T03:02:04.218Z","70","account_farm_creation_massive","2","3370","3370","3369"
"0ebbf646-287b-4c37-853a-aa3d7dc8b805","twitninfuser2833","2026-07-22T03:02:04.218Z","70","account_farm_creation_massive","2","3370","3370","3369"
"cac3bae8-4e9d-4f12-869f-b532bc45ec39","twitninfuser2834","2026-07-22T03:02:04.218Z","70","account_farm_creation_massive","2","3370","3370","3369"
"ca307266-bac1-4886-8986-4f867c8d19d8","twitninfuser2835","2026-07-22T03:02:04.218Z","70","account_farm_creation_massive","2","3370","3370","3369"
"e5ac4d40-dad4-4676-8735-dab54de9cf11","twitninfuser2836","2026-07-22T03:02:04.218Z","70","account_farm_creation_massive","2","3370","3370","3369"
"d7dc322c-2af4-41d1-9e55-345422a4b9c1","twitninfuser2837","2026-07-22T03:02:04.218Z","70","account_farm_creation_massive","2","3370","3370","3369"
"42c06c71-be26-46da-a22c-3ea5e2a23aa2","twitninfuser2838","2026-07-22T03:02:04.218Z","70","account_farm_creation_massive","2","3370","3370","3369"
"f010aedc-1292-41cb-8159-7dc8052723f8","twitninfuser2839","2026-07-22T03:02:04.218Z","70","account_farm_creation_massive","2","3370","3370","3369"
"146167ad-ab0b-4067-922d-ce087f884fe4","twitninfuser2840","2026-07-22T03:02:04.218Z","70","account_farm_creation_massive","2","3370","3370","3369"
"ddc6d6f3-66ca-4897-ab7a-66b7c1df6ed8","twitninfuser2841","2026-07-22T03:02:04.218Z","70","account_farm_creation_massive","2","3370","3370","3369"
"cc89ce12-4eea-4332-b9cd-ee44f20258eb","twitninfuser2842","2026-07-22T03:02:04.218Z","70","account_farm_creation_massive","2","3370","3370","3369"
"54afb4d2-cdac-4c59-bf33-198e2a44de7e","twitninfuser2843","2026-07-22T03:02:04.218Z","70","account_farm_creation_massive","2","3370","3370","3369"
"c7b1a4a3-bc34-46b9-bf93-20cb3a8c9c15","twitninfuser2844","2026-07-22T03:02:04.218Z","70","account_farm_creation_massive","2","3370","3370","3369"
"2669f9ba-6361-47c7-8922-6c89dec38f63","twitninfuser2845","2026-07-22T03:02:04.218Z","70","account_farm_creation_massive","2","3370","3370","3369"
"5472d5c5-c3f6-46cc-a77c-faddec7f96b8","twitninfuser2846","2026-07-22T03:02:04.218Z","70","account_farm_creation_massive","2","3370","3370","3369"
"4ae241c7-c957-48a9-9be8-15e6d27d9d3d","twitninfuser2847","2026-07-22T03:02:04.218Z","70","account_farm_creation_massive","2","3370","3370","3369"
"72b19661-5f27-4d89-9a86-f566be7fa172","twitninfuser2848","2026-07-22T03:02:04.218Z","70","account_farm_creation_massive","2","3370","3370","3369"
"940bda63-105d-4c2d-aff3-f8bf665a34fa","twitninfuser2849","2026-07-22T03:02:04.218Z","70","account_farm_creation_massive","2","3370","3370","3369"
"8bf87d4e-0795-419e-9ce0-ceb7a4b3f751","twitninfuser2850","2026-07-22T03:02:04.218Z","70","account_farm_creation_massive","2","3370","3370","3369"
"fd04b29a-c7b7-4bd9-a661-eca02df5dd9f","twitninfuser2851","2026-07-22T03:02:04.218Z","70","account_farm_creation_massive","2","3370","3370","3369"
"a4b792cb-e048-4c87-9915-3604fec6e764","twitninfuser2852","2026-07-22T03:02:04.218Z","70","account_farm_creation_massive","2","3370","3370","3369"
"66a71bdb-9a2d-4bbe-b216-7b6dcc98b35f","twitninfuser2853","2026-07-22T03:02:04.218Z","70","account_farm_creation_massive","2","3370","3370","3369"
"4a5700d9-baa8-4840-8d59-d3955c8d59df","twitninfuser2854","2026-07-22T03:02:04.218Z","70","account_farm_creation_massive","2","3370","3370","3369"
"76fb4166-16e1-4d57-bd4c-64147cd7abd3","twitninfuser2855","2026-07-22T03:02:04.218Z","70","account_farm_creation_massive","2","3370","3370","3369"
"a6ce779f-d857-49b0-b721-78c9ac33c9e3","twitninfuser2856","2026-07-22T03:02:04.218Z","70","account_farm_creation_massive","2","3370","3370","3369"
"38637ea5-7737-4096-8af5-92530bb716b7","twitninfuser2857","2026-07-22T03:02:04.218Z","70","account_farm_creation_massive","2","3370","3370","3369"
"f50fd2f6-4671-4d22-a944-2c1e13dac058","twitninfuser2858","2026-07-22T03:02:04.218Z","70","account_farm_creation_massive","2","3370","3370","3369"
"16415dc1-0e3b-4a2a-8abf-eaa530c2e83a","twitninfuser2859","2026-07-22T03:02:04.218Z","70","account_farm_creation_massive","2","3370","3370","3369"
"27254da0-1162-4d68-9746-9fb822e8b11e","twitninfuser2860","2026-07-22T03:02:04.218Z","70","account_farm_creation_massive","2","3370","3370","3369"
"27611b47-2edf-4c29-a7a0-f324acecb13f","twitninfuser2861","2026-07-22T03:02:04.218Z","70","account_farm_creation_massive","2","3370","3370","3369"
"b2ff74de-d062-42cf-b18e-dc9dec5c4854","twitninfuser2862","2026-07-22T03:02:04.218Z","70","account_farm_creation_massive","2","3370","3370","3369"
"8a39295d-bf62-42e4-a735-bc68f96cacac","twitninfuser2863","2026-07-22T03:02:04.218Z","70","account_farm_creation_massive","2","3370","3370","3369"
"26edbadb-cfa2-48fd-9131-fe311b767165","twitninfuser2864","2026-07-22T03:02:04.218Z","70","account_farm_creation_massive","2","3370","3370","3369"
"43fed6dc-f2ea-4895-842b-8e7c1fe69c2b","twitninfuser2865","2026-07-22T03:02:04.218Z","70","account_farm_creation_massive","2","3370","3370","3369"
"d54c2caf-8b70-4a8e-935f-c2fc043ccc4f","twitninfuser2866","2026-07-22T03:02:04.218Z","70","account_farm_creation_massive","2","3370","3370","3369"
"f7c79d58-6cb5-4eb5-ac7a-aca75a0f8b15","twitninfuser2867","2026-07-22T03:02:04.218Z","70","account_farm_creation_massive","2","3370","3370","3369"
"375208aa-5f9c-47e4-a206-16d9789baab5","twitninfuser2868","2026-07-22T03:02:04.218Z","70","account_farm_creation_massive","2","3370","3370","3369"
"98c794d8-025a-4148-8f70-e55a50268b09","twitninfuser2869","2026-07-22T03:02:04.218Z","70","account_farm_creation_massive","2","3370","3370","3369"
"d2f0eabc-5c2d-4fe5-aca2-34a7a38e30e1","twitninfuser2870","2026-07-22T03:02:04.218Z","70","account_farm_creation_massive","2","3370","3370","3369"
"a310c345-0211-4044-b308-cf22acc87487","twitninfuser2871","2026-07-22T03:02:04.218Z","70","account_farm_creation_massive","2","3370","3370","3369"
"38baf474-d462-49ba-b012-ed9a9b41aa2d","twitninfuser2872","2026-07-22T03:02:04.218Z","70","account_farm_creation_massive","2","3370","3370","3369"
"f32222aa-62ed-455f-b69a-adbaa5242b05","twitninfuser2873","2026-07-22T03:02:04.218Z","70","account_farm_creation_massive","2","3370","3370","3369"
"c2b9ba19-a36f-4b37-a894-7a23ca5d55bc","twitninfuser2874","2026-07-22T03:02:04.218Z","70","account_farm_creation_massive","2","3370","3370","3369"
"8f909e83-0cbe-43fc-b22c-4e3ab3f1e467","twitninfuser2875","2026-07-22T03:02:04.218Z","70","account_farm_creation_massive","2","3370","3370","3369"
"a364585f-2701-4088-b4d7-f15ad1c8c743","twitninfuser2876","2026-07-22T03:02:04.218Z","70","account_farm_creation_massive","2","3370","3370","3369"
"4707ddba-5033-46d2-9eac-6bfeccfd3075","twitninfuser2877","2026-07-22T03:02:04.218Z","70","account_farm_creation_massive","2","3370","3370","3369"
"2bcdb597-db1e-498b-9d3a-5ec341449055","twitninfuser2878","2026-07-22T03:02:04.218Z","70","account_farm_creation_massive","2","3370","3370","3369"
"03c93960-fdeb-4303-b6f7-2f19119a2194","twitninfuser2879","2026-07-22T03:02:04.218Z","70","account_farm_creation_massive","2","3370","3370","3369"
"a878f5ed-882d-45f9-a18b-0b9fb7997a2a","twitninfuser2880","2026-07-22T03:02:04.218Z","70","account_farm_creation_massive","2","3370","3370","3369"
"abc3ee3d-9c33-41a6-b478-08b4bebab7dc","twitninfuser2881","2026-07-22T03:02:04.218Z","70","account_farm_creation_massive","2","3370","3370","3369"
"361bd368-c27b-4fc4-bd3e-97cad4eb06d2","twitninfuser2882","2026-07-22T03:02:04.218Z","70","account_farm_creation_massive","2","3370","3370","3369"
"57231de4-ccd7-4641-a215-4a07a1fc8d2b","twitninfuser2883","2026-07-22T03:02:04.218Z","70","account_farm_creation_massive","2","3370","3370","3369"
"459a4ae5-356b-43ab-92a1-93439cb51a9b","twitninfuser2884","2026-07-22T03:02:04.218Z","70","account_farm_creation_massive","2","3370","3370","3369"
"66dc40ac-f941-49db-947c-7dc3466ecfe3","twitninfuser2885","2026-07-22T03:02:04.218Z","70","account_farm_creation_massive","2","3370","3370","3369"
"31a33a21-4a81-46dd-af9c-7e1c3001b14c","twitninfuser2886","2026-07-22T03:02:04.218Z","70","account_farm_creation_massive","2","3370","3370","3369"
"86767caf-673b-47eb-9ccf-f0a52153effe","twitninfuser2887","2026-07-22T03:02:04.218Z","70","account_farm_creation_massive","2","3370","3370","3369"
"87743fa9-0c8d-4281-b496-c162e84bc9fb","twitninfuser2888","2026-07-22T03:02:04.218Z","70","account_farm_creation_massive","2","3370","3370","3369"
"0b724f27-79bf-4aac-b88b-2b490ecf5923","twitninfuser2889","2026-07-22T03:02:04.218Z","70","account_farm_creation_massive","2","3370","3370","3369"
"84a23dc8-fd23-4a71-a5b3-d9dac4338325","twitninfuser2890","2026-07-22T03:02:04.218Z","70","account_farm_creation_massive","2","3370","3370","3369"
"1487c25f-10c2-41c7-ae9a-73c08feefc29","twitninfuser2891","2026-07-22T03:02:04.218Z","70","account_farm_creation_massive","2","3370","3370","3369"
"471531ec-f8d5-4e63-837d-3807d2bc1955","twitninfuser2892","2026-07-22T03:02:04.218Z","70","account_farm_creation_massive","2","3370","3370","3369"
"2dc7c135-a64e-41a3-8fcd-e1a59daa9378","twitninfuser2893","2026-07-22T03:02:04.218Z","70","account_farm_creation_massive","2","3370","3370","3369"
"124f3f2a-7f8c-46a6-9035-238ca820cd7d","twitninfuser2894","2026-07-22T03:02:04.218Z","70","account_farm_creation_massive","2","3370","3370","3369"
"25131261-30b5-4b0c-afb6-7d84b0052c6a","twitninfuser2895","2026-07-22T03:02:04.218Z","70","account_farm_creation_massive","2","3370","3370","3369"
"2a400d01-e798-4d25-9234-3b1d361315bf","twitninfuser2896","2026-07-22T03:02:04.218Z","70","account_farm_creation_massive","2","3370","3370","3369"
"82dc0faa-64db-40a0-abf4-f2863f171031","twitninfuser2897","2026-07-22T03:02:04.218Z","70","account_farm_creation_massive","2","3370","3370","3369"
"8097db3b-747d-43ec-9f96-ae80e75d2242","twitninfuser2898","2026-07-22T03:02:04.218Z","70","account_farm_creation_massive","2","3370","3370","3369"
"15971495-8500-46b3-bedc-c2bd8c197ed7","twitninfuser2899","2026-07-22T03:02:04.218Z","70","account_farm_creation_massive","2","3370","3370","3369"
"651fcd82-2399-4ab4-aa7b-4bb290c22a0d","twitninfuser2900","2026-07-22T03:02:04.218Z","70","account_farm_creation_massive","2","3370","3370","3369"
"3107e2a2-2e49-4df8-9570-e26f260d9208","twitninfuser2901","2026-07-22T03:02:04.218Z","70","account_farm_creation_massive","2","3370","3370","3369"
"629c80de-cc9d-42ad-a9dc-842284dea859","twitninfuser2902","2026-07-22T03:02:04.218Z","70","account_farm_creation_massive","2","3370","3370","3369"
"5558e611-da44-4161-bb7f-d7a5cbf854d2","twitninfuser2903","2026-07-22T03:02:04.218Z","70","account_farm_creation_massive","2","3370","3370","3369"
"ed30f12a-6db6-49fa-95dc-a398f2fa82bd","twitninfuser2904","2026-07-22T03:02:04.218Z","70","account_farm_creation_massive","2","3370","3370","3369"
"9bb7210c-49a9-4293-83a0-f1d45b7d37d2","twitninfuser2905","2026-07-22T03:02:04.218Z","70","account_farm_creation_massive","2","3370","3370","3369"
"53e3b040-0197-4337-8b51-a20bfd832634","twitninfuser2906","2026-07-22T03:02:04.218Z","70","account_farm_creation_massive","2","3370","3370","3369"
"3094c96b-b3b2-471b-b514-4e2bc4b53442","twitninfuser2907","2026-07-22T03:02:04.218Z","70","account_farm_creation_massive","2","3370","3370","3369"
"8691ba81-9172-45f1-9a3c-a8930ebfbe25","twitninfuser2908","2026-07-22T03:02:04.218Z","70","account_farm_creation_massive","2","3370","3370","3369"
"c71dd76e-0ad5-4b18-800b-1c5e0e0dd204","twitninfuser2909","2026-07-22T03:02:04.218Z","70","account_farm_creation_massive","2","3370","3370","3369"
"33a82d38-dcb6-47d0-8f75-6c2512f35c64","twitninfuser2910","2026-07-22T03:02:04.218Z","70","account_farm_creation_massive","2","3370","3370","3369"
"df1abb52-5449-4496-886d-6a5e35bb92f7","twitninfuser2911","2026-07-22T03:02:04.218Z","70","account_farm_creation_massive","2","3370","3370","3369"
"353ebcff-cfd0-46be-9d9f-b84f50049788","twitninfuser2912","2026-07-22T03:02:04.218Z","70","account_farm_creation_massive","2","3370","3370","3369"
"b0a6647f-1e17-4f69-a2ff-d94d38e35c58","twitninfuser2913","2026-07-22T03:02:04.218Z","70","account_farm_creation_massive","2","3370","3370","3369"
"8f8119c6-cf92-46fc-a9fe-69aede3f666a","twitninfuser2914","2026-07-22T03:02:04.218Z","70","account_farm_creation_massive","2","3370","3370","3369"
"dd4196dd-60f2-424e-8344-57ba528c34a7","twitninfuser2915","2026-07-22T03:02:04.218Z","70","account_farm_creation_massive","2","3370","3370","3369"
"5adb6044-f4cc-443a-9b07-d41857734388","twitninfuser2916","2026-07-22T03:02:04.218Z","70","account_farm_creation_massive","2","3370","3370","3369"
"dfdadde6-66c5-4a41-97bb-8942553bfae4","twitninfuser2917","2026-07-22T03:02:04.218Z","70","account_farm_creation_massive","2","3370","3370","3369"
"9ba49965-2b36-4dab-8de7-35ad68404e0e","twitninfuser2918","2026-07-22T03:02:04.218Z","70","account_farm_creation_massive","2","3370","3370","3369"
"69c2ccfa-06a0-45de-8af8-a16db4b0ad8e","twitninfuser2919","2026-07-22T03:02:04.218Z","70","account_farm_creation_massive","2","3370","3370","3369"
"a2a36b76-114a-4950-846b-6da4f1ab0f9a","twitninfuser2920","2026-07-22T03:02:04.218Z","70","account_farm_creation_massive","2","3370","3370","3369"
"b67d92c3-1103-467d-b2e1-eb31c6c4693a","twitninfuser2921","2026-07-22T03:02:04.218Z","70","account_farm_creation_massive","2","3370","3370","3369"
"13e7d25c-ef5d-48c8-a159-0e64876ad7bf","twitninfuser2922","2026-07-22T03:02:04.218Z","70","account_farm_creation_massive","2","3370","3370","3369"
"fd45623e-c61f-4b43-af69-bc1564cff312","twitninfuser2923","2026-07-22T03:02:04.218Z","70","account_farm_creation_massive","2","3370","3370","3369"
"dfa0a852-eb12-4096-afea-9cf9893326b6","twitninfuser2924","2026-07-22T03:02:04.218Z","70","account_farm_creation_massive","2","3370","3370","3369"
"aab27363-9495-4012-8900-984052e5e4df","twitninfuser2925","2026-07-22T03:02:04.218Z","70","account_farm_creation_massive","2","3370","3370","3369"
"44951fd7-bdb0-4442-89db-096508fd917d","twitninfuser2926","2026-07-22T03:02:04.218Z","70","account_farm_creation_massive","2","3370","3370","3369"
"eb26e742-5213-4257-908f-f888974e0682","twitninfuser2927","2026-07-22T03:02:04.218Z","70","account_farm_creation_massive","2","3370","3370","3369"
"0f887b27-7c79-48ba-a716-19287f7bc8ee","twitninfuser2928","2026-07-22T03:02:04.218Z","70","account_farm_creation_massive","2","3370","3370","3369"
"40a13c4e-3f1e-4ed2-8f7c-24445297c114","twitninfuser2929","2026-07-22T03:02:04.218Z","70","account_farm_creation_massive","2","3370","3370","3369"
"d34f6424-333c-4d93-8c7a-4610d1c64ea1","twitninfuser2930","2026-07-22T03:02:04.218Z","70","account_farm_creation_massive","2","3370","3370","3369"
"990efe6b-d417-4995-872d-73564fc26da4","twitninfuser2931","2026-07-22T03:02:04.218Z","70","account_farm_creation_massive","2","3370","3370","3369"
"65b50fe8-2e46-4a09-a2e1-e07d80bf39d5","twitninfuser2932","2026-07-22T03:02:04.218Z","70","account_farm_creation_massive","2","3370","3370","3369"
"4693a30b-569d-4e63-a5d7-6f1d6ad8ec5a","twitninfuser2933","2026-07-22T03:02:04.218Z","70","account_farm_creation_massive","2","3370","3370","3369"
"695a6985-35bd-428b-a38d-7ff143392355","twitninfuser2934","2026-07-22T03:02:04.218Z","70","account_farm_creation_massive","2","3370","3370","3369"
"02cb1736-e054-460a-be66-5275d9c504fa","twitninfuser2935","2026-07-22T03:02:04.218Z","70","account_farm_creation_massive","2","3370","3370","3369"
"e83bb47a-3b0a-4096-a972-40447d90dd57","twitninfuser2936","2026-07-22T03:02:04.218Z","70","account_farm_creation_massive","2","3370","3370","3369"
"bee5e1c5-15bd-495d-99ba-159f4fdc55ad","twitninfuser2937","2026-07-22T03:02:04.218Z","70","account_farm_creation_massive","2","3370","3370","3369"
"be987ac5-ba91-4214-a309-a39a5b04d6e2","twitninfuser2938","2026-07-22T03:02:04.218Z","70","account_farm_creation_massive","2","3370","3370","3369"
"d3539c9a-71ec-4550-9b3f-231247defbec","twitninfuser2939","2026-07-22T03:02:04.218Z","70","account_farm_creation_massive","2","3370","3370","3369"
"09fa0899-b2f4-4e03-9b45-d75329f1e1e1","twitninfuser2940","2026-07-22T03:02:04.218Z","70","account_farm_creation_massive","2","3370","3370","3369"
"7e88e2bb-7e9c-42ae-aaa6-35df5e99fd5b","twitninfuser2941","2026-07-22T03:02:04.218Z","70","account_farm_creation_massive","2","3370","3370","3369"
"f0408cf0-a909-4632-9d4c-7c522f0a53ce","twitninfuser2942","2026-07-22T03:02:04.218Z","70","account_farm_creation_massive","2","3370","3370","3369"
"705694de-fe87-4b3e-b435-5e66bcae24f3","twitninfuser2943","2026-07-22T03:02:04.218Z","70","account_farm_creation_massive","2","3370","3370","3369"
"64838571-0941-4544-8654-7c9ba0feed3d","twitninfuser2944","2026-07-22T03:02:04.218Z","70","account_farm_creation_massive","2","3370","3370","3369"
"4d594cb0-d2b3-48bb-98d6-e757a5849fcb","twitninfuser2945","2026-07-22T03:02:04.218Z","70","account_farm_creation_massive","2","3370","3370","3369"
"5eca9116-1edb-4390-b025-3b5ddbb9464d","twitninfuser2946","2026-07-22T03:02:04.218Z","70","account_farm_creation_massive","2","3370","3370","3369"
"85e0496e-592b-4146-9984-846edae48594","twitninfuser2947","2026-07-22T03:02:04.218Z","70","account_farm_creation_massive","2","3370","3370","3369"
"f3bcab01-352a-479b-9cc9-b16d7afcd65b","twitninfuser2948","2026-07-22T03:02:04.218Z","70","account_farm_creation_massive","2","3370","3370","3369"
"38678748-da00-4dcc-aaf6-418e7adf46b1","twitninfuser2949","2026-07-22T03:02:04.218Z","70","account_farm_creation_massive","2","3370","3370","3369"
"451838e5-f405-4525-a90d-673fafceac45","twitninfuser2950","2026-07-22T03:02:04.218Z","70","account_farm_creation_massive","2","3370","3370","3369"
"6f589123-987a-4fde-b564-cc7592dabbdf","twitninfuser2951","2026-07-22T03:02:04.218Z","70","account_farm_creation_massive","2","3370","3370","3369"
"9a5f218b-a130-4ca2-9fc8-1620473f4461","twitninfuser2952","2026-07-22T03:02:04.218Z","70","account_farm_creation_massive","2","3370","3370","3369"
"7cf751d7-21f7-45e8-97b8-8067ccce0f35","twitninfuser2953","2026-07-22T03:02:04.218Z","70","account_farm_creation_massive","2","3370","3370","3369"
"0d83ab6d-fe99-4d72-b79c-8fba16361f2f","twitninfuser2954","2026-07-22T03:02:04.218Z","70","account_farm_creation_massive","2","3370","3370","3369"
"098e7331-90ad-44ae-bf56-f1544f435fba","twitninfuser2955","2026-07-22T03:02:04.218Z","70","account_farm_creation_massive","2","3370","3370","3369"
"4a79e3bc-12ed-4a38-8bd5-6e0375b318a6","twitninfuser2956","2026-07-22T03:02:04.218Z","70","account_farm_creation_massive","2","3370","3370","3369"
"24ed4869-7aec-48d8-ae58-e5dd1002f14d","twitninfuser2957","2026-07-22T03:02:04.218Z","70","account_farm_creation_massive","2","3370","3370","3369"
"367acf9b-f0bc-477e-8c91-9460973ce338","twitninfuser2958","2026-07-22T03:02:04.218Z","70","account_farm_creation_massive","2","3370","3370","3369"
"9e203daa-296a-4a14-91e1-3041d3b7b859","twitninfuser2959","2026-07-22T03:02:04.218Z","70","account_farm_creation_massive","2","3370","3370","3369"
"a76cd5d5-cd53-4377-a96f-b146faa8986a","twitninfuser2960","2026-07-22T03:02:04.218Z","70","account_farm_creation_massive","2","3370","3370","3369"
"c09f3f0a-1d09-4191-b7e4-22de1484b285","twitninfuser2961","2026-07-22T03:02:04.218Z","70","account_farm_creation_massive","2","3370","3370","3369"
"2410755c-8356-41e2-a369-6a9af8ac2cfa","twitninfuser2962","2026-07-22T03:02:04.218Z","70","account_farm_creation_massive","2","3370","3370","3369"
"8eaaf795-20e4-421e-8ac2-116f251baea9","twitninfuser2963","2026-07-22T03:02:04.218Z","70","account_farm_creation_massive","2","3370","3370","3369"
"c36a0539-9571-45f0-bc5a-d035fc1c6b72","twitninfuser2964","2026-07-22T03:02:04.218Z","70","account_farm_creation_massive","2","3370","3370","3369"
"671392b6-bde9-48ed-8ab8-4156106cc095","twitninfuser2965","2026-07-22T03:02:04.218Z","70","account_farm_creation_massive","2","3370","3370","3369"
"ea35c597-23db-4642-9272-eddec0c2a183","twitninfuser2966","2026-07-22T03:02:04.218Z","70","account_farm_creation_massive","2","3370","3370","3369"
"ec325f44-26ea-4221-bd35-130d4b48ba0e","twitninfuser2967","2026-07-22T03:02:04.218Z","70","account_farm_creation_massive","2","3370","3370","3369"
"2d60c643-48e0-406b-910e-913f5df9426b","twitninfuser2968","2026-07-22T03:02:04.218Z","70","account_farm_creation_massive","2","3370","3370","3369"
"809f67d2-0461-4199-9641-66b30c2676d9","twitninfuser2969","2026-07-22T03:02:04.218Z","70","account_farm_creation_massive","2","3370","3370","3369"
"5451d586-c7e6-4214-8d4f-119436eec295","twitninfuser2970","2026-07-22T03:02:04.218Z","70","account_farm_creation_massive","2","3370","3370","3369"
"713675b6-0a94-4920-a75f-6ff187b4bb0a","twitninfuser2971","2026-07-22T03:02:04.218Z","70","account_farm_creation_massive","2","3370","3370","3369"
"aa521b47-642e-4a48-9e43-0a61ed5fd674","twitninfuser2972","2026-07-22T03:02:04.218Z","70","account_farm_creation_massive","2","3370","3370","3369"
"9de9a683-c756-4f3a-80e1-0d91acb79505","twitninfuser2973","2026-07-22T03:02:04.218Z","70","account_farm_creation_massive","2","3370","3370","3369"
"c635752b-2b76-4d20-83cd-b271e7b35e8d","twitninfuser2974","2026-07-22T03:02:04.218Z","70","account_farm_creation_massive","2","3370","3370","3369"
"ac3961b1-2383-4f7c-aa05-51cbb5c04243","twitninfuser2975","2026-07-22T03:02:04.218Z","70","account_farm_creation_massive","2","3370","3370","3369"
"ce8326bf-8793-47bb-a980-e4c6af766966","twitninfuser2976","2026-07-22T03:02:04.218Z","70","account_farm_creation_massive","2","3370","3370","3369"
"5a4f714e-7b56-400f-934f-320af97840f6","twitninfuser2977","2026-07-22T03:02:04.218Z","70","account_farm_creation_massive","2","3370","3370","3369"
"45efd6cd-0538-4ac5-9e6f-a410642ab368","twitninfuser2978","2026-07-22T03:02:04.218Z","70","account_farm_creation_massive","2","3370","3370","3369"
"edba08a6-57e3-4206-a281-da8ebf9bbbd0","twitninfuser2979","2026-07-22T03:02:04.218Z","70","account_farm_creation_massive","2","3370","3370","3369"
"9b4fc681-a5b3-4ce3-9c99-094243150cf3","twitninfuser2980","2026-07-22T03:02:04.218Z","70","account_farm_creation_massive","2","3370","3370","3369"
"c5d1af21-9fff-4ddf-bc31-44134ec4177f","twitninfuser2981","2026-07-22T03:02:04.218Z","70","account_farm_creation_massive","2","3370","3370","3369"
"12df4eaa-02d8-44b8-afa8-9dcf87ff778a","twitninfuser2982","2026-07-22T03:02:04.218Z","70","account_farm_creation_massive","2","3370","3370","3369"
"20c63aa3-0526-44e2-91b4-3f2a334f2b5a","twitninfuser2983","2026-07-22T03:02:04.218Z","70","account_farm_creation_massive","2","3370","3370","3369"
"d54b3273-aeea-4c0c-aaf2-fe2fabc7ee3c","twitninfuser2984","2026-07-22T03:02:04.218Z","70","account_farm_creation_massive","2","3370","3370","3369"
"6be6b26b-ba77-45fb-b211-86519dff145e","twitninfuser2985","2026-07-22T03:02:04.218Z","70","account_farm_creation_massive","2","3370","3370","3369"
"caa86066-2f44-4a0a-be4c-289c1e2b4f57","twitninfuser2986","2026-07-22T03:02:04.218Z","70","account_farm_creation_massive","2","3370","3370","3369"
"1df6ee5c-275e-44a5-bdde-24faa3bac29a","twitninfuser2987","2026-07-22T03:02:04.218Z","70","account_farm_creation_massive","2","3370","3370","3369"
"6edd8307-b5a0-46f5-b5df-93664d5a1bc7","twitninfuser2988","2026-07-22T03:02:04.218Z","70","account_farm_creation_massive","2","3370","3370","3369"
"c6aaf068-656f-4f0c-a440-8cdc169eb14b","twitninfuser2989","2026-07-22T03:02:04.218Z","70","account_farm_creation_massive","2","3370","3370","3369"
"15e02b5f-f4e3-41d0-be26-a3a9e03f47ac","twitninfuser2990","2026-07-22T03:02:04.219Z","70","account_farm_creation_massive","2","3370","3370","3369"
"a46fb674-eb40-4cc4-a87f-bc4eb5c97c5a","twitninfuser2991","2026-07-22T03:02:04.219Z","70","account_farm_creation_massive","2","3370","3370","3369"
"196814da-d753-4623-9254-aed9363497ad","twitninfuser2992","2026-07-22T03:02:04.219Z","70","account_farm_creation_massive","2","3370","3370","3369"
"687dff71-0a0e-4edf-a103-2f0dd3d9e68a","twitninfuser2993","2026-07-22T03:02:04.219Z","70","account_farm_creation_massive","2","3370","3370","3369"
"3a0dfde2-8465-4b3b-8187-8d5cb0e6e706","twitninfuser2994","2026-07-22T03:02:04.219Z","70","account_farm_creation_massive","2","3370","3370","3369"
"1d1f11b1-a257-424d-912f-a4d0b7b711c7","twitninfuser2995","2026-07-22T03:02:04.219Z","70","account_farm_creation_massive","2","3370","3370","3369"
"cad3442a-773c-41d5-a0b3-5aa7d0afe2e7","twitninfuser2996","2026-07-22T03:02:04.219Z","70","account_farm_creation_massive","2","3370","3370","3369"
"89e10704-f35f-4163-bb7b-b800bf31ee92","twitninfuser2997","2026-07-22T03:02:04.219Z","70","account_farm_creation_massive","2","3370","3370","3369"
"0223bca1-bfd0-4ce0-bc46-aaafaccf1a25","twitninfuser2998","2026-07-22T03:02:04.219Z","70","account_farm_creation_massive","2","3370","3370","3369"
"360ba36e-0d0a-42d4-9c2a-276a59739233","twitninfuser2999","2026-07-22T03:02:04.219Z","70","account_farm_creation_massive","2","3370","3370","3369"
"d60c6f47-bf78-4371-ada2-a1bfe34468ba","twitninfuser3000","2026-07-22T03:02:04.219Z","70","account_farm_creation_massive","2","3370","3370","3369"
"54912a07-d443-4c45-90d9-cd3e94e71b5b","twitninfuser3001","2026-07-22T03:02:04.219Z","70","account_farm_creation_massive","2","3370","3370","3369"
"2878f0fb-d7cd-423d-a46b-7269d78f8f05","twitninfuser3002","2026-07-22T03:02:04.219Z","70","account_farm_creation_massive","2","3370","3370","3369"
"27916489-d768-47c7-9f60-3ce7e8e8619b","twitninfuser3003","2026-07-22T03:02:04.219Z","70","account_farm_creation_massive","2","3370","3370","3369"
"ffb6bbb2-91ca-40f1-a5c9-1238f8ddb956","twitninfuser3004","2026-07-22T03:02:04.219Z","70","account_farm_creation_massive","2","3370","3370","3369"
"8a067ab0-7423-4f0f-b4b0-38462ce4aa02","twitninfuser3005","2026-07-22T03:02:04.219Z","70","account_farm_creation_massive","2","3370","3370","3369"
"b98b07c4-63e2-48ac-ab78-e34f7fde9b85","twitninfuser3006","2026-07-22T03:02:04.219Z","70","account_farm_creation_massive","2","3370","3370","3369"
"345e36d3-5751-4d28-8386-10a74daf6617","twitninfuser3007","2026-07-22T03:02:04.219Z","70","account_farm_creation_massive","2","3370","3370","3369"
"d5490f6c-dca5-4500-9013-9cb2194df226","twitninfuser3008","2026-07-22T03:02:04.219Z","70","account_farm_creation_massive","2","3370","3370","3369"
"3b090d7e-9e05-4e27-99d0-77eda282ff86","twitninfuser3009","2026-07-22T03:02:04.219Z","70","account_farm_creation_massive","2","3370","3370","3369"
"afb7bb93-8221-4695-bbcc-83a80c96eded","twitninfuser3010","2026-07-22T03:02:04.219Z","70","account_farm_creation_massive","2","3370","3370","3369"
"8428ad14-dfe0-4287-85fc-5f0436d158e6","twitninfuser3011","2026-07-22T03:02:04.219Z","70","account_farm_creation_massive","2","3370","3370","3369"
"79d04d17-1f5a-451a-aeb5-0b63b068fcb3","twitninfuser3012","2026-07-22T03:02:04.219Z","70","account_farm_creation_massive","2","3370","3370","3369"
"73aca866-8673-4be1-806f-9e150a03e0a8","twitninfuser3013","2026-07-22T03:02:04.219Z","70","account_farm_creation_massive","2","3370","3370","3369"
"ed8be683-cffb-477e-93b6-10f29a9fd985","twitninfuser3014","2026-07-22T03:02:04.219Z","70","account_farm_creation_massive","2","3370","3370","3369"
"424a38cc-42b6-4562-8e9b-6fe06e7fbec2","twitninfuser3015","2026-07-22T03:02:04.219Z","70","account_farm_creation_massive","2","3370","3370","3369"
"204867ca-f6af-4419-8bef-29369ef88485","twitninfuser3016","2026-07-22T03:02:04.219Z","70","account_farm_creation_massive","2","3370","3370","3369"
"2276e7b6-5735-4c6c-8096-838c766ddd49","twitninfuser3017","2026-07-22T03:02:04.219Z","70","account_farm_creation_massive","2","3370","3370","3369"
"bc2b2ad4-1c75-4d50-b528-dd3bcca69876","twitninfuser3018","2026-07-22T03:02:04.219Z","70","account_farm_creation_massive","2","3370","3370","3369"
"21de7cd3-e139-4676-9251-7d9876bfa6fd","twitninfuser3019","2026-07-22T03:02:04.219Z","70","account_farm_creation_massive","2","3370","3370","3369"
"92641f1a-24ed-4fec-89ee-339f8200b077","twitninfuser3020","2026-07-22T03:02:04.219Z","70","account_farm_creation_massive","2","3370","3370","3369"
"bc1d33f6-bef5-4be0-b4d3-9765f4d2c0a4","twitninfuser3021","2026-07-22T03:02:04.219Z","70","account_farm_creation_massive","2","3370","3370","3369"
"d08a5411-47c2-41cc-be19-dd5afc1180df","twitninfuser3022","2026-07-22T03:02:04.219Z","70","account_farm_creation_massive","2","3370","3370","3369"
"d918c8f4-ad8f-402f-9fce-2e02b923d5f2","twitninfuser3023","2026-07-22T03:02:04.219Z","70","account_farm_creation_massive","2","3370","3370","3369"
"386fe32a-2028-4557-a3ee-d491fdf78eb4","twitninfuser3024","2026-07-22T03:02:04.219Z","70","account_farm_creation_massive","2","3370","3370","3369"
"e354ee23-4c45-4273-b065-083951a12a80","twitninfuser3025","2026-07-22T03:02:04.219Z","70","account_farm_creation_massive","2","3370","3370","3369"
"e49ca248-e907-4d34-95ea-6f095ef96b08","twitninfuser3026","2026-07-22T03:02:04.219Z","70","account_farm_creation_massive","2","3370","3370","3369"
"ec8c32ed-bf02-4e36-a2a5-b6a9df301df5","twitninfuser3027","2026-07-22T03:02:04.219Z","70","account_farm_creation_massive","2","3370","3370","3369"
"4611d0a3-a9cc-4954-90d6-d0fa408e6c4c","twitninfuser3028","2026-07-22T03:02:04.219Z","70","account_farm_creation_massive","2","3370","3370","3369"
"871eb9f3-9a67-43f7-856e-130afc2433e6","twitninfuser3029","2026-07-22T03:02:04.219Z","70","account_farm_creation_massive","2","3370","3370","3369"
"ec2b946d-aec3-4655-b302-f1309ad62f68","twitninfuser3030","2026-07-22T03:02:04.219Z","70","account_farm_creation_massive","2","3370","3370","3369"
"2fb9611a-57ca-42bb-a52d-1817f1c3a0d6","twitninfuser3031","2026-07-22T03:02:04.219Z","70","account_farm_creation_massive","2","3370","3370","3369"
"8b4686a0-cf38-4224-b2f9-ed5bc8890cb5","twitninfuser3032","2026-07-22T03:02:04.219Z","70","account_farm_creation_massive","2","3370","3370","3369"
"6ec32513-6fda-4c63-843c-ada39cb6904a","twitninfuser3033","2026-07-22T03:02:04.219Z","70","account_farm_creation_massive","2","3370","3370","3369"
"7e0182bf-6518-4ecf-b134-060c5034930d","twitninfuser3034","2026-07-22T03:02:04.219Z","70","account_farm_creation_massive","2","3370","3370","3369"
"fe9d39df-ac62-4fd0-9d9e-c7d82f951bce","twitninfuser3035","2026-07-22T03:02:04.219Z","70","account_farm_creation_massive","2","3370","3370","3369"
"98b087ec-077b-44b1-a6a6-ed46cd9ccb1f","twitninfuser3036","2026-07-22T03:02:04.219Z","70","account_farm_creation_massive","2","3370","3370","3369"
"d91d8a84-d7a8-4ea9-a0ab-9c9295da2912","twitninfuser3037","2026-07-22T03:02:04.219Z","70","account_farm_creation_massive","2","3370","3370","3369"
"9ef42c4a-d240-427d-8350-368e28bc74f5","twitninfuser3038","2026-07-22T03:02:04.219Z","70","account_farm_creation_massive","2","3370","3370","3369"
"545c187a-78d4-4e63-9c12-0980c06eb6b4","twitninfuser3039","2026-07-22T03:02:04.219Z","70","account_farm_creation_massive","2","3370","3370","3369"
"54544e7b-8b52-46dd-a402-065dde77ceab","twitninfuser3040","2026-07-22T03:02:04.219Z","70","account_farm_creation_massive","2","3370","3370","3369"
"10ff18b2-3d41-4be8-aa96-fb103dafc5f0","twitninfuser3041","2026-07-22T03:02:04.219Z","70","account_farm_creation_massive","2","3370","3370","3369"
"1080ed5c-ae9e-4e9e-82cf-044248093953","twitninfuser3042","2026-07-22T03:02:04.219Z","70","account_farm_creation_massive","2","3370","3370","3369"
"e4527ec9-f8d9-4dba-ab12-e1ca705a4b10","twitninfuser3043","2026-07-22T03:02:04.219Z","70","account_farm_creation_massive","2","3370","3370","3369"
"ae5b2ef9-de70-4e84-9539-6033bc655b02","twitninfuser3044","2026-07-22T03:02:04.219Z","70","account_farm_creation_massive","2","3370","3370","3369"
"60f7d9f6-5caa-48a0-8d42-a3a120031d34","twitninfuser3045","2026-07-22T03:02:04.219Z","70","account_farm_creation_massive","2","3370","3370","3369"
"93c91c53-ea00-4f99-b03e-700fd3812a21","twitninfuser3046","2026-07-22T03:02:04.219Z","70","account_farm_creation_massive","2","3370","3370","3369"
"7301657a-1e4f-45ca-a091-b124387c8f4d","twitninfuser3047","2026-07-22T03:02:04.219Z","70","account_farm_creation_massive","2","3370","3370","3369"
"e151f111-3074-4ee9-a15a-e5170846ab25","twitninfuser3048","2026-07-22T03:02:04.219Z","70","account_farm_creation_massive","2","3370","3370","3369"
"0a9da29f-c132-4822-91ee-384976371d27","twitninfuser3049","2026-07-22T03:02:04.219Z","70","account_farm_creation_massive","2","3370","3370","3369"
"389e32f8-b3a5-4b76-b3fc-a1eec215f6e2","twitninfuser3050","2026-07-22T03:02:04.219Z","70","account_farm_creation_massive","2","3370","3370","3369"
"31834878-a012-4d1f-bacf-d4e751cf47a2","twitninfuser3051","2026-07-22T03:02:04.219Z","70","account_farm_creation_massive","2","3370","3370","3369"
"c29f0689-476a-4da9-a309-6bbca954953c","twitninfuser3052","2026-07-22T03:02:04.219Z","70","account_farm_creation_massive","2","3370","3370","3369"
"b22524c9-14fb-49e6-81ef-403d2b5534e3","twitninfuser3053","2026-07-22T03:02:04.219Z","70","account_farm_creation_massive","2","3370","3370","3369"
"645dabf1-e545-472e-90b4-bd1065a8ae2f","twitninfuser3054","2026-07-22T03:02:04.219Z","70","account_farm_creation_massive","2","3370","3370","3369"
"d8f6011c-0766-466b-9a89-546fb5bcb34c","twitninfuser3055","2026-07-22T03:02:04.219Z","70","account_farm_creation_massive","2","3370","3370","3369"
"cd5384c8-804f-40c5-96b7-2ea195d0f9f7","twitninfuser3056","2026-07-22T03:02:04.219Z","70","account_farm_creation_massive","2","3370","3370","3369"
"8aeb3d8b-647a-4bce-8a21-eb405d9eeddb","twitninfuser3057","2026-07-22T03:02:04.219Z","70","account_farm_creation_massive","2","3370","3370","3369"
"25682177-9e1d-40bd-988c-6781c531030f","twitninfuser3058","2026-07-22T03:02:04.219Z","70","account_farm_creation_massive","2","3370","3370","3369"
"5ea9689a-8537-4f58-a706-3d1db4d11bc0","twitninfuser3059","2026-07-22T03:02:04.219Z","70","account_farm_creation_massive","2","3370","3370","3369"
"fdd2ef04-f5a9-4a29-a719-d2bb93bce5ee","twitninfuser3060","2026-07-22T03:02:04.219Z","70","account_farm_creation_massive","2","3370","3370","3369"
"24963cc7-9baa-4b05-ac6e-eeabad6e3e54","twitninfuser3061","2026-07-22T03:02:04.219Z","70","account_farm_creation_massive","2","3370","3370","3369"
"53bed435-90c3-4696-a9c6-6e0ba2fdb26b","twitninfuser3062","2026-07-22T03:02:04.219Z","70","account_farm_creation_massive","2","3370","3370","3369"
"fe6adc49-d96c-4bac-a460-ddf2cce6326b","twitninfuser3063","2026-07-22T03:02:04.219Z","70","account_farm_creation_massive","2","3370","3370","3369"
"8c4f222a-1b6e-4bd4-889c-c9d5cb5e37e0","twitninfuser3064","2026-07-22T03:02:04.219Z","70","account_farm_creation_massive","2","3370","3370","3369"
"e8922153-c1d4-42d9-ab13-d552af993ea9","twitninfuser3065","2026-07-22T03:02:04.219Z","70","account_farm_creation_massive","2","3370","3370","3369"
"e7c4ec4e-1b3d-4eea-914f-fe364561a918","twitninfuser3066","2026-07-22T03:02:04.219Z","70","account_farm_creation_massive","2","3370","3370","3369"
"b2f0370c-20b6-4553-8055-a525fc1fb86e","twitninfuser3067","2026-07-22T03:02:04.219Z","70","account_farm_creation_massive","2","3370","3370","3369"
"b2953330-ddd8-47bb-b989-a68820ca6c7c","twitninfuser3068","2026-07-22T03:02:04.219Z","70","account_farm_creation_massive","2","3370","3370","3369"
"365c8f9d-8def-46da-b4d2-0362400059e3","twitninfuser3069","2026-07-22T03:02:04.219Z","70","account_farm_creation_massive","2","3370","3370","3369"
"17ce4650-97a4-4d37-9c42-a76de6890fd4","twitninfuser3070","2026-07-22T03:02:04.219Z","70","account_farm_creation_massive","2","3370","3370","3369"
"6060aedf-7437-4259-9958-36a26d5c1ea1","twitninfuser3071","2026-07-22T03:02:04.219Z","70","account_farm_creation_massive","2","3370","3370","3369"
"47aaa9b3-6855-4025-81cd-e4abe43c2064","twitninfuser3072","2026-07-22T03:02:04.219Z","70","account_farm_creation_massive","2","3370","3370","3369"
"59c9e84b-9fdc-4fda-a368-3a758ff5fa55","twitninfuser3073","2026-07-22T03:02:04.219Z","70","account_farm_creation_massive","2","3370","3370","3369"
"501e0cd7-3703-459e-8952-2a9fb2594287","twitninfuser3074","2026-07-22T03:02:04.219Z","70","account_farm_creation_massive","2","3370","3370","3369"
"cc1146d5-fec9-4230-b8c3-902f2ee52330","twitninfuser3075","2026-07-22T03:02:04.219Z","70","account_farm_creation_massive","2","3370","3370","3369"
"78d1a8fc-3031-4d5c-b2f9-554dff0bee69","twitninfuser3076","2026-07-22T03:02:04.219Z","70","account_farm_creation_massive","2","3370","3370","3369"
"7f264ed5-6699-4695-ad63-109b9fe26bf9","twitninfuser3077","2026-07-22T03:02:04.219Z","70","account_farm_creation_massive","2","3370","3370","3369"
"b495c619-1454-40c4-9ca3-7919c573e999","twitninfuser3078","2026-07-22T03:02:04.219Z","70","account_farm_creation_massive","2","3370","3370","3369"
"5e756930-de8c-4117-b772-0dc69641479c","twitninfuser3079","2026-07-22T03:02:04.219Z","70","account_farm_creation_massive","2","3370","3370","3369"
"d771b2eb-e7b5-4c23-80c2-a451f617ef25","twitninfuser3080","2026-07-22T03:02:04.219Z","70","account_farm_creation_massive","2","3370","3370","3369"
"277ee55d-b0e8-4fc6-8188-f98dc8d8d8eb","twitninfuser3081","2026-07-22T03:02:04.219Z","70","account_farm_creation_massive","2","3370","3370","3369"
"3e43b01e-66d7-4f36-be09-b96f7f95be32","twitninfuser3082","2026-07-22T03:02:04.219Z","70","account_farm_creation_massive","2","3370","3370","3369"
"1f4031c4-fd96-436e-bcac-b86008a10a93","twitninfuser3083","2026-07-22T03:02:04.219Z","70","account_farm_creation_massive","2","3370","3370","3369"
"a25b1970-e86e-48db-9bfb-2fd4e9e364cc","twitninfuser3084","2026-07-22T03:02:04.219Z","70","account_farm_creation_massive","2","3370","3370","3369"
"1f55d189-38e5-478a-b1c3-64712c4ee35d","twitninfuser3085","2026-07-22T03:02:04.219Z","70","account_farm_creation_massive","2","3370","3370","3369"
"59ac32b0-01ae-4dd3-8e59-16c524b0f8e4","twitninfuser3086","2026-07-22T03:02:04.219Z","70","account_farm_creation_massive","2","3370","3370","3369"
"0c062c61-8615-49e4-8d69-8029bcd465da","twitninfuser3087","2026-07-22T03:02:04.219Z","70","account_farm_creation_massive","2","3370","3370","3369"
"095ac8d2-f28e-4525-9b4f-252f0ea95147","twitninfuser3088","2026-07-22T03:02:04.219Z","70","account_farm_creation_massive","2","3370","3370","3369"
"18d45f21-c4a1-4fe9-ab01-f75f7dd8df79","twitninfuser3089","2026-07-22T03:02:04.219Z","70","account_farm_creation_massive","2","3370","3370","3369"
"200304f8-4d63-4ca6-9300-eb20d5028f27","twitninfuser3090","2026-07-22T03:02:04.219Z","70","account_farm_creation_massive","2","3370","3370","3369"
"cb9c2a71-7c8c-4752-8e6b-ec1235d48bcd","twitninfuser3091","2026-07-22T03:02:04.219Z","70","account_farm_creation_massive","2","3370","3370","3369"
"ff40c830-25f8-44ed-a07e-295ad5018fc5","twitninfuser3092","2026-07-22T03:02:04.219Z","70","account_farm_creation_massive","2","3370","3370","3369"
"2730428a-90d2-44ce-91e4-7787cbbb72df","twitninfuser3093","2026-07-22T03:02:04.219Z","70","account_farm_creation_massive","2","3370","3370","3369"
"49e45faa-a397-4718-9af8-fbad1277e03f","twitninfuser3094","2026-07-22T03:02:04.219Z","70","account_farm_creation_massive","2","3370","3370","3369"
"1544d29f-e49a-4d2d-83e4-9ecdd6475a51","twitninfuser3095","2026-07-22T03:02:04.219Z","70","account_farm_creation_massive","2","3370","3370","3369"
"004d2d03-c51b-4b94-a487-0464abf2e589","twitninfuser3096","2026-07-22T03:02:04.219Z","70","account_farm_creation_massive","2","3370","3370","3369"
"30b9b4c7-91fe-4755-97bb-061e32ed2895","twitninfuser3097","2026-07-22T03:02:04.219Z","70","account_farm_creation_massive","2","3370","3370","3369"
"8c96d48c-725b-46a8-a3d5-8b7125090055","twitninfuser3098","2026-07-22T03:02:04.219Z","70","account_farm_creation_massive","2","3370","3370","3369"
"5e1b2eb6-efe9-4fa2-9fa6-d31698f85f20","twitninfuser3099","2026-07-22T03:02:04.219Z","70","account_farm_creation_massive","2","3370","3370","3369"
"01ed3b81-2aad-4e78-a550-184996786c70","twitninfuser3100","2026-07-22T03:02:04.219Z","70","account_farm_creation_massive","2","3370","3370","3369"
"d380df62-c9f1-4dde-a27c-41bd94bafeee","twitninfuser3101","2026-07-22T03:02:04.219Z","70","account_farm_creation_massive","2","3370","3370","3369"
"0dcb4f67-fb3a-4975-8a3c-bedc61384c0f","twitninfuser3102","2026-07-22T03:02:04.219Z","70","account_farm_creation_massive","2","3370","3370","3369"
"f463d11c-b56b-4316-aafb-0e39b985b162","twitninfuser3103","2026-07-22T03:02:04.219Z","70","account_farm_creation_massive","2","3370","3370","3369"
"5712618d-2e31-43a2-8426-72d1a832ed85","twitninfuser3104","2026-07-22T03:02:04.219Z","70","account_farm_creation_massive","2","3370","3370","3369"
"f66bd06a-e5c4-434d-824f-c75298a1cf15","twitninfuser3105","2026-07-22T03:02:04.219Z","70","account_farm_creation_massive","2","3370","3370","3369"
"9d9f6532-0f02-4e1c-b035-1d823d6b44b9","twitninfuser3106","2026-07-22T03:02:04.219Z","70","account_farm_creation_massive","2","3370","3370","3369"
"b6baae48-8b7b-48ab-a5cc-307f53d5e40c","twitninfuser3107","2026-07-22T03:02:04.219Z","70","account_farm_creation_massive","2","3370","3370","3369"
"97c44598-6b02-4a9a-be4f-3c03e9a8aca2","twitninfuser3108","2026-07-22T03:02:04.219Z","70","account_farm_creation_massive","2","3370","3370","3369"
"e55ba0be-7a81-4694-8d1d-2183c20339e3","twitninfuser3109","2026-07-22T03:02:04.219Z","70","account_farm_creation_massive","2","3370","3370","3369"
"ffe18f0e-3dfc-4cc1-8394-3c8874adc5e0","twitninfuser3110","2026-07-22T03:02:04.219Z","70","account_farm_creation_massive","2","3370","3370","3369"
"36e694ef-1794-42a1-9bf9-35024404a4f7","twitninfuser3111","2026-07-22T03:02:04.219Z","70","account_farm_creation_massive","2","3370","3370","3369"
"dc8924cd-9fc4-44f2-8f7e-66d5431229e8","twitninfuser3112","2026-07-22T03:02:04.219Z","70","account_farm_creation_massive","2","3370","3370","3369"
"dd4705ee-e893-4c72-8cba-b8717731feb8","twitninfuser3113","2026-07-22T03:02:04.219Z","70","account_farm_creation_massive","2","3370","3370","3369"
"40b37e8c-56ba-4a91-a3c1-cde354631085","twitninfuser3114","2026-07-22T03:02:04.219Z","70","account_farm_creation_massive","2","3370","3370","3369"
"55841cfa-b58e-4bfc-8418-164e0e2abf87","twitninfuser3115","2026-07-22T03:02:04.219Z","70","account_farm_creation_massive","2","3370","3370","3369"
"84df11c9-15db-403f-820c-5fb7d2695f62","twitninfuser3116","2026-07-22T03:02:04.219Z","70","account_farm_creation_massive","2","3370","3370","3369"
"26e2aa6c-d447-41b4-b6cf-81257b6ce3b1","twitninfuser3117","2026-07-22T03:02:04.219Z","70","account_farm_creation_massive","2","3370","3370","3369"
"f8608358-ab51-4d58-8a8c-d8af6c352c49","twitninfuser3118","2026-07-22T03:02:04.219Z","70","account_farm_creation_massive","2","3370","3370","3369"
"57d1228e-7fea-4be3-963c-f97107573cca","twitninfuser3119","2026-07-22T03:02:04.219Z","70","account_farm_creation_massive","2","3370","3370","3369"
"24e8c6d6-e1db-4a21-abe4-1fed33b92258","twitninfuser3120","2026-07-22T03:02:04.219Z","70","account_farm_creation_massive","2","3370","3370","3369"
"f1070925-8fef-4b90-9048-708fdebffa01","twitninfuser3121","2026-07-22T03:02:04.219Z","70","account_farm_creation_massive","2","3370","3370","3369"
"be1c6bf0-15fd-4b27-9057-fac6b96a6a5e","twitninfuser3122","2026-07-22T03:02:04.219Z","70","account_farm_creation_massive","2","3370","3370","3369"
"34eb2930-cc8d-4313-98c1-6d6aba5ecf9e","twitninfuser3123","2026-07-22T03:02:04.219Z","70","account_farm_creation_massive","2","3370","3370","3369"
"cb94fb8e-2481-4a6e-a199-299346edce38","twitninfuser3124","2026-07-22T03:02:04.219Z","70","account_farm_creation_massive","2","3370","3370","3369"
"234b552f-2003-4c32-8041-6e4bed9a1cd7","twitninfuser3125","2026-07-22T03:02:04.219Z","70","account_farm_creation_massive","2","3370","3370","3369"
"61b31a59-e070-4e69-859b-4a5f8fe87570","twitninfuser3126","2026-07-22T03:02:04.219Z","70","account_farm_creation_massive","2","3370","3370","3369"
"b05ca693-b8a1-4462-aef6-5ceacc48c40b","twitninfuser3127","2026-07-22T03:02:04.219Z","70","account_farm_creation_massive","2","3370","3370","3369"
"d445d01b-628f-4fea-8bc2-90848d1d6b7f","twitninfuser3128","2026-07-22T03:02:04.219Z","70","account_farm_creation_massive","2","3370","3370","3369"
"2b36e00d-1bac-4fac-8abb-c2239bab6505","twitninfuser3129","2026-07-22T03:02:04.219Z","70","account_farm_creation_massive","2","3370","3370","3369"
"62d5ab29-7240-4630-97c4-b8e914624d24","twitninfuser3130","2026-07-22T03:02:04.219Z","70","account_farm_creation_massive","2","3370","3370","3369"
"b194be7f-e7ad-4cdd-b2e0-69b0c00e6185","twitninfuser3131","2026-07-22T03:02:04.219Z","70","account_farm_creation_massive","2","3370","3370","3369"
"b30b6994-7718-43b0-be82-820f6fcc75f9","twitninfuser3132","2026-07-22T03:02:04.219Z","70","account_farm_creation_massive","2","3370","3370","3369"
"5764042e-cc5c-432f-911a-d4289473e213","twitninfuser3133","2026-07-22T03:02:04.219Z","70","account_farm_creation_massive","2","3370","3370","3369"
"617b8976-6b5f-468d-bcc5-f955e3a4e248","twitninfuser3134","2026-07-22T03:02:04.219Z","70","account_farm_creation_massive","2","3370","3370","3369"
"06bdb42d-885d-4624-9132-8f2edb723b39","twitninfuser3135","2026-07-22T03:02:04.219Z","70","account_farm_creation_massive","2","3370","3370","3369"
"6925c539-0c38-4b0b-9d9f-f4eb18fc9266","twitninfuser3136","2026-07-22T03:02:04.219Z","70","account_farm_creation_massive","2","3370","3370","3369"
"435ab47f-943f-47af-b845-a0a838d29124","twitninfuser3137","2026-07-22T03:02:04.219Z","70","account_farm_creation_massive","2","3370","3370","3369"
"e143b9de-a564-4398-9431-07303457e373","twitninfuser3138","2026-07-22T03:02:04.219Z","70","account_farm_creation_massive","2","3370","3370","3369"
"670ce2fa-879a-447a-b500-3ef681a5af76","twitninfuser3139","2026-07-22T03:02:04.219Z","70","account_farm_creation_massive","2","3370","3370","3369"
"3c318dbd-d0e4-438a-accf-35cc2d4a1ce9","twitninfuser3140","2026-07-22T03:02:04.219Z","70","account_farm_creation_massive","2","3370","3370","3369"
"a2af2e32-a8f5-45fc-a101-7dae87957efd","twitninfuser3141","2026-07-22T03:02:04.219Z","70","account_farm_creation_massive","2","3370","3370","3369"
"11e6fd22-1551-4a7b-aa71-5bd00ded1a9f","twitninfuser3142","2026-07-22T03:02:04.219Z","70","account_farm_creation_massive","2","3370","3370","3369"
"0a72dfc0-6081-460a-9d1b-9a6e8f18dbb0","twitninfuser3143","2026-07-22T03:02:04.219Z","70","account_farm_creation_massive","2","3370","3370","3369"
"c2b47856-abf6-4d9f-ab18-47c3e981e41f","twitninfuser3144","2026-07-22T03:02:04.219Z","70","account_farm_creation_massive","2","3370","3370","3369"
"44276999-5d82-4854-b1dd-569e940ee85e","twitninfuser3145","2026-07-22T03:02:04.219Z","70","account_farm_creation_massive","2","3370","3370","3369"
"cb769a9a-5ccf-497e-9d0d-7aafdefeabd5","twitninfuser3146","2026-07-22T03:02:04.219Z","70","account_farm_creation_massive","2","3370","3370","3369"
"e05b35d7-dfd9-40b8-a77e-5f24f104b625","twitninfuser3147","2026-07-22T03:02:04.219Z","70","account_farm_creation_massive","2","3370","3370","3369"
"6480e474-9138-4016-ab41-aaf44f6c4d2f","twitninfuser3148","2026-07-22T03:02:04.219Z","70","account_farm_creation_massive","2","3370","3370","3369"
"78dbbe12-6c74-45f8-b180-2d206b9f86db","twitninfuser3149","2026-07-22T03:02:04.219Z","70","account_farm_creation_massive","2","3370","3370","3369"
"6e5efa90-f219-4aca-8972-d45b3937fd26","twitninfuser3150","2026-07-22T03:02:04.219Z","70","account_farm_creation_massive","2","3370","3370","3369"
"5ad1026d-d233-4dca-886c-38f0ac3405d1","twitninfuser3151","2026-07-22T03:02:04.219Z","70","account_farm_creation_massive","2","3370","3370","3369"
"266d4921-96a0-4c28-8242-885988ee45e3","twitninfuser3152","2026-07-22T03:02:04.219Z","70","account_farm_creation_massive","2","3370","3370","3369"
"c61dc62c-c344-46e1-b6c7-5afd198c43aa","twitninfuser3153","2026-07-22T03:02:04.219Z","70","account_farm_creation_massive","2","3370","3370","3369"
"ffabf573-195b-4fe5-87c1-bca1fb855f34","twitninfuser3154","2026-07-22T03:02:04.219Z","70","account_farm_creation_massive","2","3370","3370","3369"
"0555db50-4cc1-4c2b-821f-2a70f7e0ab02","twitninfuser3155","2026-07-22T03:02:04.219Z","70","account_farm_creation_massive","2","3370","3370","3369"
"cae6a414-b468-4800-8fa8-eab77ff29de3","twitninfuser3156","2026-07-22T03:02:04.219Z","70","account_farm_creation_massive","2","3370","3370","3369"
"1cc6d4cd-77d0-421a-99bc-ddb45f21157f","twitninfuser3157","2026-07-22T03:02:04.219Z","70","account_farm_creation_massive","2","3370","3370","3369"
"c9bb2ddc-f5d5-4f93-a0f9-1eb7cdb80a58","twitninfuser3158","2026-07-22T03:02:04.219Z","70","account_farm_creation_massive","2","3370","3370","3369"
"f38c18ec-f5f7-42b8-b724-17c29cb51fd0","twitninfuser3159","2026-07-22T03:02:04.219Z","70","account_farm_creation_massive","2","3370","3370","3369"
"0709843e-d4d5-4bc5-aaf8-ecfdbd679b2f","twitninfuser3160","2026-07-22T03:02:04.219Z","70","account_farm_creation_massive","2","3370","3370","3369"
"01e8663a-c30a-4176-8951-4d84dbb8bb07","twitninfuser3161","2026-07-22T03:02:04.219Z","70","account_farm_creation_massive","2","3370","3370","3369"
"6f333661-f269-4736-8cd8-4c6aa2d55ba4","twitninfuser3162","2026-07-22T03:02:04.219Z","70","account_farm_creation_massive","2","3370","3370","3369"
"b5c12092-d53a-4852-87b8-90211796daa2","twitninfuser3163","2026-07-22T03:02:04.219Z","70","account_farm_creation_massive","2","3370","3370","3369"
"55b4e24b-deae-41e1-adfe-e7c92f5e40b1","twitninfuser3164","2026-07-22T03:02:04.219Z","70","account_farm_creation_massive","2","3370","3370","3369"
"8b5192b6-e3d3-4688-811f-3057aedd8c91","twitninfuser3165","2026-07-22T03:02:04.219Z","70","account_farm_creation_massive","2","3370","3370","3369"
"abe8dc79-09c0-464a-968a-95dc4ed7afa7","twitninfuser3166","2026-07-22T03:02:04.219Z","70","account_farm_creation_massive","2","3370","3370","3369"
"086fbd10-c7cb-48f2-861c-459e62f73057","twitninfuser3167","2026-07-22T03:02:04.219Z","70","account_farm_creation_massive","2","3370","3370","3369"
"7af0fa3c-aa86-4294-bae6-6ed1e21b837b","twitninfuser3168","2026-07-22T03:02:04.219Z","70","account_farm_creation_massive","2","3370","3370","3369"
"511f8ff5-cf57-4334-a775-eb5311852018","twitninfuser3169","2026-07-22T03:02:04.219Z","70","account_farm_creation_massive","2","3370","3370","3369"
"901b679b-6432-4afd-8041-b3e791d93d50","twitninfuser3170","2026-07-22T03:02:04.219Z","70","account_farm_creation_massive","2","3370","3370","3369"
"ca648858-4697-443f-8f62-7e11ef32edab","twitninfuser3171","2026-07-22T03:02:04.219Z","70","account_farm_creation_massive","2","3370","3370","3369"
"6598ca63-85a2-4429-92d5-5727321454c9","twitninfuser3172","2026-07-22T03:02:04.219Z","70","account_farm_creation_massive","2","3370","3370","3369"
"74c3d5bb-cf8c-4a48-b469-6ce5558f3d55","twitninfuser3173","2026-07-22T03:02:04.219Z","70","account_farm_creation_massive","2","3370","3370","3369"
"ce061f8e-53da-42f3-add2-89ed008c3bb7","twitninfuser3174","2026-07-22T03:02:04.219Z","70","account_farm_creation_massive","2","3370","3370","3369"
"0c85203f-154e-44ec-ae07-5eba98b572d3","twitninfuser3175","2026-07-22T03:02:04.219Z","70","account_farm_creation_massive","2","3370","3370","3369"
"6af807fe-00b6-445c-b285-dd4e923867e0","twitninfuser3176","2026-07-22T03:02:04.219Z","70","account_farm_creation_massive","2","3370","3370","3369"
"74ee9e49-503c-4164-b65d-4fbcfa621bd0","twitninfuser3177","2026-07-22T03:02:04.219Z","70","account_farm_creation_massive","2","3370","3370","3369"
"a5d6b33f-9a2e-44d0-8f15-5ddfc955cbd3","twitninfuser3178","2026-07-22T03:02:04.219Z","70","account_farm_creation_massive","2","3370","3370","3369"
"24c0b5e1-a313-4507-8b92-fe368823bc89","twitninfuser3179","2026-07-22T03:02:04.219Z","70","account_farm_creation_massive","2","3370","3370","3369"
"1ef531a9-e720-4730-a9e3-4112291ae238","twitninfuser3180","2026-07-22T03:02:04.219Z","70","account_farm_creation_massive","2","3370","3370","3369"
"107e4bc6-5bf0-4286-a3d0-159193406708","twitninfuser3181","2026-07-22T03:02:04.219Z","70","account_farm_creation_massive","2","3370","3370","3369"
"b33d4a3a-4aa4-4def-bc36-d27dd8a69939","twitninfuser3182","2026-07-22T03:02:04.219Z","70","account_farm_creation_massive","2","3370","3370","3369"
"f7f3d37a-f080-4db8-84d6-3b0368970809","twitninfuser3183","2026-07-22T03:02:04.219Z","70","account_farm_creation_massive","2","3370","3370","3369"
"b467a93d-c68f-4da6-a65d-7c116c6ac330","twitninfuser3184","2026-07-22T03:02:04.219Z","70","account_farm_creation_massive","2","3370","3370","3369"
"f299c2ae-d7ac-492e-b8fe-a9caf4e1dc6d","twitninfuser3185","2026-07-22T03:02:04.219Z","70","account_farm_creation_massive","2","3370","3370","3369"
"09b9a292-1d7d-4bef-a48b-fab9f00815bb","twitninfuser3186","2026-07-22T03:02:04.219Z","70","account_farm_creation_massive","2","3370","3370","3369"
"c164eeb7-18db-461f-b286-a99a0a7a45d8","twitninfuser3187","2026-07-22T03:02:04.219Z","70","account_farm_creation_massive","2","3370","3370","3369"
"d4b08833-b01b-461e-9bf8-71e664938f7a","twitninfuser3188","2026-07-22T03:02:04.219Z","70","account_farm_creation_massive","2","3370","3370","3369"
"2903e043-c6a6-49e8-92d7-5e6944f1674d","twitninfuser3189","2026-07-22T03:02:04.219Z","70","account_farm_creation_massive","2","3370","3370","3369"
"8c335f81-a76a-4212-b69b-cdee146d73f2","twitninfuser3190","2026-07-22T03:02:04.219Z","70","account_farm_creation_massive","2","3370","3370","3369"
"9798963d-b90e-44bf-90bf-5d92f3b652ad","twitninfuser3191","2026-07-22T03:02:04.219Z","70","account_farm_creation_massive","2","3370","3370","3369"
"1d7b41c3-c955-4e15-9372-fa9e47a894fd","twitninfuser3192","2026-07-22T03:02:04.219Z","70","account_farm_creation_massive","2","3370","3370","3369"
"95c3a5a8-23aa-4f21-890c-8e52ed03be52","twitninfuser3193","2026-07-22T03:02:04.219Z","70","account_farm_creation_massive","2","3370","3370","3369"
"44304de4-b996-4512-bf34-ca898ab1561e","twitninfuser3194","2026-07-22T03:02:04.219Z","70","account_farm_creation_massive","2","3370","3370","3369"
"8f646049-e0c2-4783-a781-c013296eccbc","twitninfuser3195","2026-07-22T03:02:04.219Z","70","account_farm_creation_massive","2","3370","3370","3369"
"fc7a6fd1-5790-49f5-b467-69d095736279","twitninfuser3196","2026-07-22T03:02:04.219Z","70","account_farm_creation_massive","2","3370","3370","3369"
"f9e0af36-5539-46ae-a421-31d7b7f13950","twitninfuser3197","2026-07-22T03:02:04.219Z","70","account_farm_creation_massive","2","3370","3370","3369"
"5680e7b5-4f69-477f-b81c-62942c79fd39","twitninfuser3198","2026-07-22T03:02:04.219Z","70","account_farm_creation_massive","2","3370","3370","3369"
"b7f13c3e-81e7-43a0-928f-88d4da74006a","twitninfuser3199","2026-07-22T03:02:04.219Z","70","account_farm_creation_massive","2","3370","3370","3369"
"9fe7710b-2f7f-41bc-81d3-85ed2fed73de","twitninfuser3200","2026-07-22T03:02:04.219Z","70","account_farm_creation_massive","2","3370","3370","3369"
"1b33ef8b-b3ab-49ba-abae-471aac37e1cf","twitninfuser3201","2026-07-22T03:02:04.219Z","70","account_farm_creation_massive","2","3370","3370","3369"
"815914d5-efda-42ff-9b45-719f68fc1047","twitninfuser3202","2026-07-22T03:02:04.219Z","70","account_farm_creation_massive","2","3370","3370","3369"
"50636901-6257-4598-96f3-323af8c0d9ad","twitninfuser3203","2026-07-22T03:02:04.219Z","70","account_farm_creation_massive","2","3370","3370","3369"
"0e1574fb-20cf-4270-8b29-2aa27fda907d","twitninfuser3204","2026-07-22T03:02:04.219Z","70","account_farm_creation_massive","2","3370","3370","3369"
"efc9b0e3-659f-4eab-9a05-ac9c0e0dcc08","twitninfuser3205","2026-07-22T03:02:04.219Z","70","account_farm_creation_massive","2","3370","3370","3369"
"cc9e0a7a-38b8-4ee1-9e5c-8339b23a91b2","twitninfuser3206","2026-07-22T03:02:04.219Z","70","account_farm_creation_massive","2","3370","3370","3369"
"80eaee43-e6d2-4bd1-aa76-05c29705f793","twitninfuser3207","2026-07-22T03:02:04.219Z","70","account_farm_creation_massive","2","3370","3370","3369"
"12c83a9d-dbda-425f-a708-2dae5672f232","twitninfuser3208","2026-07-22T03:02:04.219Z","70","account_farm_creation_massive","2","3370","3370","3369"
"ccb58a7d-0df3-465c-98af-ead43834d74f","twitninfuser3209","2026-07-22T03:02:04.219Z","70","account_farm_creation_massive","2","3370","3370","3369"
"553b68e0-cee2-4f8a-886b-be65ac025a2c","twitninfuser3210","2026-07-22T03:02:04.219Z","70","account_farm_creation_massive","2","3370","3370","3369"
"c2cef084-24a6-4054-ba4b-39ce11f8cf17","twitninfuser3211","2026-07-22T03:02:04.219Z","70","account_farm_creation_massive","2","3370","3370","3369"
"657e0a54-c0bf-402a-9b08-4ebb56ae783e","twitninfuser3212","2026-07-22T03:02:04.219Z","70","account_farm_creation_massive","2","3370","3370","3369"
"2926d7e6-2310-4f0d-b2f9-fdb8d3a6b239","twitninfuser3213","2026-07-22T03:02:04.219Z","70","account_farm_creation_massive","2","3370","3370","3369"
"71b9c3c5-1a31-4b31-9bdf-d3ef05bc01fe","twitninfuser3214","2026-07-22T03:02:04.219Z","70","account_farm_creation_massive","2","3370","3370","3369"
"871bac5e-3172-47b0-b51b-5d10b52e2c72","twitninfuser3215","2026-07-22T03:02:04.219Z","70","account_farm_creation_massive","2","3370","3370","3369"
"9e447219-58c1-4a89-912c-002529dba978","twitninfuser3216","2026-07-22T03:02:04.219Z","70","account_farm_creation_massive","2","3370","3370","3369"
"7aa26fa2-99d0-4583-ae82-6780184f4fc9","twitninfuser3217","2026-07-22T03:02:04.219Z","70","account_farm_creation_massive","2","3370","3370","3369"
"db5f69c6-2a8e-4ed9-bbd6-5629b8f5f315","twitninfuser3218","2026-07-22T03:02:04.219Z","70","account_farm_creation_massive","2","3370","3370","3369"
"033a1bc5-63e9-4b2e-af08-01b99e7414a2","twitninfuser3219","2026-07-22T03:02:04.219Z","70","account_farm_creation_massive","2","3370","3370","3369"
"77bdb417-a2e1-464e-a5b5-34785e5600ce","twitninfuser3220","2026-07-22T03:02:04.219Z","70","account_farm_creation_massive","2","3370","3370","3369"
"1c907cfa-e51c-4c5d-b8e9-1e95edc55542","twitninfuser3221","2026-07-22T03:02:04.219Z","70","account_farm_creation_massive","2","3370","3370","3369"
"0abea7ab-b313-4e41-a267-6d25f63da36c","twitninfuser3222","2026-07-22T03:02:04.219Z","70","account_farm_creation_massive","2","3370","3370","3369"
"510151a6-99b8-4a23-a82e-32d108ee4f8a","twitninfuser3223","2026-07-22T03:02:04.219Z","70","account_farm_creation_massive","2","3370","3370","3369"
"428f72a5-57d5-475d-bf40-7b31eb0d138a","twitninfuser3224","2026-07-22T03:02:04.219Z","70","account_farm_creation_massive","2","3370","3370","3369"
"36d2f67f-ac1b-4de7-ae53-d055e48cca64","twitninfuser3225","2026-07-22T03:02:04.219Z","70","account_farm_creation_massive","2","3370","3370","3369"
"d1c890eb-173a-4692-b3cb-775dd157691f","twitninfuser3226","2026-07-22T03:02:04.219Z","70","account_farm_creation_massive","2","3370","3370","3369"
"567aac64-330e-4d7b-b1ba-8f55be98c803","twitninfuser3227","2026-07-22T03:02:04.219Z","70","account_farm_creation_massive","2","3370","3370","3369"
"394129b8-2ab5-4762-a3b0-4a81f42559b5","twitninfuser3228","2026-07-22T03:02:04.219Z","70","account_farm_creation_massive","2","3370","3370","3369"
"40c27b9b-3d23-4a61-a1c4-ac20578209d3","twitninfuser3229","2026-07-22T03:02:04.219Z","70","account_farm_creation_massive","2","3370","3370","3369"
"10bbf6e6-07a4-490f-ac7a-ae30a82b22dc","twitninfuser3230","2026-07-22T03:02:04.219Z","70","account_farm_creation_massive","2","3370","3370","3369"
"5585b978-6c18-4c12-828d-fefd5d158c51","twitninfuser3231","2026-07-22T03:02:04.219Z","70","account_farm_creation_massive","2","3370","3370","3369"
"7e849b39-3202-4c8c-8de7-bd7429097c28","twitninfuser3232","2026-07-22T03:02:04.219Z","70","account_farm_creation_massive","2","3370","3370","3369"
"93a9617a-cc0c-4cfb-a8dd-600fb01eff4c","twitninfuser3233","2026-07-22T03:02:04.219Z","70","account_farm_creation_massive","2","3370","3370","3369"
"bfe27256-7468-46fb-bef7-023ef0ed2470","twitninfuser3234","2026-07-22T03:02:04.219Z","70","account_farm_creation_massive","2","3370","3370","3369"
"cb0688af-35ff-4010-a56d-95945c4cec41","twitninfuser3235","2026-07-22T03:02:04.219Z","70","account_farm_creation_massive","2","3370","3370","3369"
"825beab6-b656-4feb-a606-18ddc0518784","twitninfuser3236","2026-07-22T03:02:04.219Z","70","account_farm_creation_massive","2","3370","3370","3369"
"748a3790-7ab6-40e0-9ada-9a93dafe5f27","twitninfuser3237","2026-07-22T03:02:04.219Z","70","account_farm_creation_massive","2","3370","3370","3369"
"61f1054c-de99-4c51-ba30-d8e5747cee41","twitninfuser3238","2026-07-22T03:02:04.219Z","70","account_farm_creation_massive","2","3370","3370","3369"
"61ce3a52-af9f-497d-a893-cc82fb5aa0a0","twitninfuser3239","2026-07-22T03:02:04.219Z","70","account_farm_creation_massive","2","3370","3370","3369"
"baf34449-2099-4fc9-8cca-1285f92ad692","twitninfuser3240","2026-07-22T03:02:04.219Z","70","account_farm_creation_massive","2","3370","3370","3369"
"eb7e796a-9d50-4bfe-8e8b-d0236142c99a","twitninfuser3241","2026-07-22T03:02:04.219Z","70","account_farm_creation_massive","2","3370","3370","3369"
"c189421e-2d7f-49ea-9bb4-f17c155ebfb0","twitninfuser3242","2026-07-22T03:02:04.219Z","70","account_farm_creation_massive","2","3370","3370","3369"
"71ec1db8-c776-4f5a-be1a-36c9eec7f1bd","twitninfuser3243","2026-07-22T03:02:04.219Z","70","account_farm_creation_massive","2","3370","3370","3369"
"367f1663-23b7-4d7a-849d-bbbef7b0a684","twitninfuser3244","2026-07-22T03:02:04.219Z","70","account_farm_creation_massive","2","3370","3370","3369"
"11fe73ca-b18f-49c4-999e-779b253f528c","twitninfuser3245","2026-07-22T03:02:04.219Z","70","account_farm_creation_massive","2","3370","3370","3369"
"61b783cd-6a6c-4feb-aa4f-d5a99cf6da6e","twitninfuser3246","2026-07-22T03:02:04.219Z","70","account_farm_creation_massive","2","3370","3370","3369"
"bc97f4f1-e487-4bca-8b6c-30d9325f4854","twitninfuser3247","2026-07-22T03:02:04.219Z","70","account_farm_creation_massive","2","3370","3370","3369"
"22e59a34-1060-49e7-839a-f1360fff9505","twitninfuser3248","2026-07-22T03:02:04.219Z","70","account_farm_creation_massive","2","3370","3370","3369"
"ed20b4c8-a54a-4cbf-a8b7-20d8e09532d5","twitninfuser3249","2026-07-22T03:02:04.219Z","70","account_farm_creation_massive","2","3370","3370","3369"
"250ecda2-67c7-4538-9716-75b579d027a4","twitninfuser3250","2026-07-22T03:02:04.219Z","70","account_farm_creation_massive","2","3370","3370","3369"
"5ad3d06d-6005-4ffd-b1ed-36e33f12508e","twitninfuser3251","2026-07-22T03:02:04.219Z","70","account_farm_creation_massive","2","3370","3370","3369"
"2dd90f6e-4694-431e-9821-a1095e0adb6d","twitninfuser3252","2026-07-22T03:02:04.219Z","70","account_farm_creation_massive","2","3370","3370","3369"
"51296d0e-c9c0-400b-9643-22ebe377e6e9","twitninfuser3253","2026-07-22T03:02:04.219Z","70","account_farm_creation_massive","2","3370","3370","3369"
"f1b1b76f-78ef-40aa-b60a-d4db2e776cb6","twitninfuser3254","2026-07-22T03:02:04.219Z","70","account_farm_creation_massive","2","3370","3370","3369"
"8da370e6-0434-40ee-89c6-a54bd8a7dd11","twitninfuser3255","2026-07-22T03:02:04.219Z","70","account_farm_creation_massive","2","3370","3370","3369"
"63b6f11c-ae6f-497e-8d32-918bb0647450","twitninfuser3256","2026-07-22T03:02:04.219Z","70","account_farm_creation_massive","2","3370","3370","3369"
"533f15b6-3164-44ed-a416-0a7e34b36bf6","twitninfuser3257","2026-07-22T03:02:04.219Z","70","account_farm_creation_massive","2","3370","3370","3369"
"67a78ddf-29fe-4798-9bfa-4f210ece7f0f","twitninfuser3258","2026-07-22T03:02:04.219Z","70","account_farm_creation_massive","2","3370","3370","3369"
"f532c989-c3e2-4fcb-8fe1-4b6060a75b25","twitninfuser3259","2026-07-22T03:02:04.219Z","70","account_farm_creation_massive","2","3370","3370","3369"
"8d7dc28f-0418-4a95-b379-8b5c46418d99","twitninfuser3260","2026-07-22T03:02:04.219Z","70","account_farm_creation_massive","2","3370","3370","3369"
"f64c34ff-be5e-4cb0-8c06-3ffc566a293c","twitninfuser3261","2026-07-22T03:02:04.219Z","70","account_farm_creation_massive","2","3370","3370","3369"
"80b7a95b-3433-4e2e-a255-d0c5461c31b4","twitninfuser3262","2026-07-22T03:02:04.219Z","70","account_farm_creation_massive","2","3370","3370","3369"
"782e6497-6687-462c-90f6-7a5c35cd327a","twitninfuser3263","2026-07-22T03:02:04.219Z","70","account_farm_creation_massive","2","3370","3370","3369"
"c66566fc-2efd-491f-a896-2f6e66a5bf3b","twitninfuser3264","2026-07-22T03:02:04.219Z","70","account_farm_creation_massive","2","3370","3370","3369"
"fa04f7c4-9751-4e71-883e-708e899fcb6c","twitninfuser3265","2026-07-22T03:02:04.219Z","70","account_farm_creation_massive","2","3370","3370","3369"
"5b1542d6-3a27-43ab-a42c-af30b038d646","twitninfuser3266","2026-07-22T03:02:04.219Z","70","account_farm_creation_massive","2","3370","3370","3369"
"ba424c34-336f-4d74-81f5-07bf3f82b7c5","twitninfuser3267","2026-07-22T03:02:04.219Z","70","account_farm_creation_massive","2","3370","3370","3369"
"3eba2e1e-d68e-4728-9bcb-8d88ef0d156b","twitninfuser3268","2026-07-22T03:02:04.219Z","70","account_farm_creation_massive","2","3370","3370","3369"
"89e88157-222f-4c33-960d-08fcfa77b3f0","twitninfuser3269","2026-07-22T03:02:04.219Z","70","account_farm_creation_massive","2","3370","3370","3369"
"2bb77304-5268-44d9-a75e-ddf7874125a8","twitninfuser3270","2026-07-22T03:02:04.219Z","70","account_farm_creation_massive","2","3370","3370","3369"
"17484dda-974c-4a0e-87ff-0048b8b81057","twitninfuser3271","2026-07-22T03:02:04.219Z","70","account_farm_creation_massive","2","3370","3370","3369"
"57aadad3-7a99-4d39-ad7a-798a6cfc6ace","twitninfuser3272","2026-07-22T03:02:04.219Z","70","account_farm_creation_massive","2","3370","3370","3369"
"616f4cb6-3dc6-4d53-b829-036f5d58509a","twitninfuser3273","2026-07-22T03:02:04.219Z","70","account_farm_creation_massive","2","3370","3370","3369"
"c76abfe3-fe51-471f-9a65-fc83b2298776","twitninfuser3274","2026-07-22T03:02:04.219Z","70","account_farm_creation_massive","2","3370","3370","3369"
"e5ea1e19-3c10-43e1-887a-89f4df367214","twitninfuser3275","2026-07-22T03:02:04.219Z","70","account_farm_creation_massive","2","3370","3370","3369"
"dc8fa731-602c-4803-a5bf-71a108d17408","twitninfuser3276","2026-07-22T03:02:04.219Z","70","account_farm_creation_massive","2","3370","3370","3369"
"f88274b1-7d85-434f-9239-4cce11879559","twitninfuser3277","2026-07-22T03:02:04.219Z","70","account_farm_creation_massive","2","3370","3370","3369"
"b43535e7-6cbc-4b7f-9c39-1ec822c73d9c","twitninfuser3278","2026-07-22T03:02:04.219Z","70","account_farm_creation_massive","2","3370","3370","3369"
"ebef5716-eae1-46ff-b65c-bc9dc94aaca4","twitninfuser3279","2026-07-22T03:02:04.219Z","70","account_farm_creation_massive","2","3370","3370","3369"
"0170f1c1-1983-4330-a932-0ce938b0a722","twitninfuser3280","2026-07-22T03:02:04.219Z","70","account_farm_creation_massive","2","3370","3370","3369"
"81cf6f4a-0aad-46e7-97e5-b692032e7b11","twitninfuser3281","2026-07-22T03:02:04.219Z","70","account_farm_creation_massive","2","3370","3370","3369"
"22c7cb43-a722-4571-aaee-ab3d3489a2ad","twitninfuser3282","2026-07-22T03:02:04.219Z","70","account_farm_creation_massive","2","3370","3370","3369"
"db624cbc-4e4d-46a5-b031-290b12d665f3","twitninfuser3283","2026-07-22T03:02:04.219Z","70","account_farm_creation_massive","2","3370","3370","3369"
"5388be62-f3af-49ea-8a8c-2338e1e803aa","twitninfuser3284","2026-07-22T03:02:04.219Z","70","account_farm_creation_massive","2","3370","3370","3369"
"4a489578-84c1-4a10-a33d-e7937cec90d2","twitninfuser3285","2026-07-22T03:02:04.219Z","70","account_farm_creation_massive","2","3370","3370","3369"
"88233694-5af4-4527-9086-9483ac17faa5","twitninfuser3286","2026-07-22T03:02:04.219Z","70","account_farm_creation_massive","2","3370","3370","3369"
"409ca73b-20ce-4063-a772-50f07e508cda","twitninfuser3287","2026-07-22T03:02:04.219Z","70","account_farm_creation_massive","2","3370","3370","3369"
"63fc1ffd-c93c-425a-9daf-44cc174935b6","twitninfuser3288","2026-07-22T03:02:04.219Z","70","account_farm_creation_massive","2","3370","3370","3369"
"fbecf9bf-26ad-4eac-ae42-b211d615b90b","twitninfuser3289","2026-07-22T03:02:04.219Z","70","account_farm_creation_massive","2","3370","3370","3369"
"63a9c6c3-032e-4544-b526-bb15cf431892","twitninfuser3290","2026-07-22T03:02:04.219Z","70","account_farm_creation_massive","2","3370","3370","3369"
"dc520675-ca0b-45d4-b90b-4d1a256e2aed","twitninfuser3291","2026-07-22T03:02:04.219Z","70","account_farm_creation_massive","2","3370","3370","3369"
"bfd9eccb-2c3a-4ae4-be91-5af154414fa9","twitninfuser3292","2026-07-22T03:02:04.219Z","70","account_farm_creation_massive","2","3370","3370","3369"
"22186f31-b60c-4c27-b43e-853b56164c2d","twitninfuser3293","2026-07-22T03:02:04.219Z","70","account_farm_creation_massive","2","3370","3370","3369"
"b742d5cf-effb-46d0-9cba-5e2c0c4da668","twitninfuser3294","2026-07-22T03:02:04.219Z","70","account_farm_creation_massive","2","3370","3370","3369"
"159fabd1-6b57-46af-8e59-ce045fae65d8","twitninfuser3295","2026-07-22T03:02:04.219Z","70","account_farm_creation_massive","2","3370","3370","3369"
"086dfdd8-8f2d-44b2-ab71-94fbbe271fe0","twitninfuser3296","2026-07-22T03:02:04.219Z","70","account_farm_creation_massive","2","3370","3370","3369"
"75cc5aa1-546e-440e-9238-f8386c055768","twitninfuser3297","2026-07-22T03:02:04.219Z","70","account_farm_creation_massive","2","3370","3370","3369"
"e984838b-ed55-4071-aa3d-e560c763cc1e","twitninfuser3298","2026-07-22T03:02:04.219Z","70","account_farm_creation_massive","2","3370","3370","3369"
"8bf0d80c-751d-424b-87b1-265cb2eebb46","twitninfuser3299","2026-07-22T03:02:04.219Z","70","account_farm_creation_massive","2","3370","3370","3369"
"1ee013f1-f297-4b26-8b04-6135509191a5","twitninfuser3300","2026-07-22T03:02:04.219Z","70","account_farm_creation_massive","2","3370","3370","3369"
"98e813c6-ce73-4daa-b417-f34b7b484988","twitninfuser3301","2026-07-22T03:02:04.219Z","70","account_farm_creation_massive","2","3370","3370","3369"
"11c054ae-135e-4398-b97a-59b1ef10c1db","twitninfuser3302","2026-07-22T03:02:04.219Z","70","account_farm_creation_massive","2","3370","3370","3369"
"e9ee1f08-ba66-4604-a92e-55b03bbf2a24","twitninfuser3303","2026-07-22T03:02:04.219Z","70","account_farm_creation_massive","2","3370","3370","3369"
"94481885-42e5-47ea-b58c-721419210306","twitninfuser3304","2026-07-22T03:02:04.219Z","70","account_farm_creation_massive","2","3370","3370","3369"
"287f467e-c60a-4678-ab29-1e2267542fed","twitninfuser3305","2026-07-22T03:02:04.219Z","70","account_farm_creation_massive","2","3370","3370","3369"
"6304dba4-362d-4ff8-8e86-801a2dd075e8","twitninfuser3306","2026-07-22T03:02:04.219Z","70","account_farm_creation_massive","2","3370","3370","3369"
"02586d1a-c33b-4ff4-b9aa-c5fdd80b95af","twitninfuser3307","2026-07-22T03:02:04.219Z","70","account_farm_creation_massive","2","3370","3370","3369"
"9da91d75-7942-4548-a5a8-c819d1352494","twitninfuser3308","2026-07-22T03:02:04.219Z","70","account_farm_creation_massive","2","3370","3370","3369"
"861807b5-90fd-438e-b3d0-ec0e047a72e6","twitninfuser3309","2026-07-22T03:02:04.220Z","70","account_farm_creation_massive","2","3370","3370","3369"
"d3742c71-a226-4e81-b9d7-0430473d3820","twitninfuser3310","2026-07-22T03:02:04.220Z","70","account_farm_creation_massive","2","3370","3370","3369"
"116131cf-e8e0-4561-be02-3be40afc3f20","twitninfuser3311","2026-07-22T03:02:04.220Z","70","account_farm_creation_massive","2","3370","3370","3369"
"82d284df-6bf0-4294-bb0f-4e3962126fce","twitninfuser3312","2026-07-22T03:02:04.220Z","70","account_farm_creation_massive","2","3370","3370","3369"
"6dec2ae0-2fec-477e-a079-3a97dd99774f","twitninfuser3313","2026-07-22T03:02:04.220Z","70","account_farm_creation_massive","2","3370","3370","3369"
"252f560d-f3fe-4057-8a78-62180bf0eb09","twitninfuser3314","2026-07-22T03:02:04.220Z","70","account_farm_creation_massive","2","3370","3370","3369"
"eb268d26-9ee6-4697-b62c-f3c62ca06b7f","twitninfuser3315","2026-07-22T03:02:04.220Z","70","account_farm_creation_massive","2","3370","3370","3369"
"732eec55-d236-421d-bb55-2273c80049d4","twitninfuser3316","2026-07-22T03:02:04.220Z","70","account_farm_creation_massive","2","3370","3370","3369"
"60cd309a-9fae-4ee4-9f10-416ddeb4f1d7","twitninfuser3317","2026-07-22T03:02:04.220Z","70","account_farm_creation_massive","2","3370","3370","3369"
"071a5611-128a-412e-a2f2-e8d2c67e03d8","twitninfuser3318","2026-07-22T03:02:04.220Z","70","account_farm_creation_massive","2","3370","3370","3369"
"f846548c-76e4-49a8-8cdd-eb3e09e8e629","twitninfuser3319","2026-07-22T03:02:04.220Z","70","account_farm_creation_massive","2","3370","3370","3369"
"7a05c512-ce3b-48e5-9f00-37f3e8b49661","twitninfuser3320","2026-07-22T03:02:04.220Z","70","account_farm_creation_massive","2","3370","3370","3369"
"05695655-c0cf-4bdc-9d88-8d94a957d771","twitninfuser3321","2026-07-22T03:02:04.220Z","70","account_farm_creation_massive","2","3370","3370","3369"
"da4be88b-551f-46ae-83d6-ca14dc4659fd","twitninfuser3322","2026-07-22T03:02:04.220Z","70","account_farm_creation_massive","2","3370","3370","3369"
"20380e82-7628-4000-b0de-5ebd48a82048","twitninfuser3323","2026-07-22T03:02:04.220Z","70","account_farm_creation_massive","2","3370","3370","3369"
"50b83130-3140-497c-a13c-cd72cf0d0b59","twitninfuser3324","2026-07-22T03:02:04.220Z","70","account_farm_creation_massive","2","3370","3370","3369"
"41e87c0a-f2ba-4f53-b44d-2dcfd9467565","twitninfuser3325","2026-07-22T03:02:04.220Z","70","account_farm_creation_massive","2","3370","3370","3369"
"54792ba3-693b-42d8-9ffb-922e4e242fc6","twitninfuser3326","2026-07-22T03:02:04.220Z","70","account_farm_creation_massive","2","3370","3370","3369"
"a6a89295-9ac7-4959-820b-2db35d5beb61","twitninfuser3327","2026-07-22T03:02:04.220Z","70","account_farm_creation_massive","2","3370","3370","3369"
"9987e777-6f94-49cd-9214-552ae685a918","twitninfuser3328","2026-07-22T03:02:04.220Z","70","account_farm_creation_massive","2","3370","3370","3369"
"6beaf10d-c762-4997-b800-3bc4e409e00e","twitninfuser3329","2026-07-22T03:02:04.220Z","70","account_farm_creation_massive","2","3370","3370","3369"
"26b1abd4-f916-478a-b89a-57b5d6475542","twitninfuser3330","2026-07-22T03:02:04.220Z","70","account_farm_creation_massive","2","3370","3370","3369"
"77b91aa1-bc5e-4dba-ba56-74ecf902f3a4","twitninfuser3331","2026-07-22T03:02:04.220Z","70","account_farm_creation_massive","2","3370","3370","3369"
"48ab7f94-2885-4a2f-9200-556e0021a566","twitninfuser3332","2026-07-22T03:02:04.220Z","70","account_farm_creation_massive","2","3370","3370","3369"
"1766c6fd-d172-4cdc-9423-fdbe556d51a1","twitninfuser3333","2026-07-22T03:02:04.220Z","70","account_farm_creation_massive","2","3370","3370","3369"
"cc2c8e9a-1d0b-450b-8556-e12cd53026e2","twitninfuser3334","2026-07-22T03:02:04.220Z","70","account_farm_creation_massive","2","3370","3370","3369"
"85ae43d0-4cbe-439c-9db4-b9fc04b6b1fa","twitninfuser3335","2026-07-22T03:02:04.220Z","70","account_farm_creation_massive","2","3370","3370","3369"
"1d67766b-51cb-46d0-99b6-d303b144dd90","twitninfuser3336","2026-07-22T03:02:04.220Z","70","account_farm_creation_massive","2","3370","3370","3369"
"989b97b6-980f-447e-bd7e-46461257562c","twitninfuser3337","2026-07-22T03:02:04.220Z","70","account_farm_creation_massive","2","3370","3370","3369"
"51e3eab7-f997-4690-84a0-b4ad8ea84617","twitninfuser3338","2026-07-22T03:02:04.220Z","70","account_farm_creation_massive","2","3370","3370","3369"
"66121eb6-8013-4e85-899c-7f7ea7edf2ca","twitninfuser3339","2026-07-22T03:02:04.220Z","70","account_farm_creation_massive","2","3370","3370","3369"
"6fcaabac-ffca-4bc8-a381-251765dbbaf1","twitninfuser3340","2026-07-22T03:02:04.220Z","70","account_farm_creation_massive","2","3370","3370","3369"
"34edebda-8f63-42b7-94d5-bce4ca1eccc3","twitninfuser3341","2026-07-22T03:02:04.220Z","70","account_farm_creation_massive","2","3370","3370","3369"
"7d5fd997-2b23-4421-8b8e-1838dad1d983","twitninfuser3342","2026-07-22T03:02:04.220Z","70","account_farm_creation_massive","2","3370","3370","3369"
"fde1be34-91d5-44e1-b815-4dbd1c5492d0","twitninfuser3343","2026-07-22T03:02:04.220Z","70","account_farm_creation_massive","2","3370","3370","3369"
"e48bd89a-154d-48a8-81d7-41aa67ef6b30","twitninfuser3344","2026-07-22T03:02:04.220Z","70","account_farm_creation_massive","2","3370","3370","3369"
"b3bda2aa-8d08-4d58-93ba-832a4938d6cf","twitninfuser3345","2026-07-22T03:02:04.220Z","70","account_farm_creation_massive","2","3370","3370","3369"
"60f7095c-d3c8-4370-ae5b-eb2a5b89a393","twitninfuser3346","2026-07-22T03:02:04.220Z","70","account_farm_creation_massive","2","3370","3370","3369"
"a93ffcdb-95dc-4bf0-adfa-4b8e25c1e766","twitninfuser3347","2026-07-22T03:02:04.220Z","70","account_farm_creation_massive","2","3370","3370","3369"
"d99db44e-3b59-403a-881a-09c98691c862","twitninfuser3348","2026-07-22T03:02:04.220Z","70","account_farm_creation_massive","2","3370","3370","3369"
"dedf1916-acd8-4e23-9f92-b6ded988585c","twitninfuser3349","2026-07-22T03:02:04.220Z","70","account_farm_creation_massive","2","3370","3370","3369"
"608f6b07-e9fd-44cd-b607-29b3025a0622","twitninfuser3350","2026-07-22T03:02:04.220Z","70","account_farm_creation_massive","2","3370","3370","3369"
"1fbfa343-c71a-48d9-ad96-e63603e82fea","twitninfuser3351","2026-07-22T03:02:04.220Z","70","account_farm_creation_massive","2","3370","3370","3369"
"0725462c-390c-46dd-9956-4232d5c09efc","twitninfuser3352","2026-07-22T03:02:04.220Z","70","account_farm_creation_massive","2","3370","3370","3369"
"11b48d67-5d96-4898-9303-25043f6566f5","twitninfuser3353","2026-07-22T03:02:04.220Z","70","account_farm_creation_massive","2","3370","3370","3369"
"70460e76-f2ce-4f49-b07e-17462be95f4e","twitninfuser3354","2026-07-22T03:02:04.220Z","70","account_farm_creation_massive","2","3370","3370","3369"
"516bcb3a-a7eb-4721-b956-45cbf7e880e7","twitninfuser3355","2026-07-22T03:02:04.220Z","70","account_farm_creation_massive","2","3370","3370","3369"
"09d91026-a563-4526-a47f-172e5942c9e4","twitninfuser3356","2026-07-22T03:02:04.220Z","70","account_farm_creation_massive","2","3370","3370","3369"
"1dcaea95-8c34-445e-85e0-6662fa87ffdc","twitninfuser3357","2026-07-22T03:02:04.220Z","70","account_farm_creation_massive","2","3370","3370","3369"
"3f41a97b-7240-4c03-885b-421d0a29b551","twitninfuser3358","2026-07-22T03:02:04.220Z","70","account_farm_creation_massive","2","3370","3370","3369"
"4c722131-8bdd-45de-ab40-b058635cc2ba","twitninfuser3359","2026-07-22T03:02:04.220Z","70","account_farm_creation_massive","2","3370","3370","3369"
"067a7294-85dd-465f-b2af-b5bb188c7dac","twitninfuser3360","2026-07-22T03:02:04.220Z","70","account_farm_creation_massive","2","3370","3370","3369"
"0cc33856-c0a4-4426-bdf8-efb060e58c03","twitninfuser3361","2026-07-22T03:02:04.220Z","70","account_farm_creation_massive","2","3370","3370","3369"
"c61046bc-41a7-42f4-b150-087f47004ca4","twitninfuser3362","2026-07-22T03:02:04.220Z","70","account_farm_creation_massive","2","3370","3370","3369"
"7feaaf6d-7131-4c14-80c1-5af715951c47","twitninfuser3363","2026-07-22T03:02:04.220Z","70","account_farm_creation_massive","2","3370","3370","3369"
"bd3440e6-7aa3-4cab-9c90-e21772f7a2bf","twitninfuser3364","2026-07-22T03:02:04.220Z","70","account_farm_creation_massive","2","3370","3370","3369"
"c5779529-1c61-440a-836e-37ce8a847c35","twitninfuser3365","2026-07-22T03:02:04.220Z","70","account_farm_creation_massive","2","3370","3370","3369"
"7f3492b6-2ac8-46a8-a6d9-5b305634bc22","twitninfuser3366","2026-07-22T03:02:04.220Z","70","account_farm_creation_massive","2","3370","3370","3369"
"b1af9286-3bf3-48d6-b76e-e5a2dd2e8346","twitninfuser3367","2026-07-22T03:02:04.220Z","70","account_farm_creation_massive","2","3370","3370","3369"
"8fb7fe96-4338-4293-b855-3342e01c7f0b","twitninfuser3368","2026-07-22T03:02:04.220Z","70","account_farm_creation_massive","2","3370","3370","3369"
"ab6de2f5-d5fa-4d25-b44f-27055c5f73a4","twitninfuser3369","2026-07-22T03:02:04.220Z","70","account_farm_creation_massive","0","0","3370","3369"
